Car ID,Year,Engine Size,Mileage,Price,Brand_BMW,Brand_Ford,Brand_Honda,Brand_Mercedes,Brand_Tesla,Brand_Toyota,Fuel Type_Electric,Fuel Type_Hybrid,Fuel Type_Petrol,Transmission_Manual,Model_5 Series,Model_A3,Model_A4,Model_Accord,Model_C-Class,Model_CR-V,Model_Camry,Model_Civic,Model_Corolla,Model_E-Class,Model_Explorer,Model_Fiesta,Model_Fit,Model_Focus,Model_GLA,Model_GLC,Model_Model 3,Model_Model S,Model_Model X,Model_Model Y,Model_Mustang,Model_Prius,Model_Q5,Model_Q7,Model_RAV4,Model_X3,Model_X5,Condition
1.0,0.6335136713611853,-0.8303389040835536,-0.40163219944557255,-0.950813668732438,False,False,False,False,True,False,False,False,True,True,False,False,False,False,False,False,False,False,False,False,False,False,False,False,False,False,False,False,True,False,False,False,False,False,False,False,False,0
2.0,0.9200273920772997,0.6405685010807668,-0.07993327904163332,-1.3890527705162685,True,False,False,False,False,False,True,False,False,True,True,False,False,False,False,False,False,False,False,False,False,False,False,False,False,False,False,False,False,False,False,False,False,False,False,False,False,2
3.0,0.2037430902870139,0.710611710850496,0.3558089182796062,-0.29759622025732646,False,False,False,False,False,False,True,False,False,True,False,False,True,False,False,False,False,False,False,False,False,False,False,False,False,False,False,False,False,False,False,False,False,False,False,False,False,0
4.0,-0.0827706304291004,0.4304388717715777,-0.9251671869849546,1.243644863066505,False,False,False,False,True,False,False,False,False,False,False,False,False,False,False,False,False,False,False,False,False,False,False,False,False,False,False,False,False,True,False,False,False,False,False,False,False,0
5.0,-0.36928435114521474,-0.6202092747743648,0.8255496932315181,0.7737185262677216,False,True,False,False,False,False,False,False,False,True,False,False,False,False,False,False,False,False,False,False,False,False,False,False,False,False,False,False,False,False,True,False,False,False,False,False,False,1
6.0,1.0632842524353567,-0.7602956943138239,1.092637618402205,1.3389514967925271,False,False,False,False,False,False,False,False,False,False,False,False,False,False,False,False,False,False,False,False,False,False,False,False,False,False,False,False,False,False,False,False,False,True,False,False,False,1
7.0,1.206541112793414,0.3603956620018484,-0.16732902214029852,0.4036320234482817,False,False,False,False,False,False,True,False,False,False,False,False,False,False,False,False,False,False,False,False,False,False,False,False,False,False,False,False,False,False,False,False,True,False,False,False,False,2
8.0,0.7767705317192425,1.270957389008332,-0.7624005564060802,-1.2898482088283987,False,False,False,False,True,False,False,True,False,False,False,False,False,False,False,False,False,False,False,False,False,False,False,False,False,False,False,False,False,True,False,False,False,False,False,False,False,0
9.0,1.6363116938675855,1.5511302280872503,-0.3389214429749831,-1.3440325287781205,False,False,True,False,False,False,True,False,False,True,False,False,False,False,False,False,False,True,False,False,False,False,False,False,False,False,False,False,False,False,False,False,False,False,False,False,False,1
10.0,-0.22602749078715756,-1.3906845822413896,-0.17274020716860372,-1.5770415922647503,False,True,False,False,False,False,True,False,False,False,False,False,False,False,False,False,False,False,False,False,True,False,False,False,False,False,False,False,False,False,False,False,False,False,False,False,False,1
11.0,-1.5153392340096719,-1.180554952932201,1.6861890294105595,0.2337554389857306,False,False,False,False,True,False,False,False,False,False,False,False,False,False,False,False,False,False,False,False,False,False,False,False,False,False,True,False,False,False,False,False,False,False,False,False,False,1
12.0,0.7767705317192425,1.5511302280872503,0.22122128898020796,-0.8971911791907825,False,True,False,False,False,False,True,False,False,False,False,False,False,False,False,False,False,False,False,False,False,False,False,False,False,False,False,False,False,False,True,False,False,False,False,False,False,2
13.0,-0.7990549322193862,0.8506981303899552,-0.40698666345680956,0.8173925782830116,False,True,False,False,False,False,False,False,True,False,False,False,False,False,False,False,False,False,False,False,False,True,False,False,False,False,False,False,False,False,False,False,False,False,False,False,False,0
14.0,1.6363116938675855,1.341000598778062,1.2893574497980973,0.6494783609451064,False,False,False,False,False,False,True,False,False,False,False,False,False,False,False,False,False,False,False,False,False,False,False,False,False,False,False,False,False,False,False,False,False,True,False,False,False,1
15.0,0.34699995064507105,-1.040468533392742,-0.9667323482925233,-0.6347712118654122,True,False,False,False,False,False,True,False,False,False,False,False,False,False,False,False,False,False,False,False,False,False,False,False,False,False,False,False,False,False,False,False,False,False,False,True,False,0
16.0,-0.22602749078715756,0.2903524522321188,1.0285542133185654,-1.127726352834834,False,True,False,False,False,False,True,False,False,False,False,False,False,False,False,False,False,False,False,False,False,False,False,False,False,False,False,False,False,False,True,False,False,False,False,False,False,2
17.0,0.7767705317192425,0.710611710850496,-0.15222988739674667,-1.3872747425189755,False,False,False,True,False,False,True,False,False,False,False,False,False,False,False,False,False,False,False,False,False,False,False,False,True,False,False,False,False,False,False,False,False,False,False,False,False,0
18.0,1.4930548335095282,0.6405685010807668,0.48288668491917625,0.8276193605474907,False,False,False,False,False,False,False,True,False,False,False,True,False,False,False,False,False,False,False,False,False,False,False,False,False,False,False,False,False,False,False,False,False,False,False,False,False,1
19.0,-0.0827706304291004,-0.3400364356954468,-0.7175455761085565,-0.17313866695982535,False,False,True,False,False,False,True,False,False,False,False,False,False,False,False,False,False,True,False,False,False,False,False,False,False,False,False,False,False,False,False,False,False,False,False,False,False,0
20.0,-0.9423117925774434,-1.6708574213203076,1.5922590251456388,-0.6158665366575157,True,False,False,False,False,False,False,False,True,False,False,False,False,False,False,False,False,False,False,False,False,False,False,False,False,False,False,False,False,False,False,False,False,False,False,False,True,0
21.0,1.0632842524353567,0.2903524522321188,0.48067456525351687,1.24392798152704,False,False,False,True,False,False,False,False,True,False,False,False,False,False,True,False,False,False,False,False,False,False,False,False,False,False,False,False,False,False,False,False,False,False,False,False,False,2
22.0,1.4930548335095282,-0.8303389040835536,-1.5664776943647238,0.32631644790056785,False,False,False,True,False,False,True,False,False,True,False,False,False,False,False,False,False,False,False,True,False,False,False,False,False,False,False,False,False,False,False,False,False,False,False,False,False,2
23.0,0.06048622992895674,-0.12990680638625834,1.421585484787459,0.06254845480525477,False,False,True,False,False,False,False,False,False,True,False,False,False,False,False,True,False,False,False,False,False,False,False,False,False,False,False,False,False,False,False,False,False,False,False,False,False,0
24.0,1.0632842524353567,1.6211734378569798,0.006997351717072744,0.8487731934347389,True,False,False,False,False,False,False,True,False,False,False,False,False,False,False,False,False,False,False,False,False,False,False,False,False,False,False,False,False,False,False,False,False,False,False,False,True,0
25.0,0.4902568110031282,-0.3400364356954468,0.43394779139274303,1.1006560865382335,False,False,False,False,False,False,True,False,False,False,False,False,False,False,False,False,False,False,False,False,False,False,False,False,False,False,False,False,False,False,False,False,True,False,False,False,False,0
26.0,0.7767705317192425,1.2009141792386029,-1.4964272382855106,0.648861816333901,False,False,False,False,False,True,True,False,False,False,False,False,False,False,False,False,True,False,False,False,False,False,False,False,False,False,False,False,False,False,False,False,False,False,False,False,False,2
27.0,-0.36928435114521474,-1.1105117431624716,0.5617629312541995,-0.20953976926128173,True,False,False,False,False,False,True,False,False,True,False,False,False,False,False,False,False,False,False,False,False,False,False,False,False,False,False,False,False,False,False,False,False,False,False,True,False,2
28.0,1.4930548335095282,0.6405685010807668,0.6160449445884562,-0.4213171514642515,False,False,True,False,False,False,False,False,False,True,False,False,False,True,False,False,False,False,False,False,False,False,False,False,False,False,False,False,False,False,False,False,False,False,False,False,False,0
29.0,-0.655798071861329,1.6912166476267096,-1.503869035724857,0.9474478719338242,False,False,False,True,False,False,False,False,False,True,False,False,False,False,False,False,False,False,False,False,False,False,False,False,False,True,False,False,False,False,False,False,False,False,False,False,False,2
30.0,0.7767705317192425,-1.3906845822413896,0.6534240948363925,0.06221649749225333,False,False,False,False,False,False,False,False,False,False,False,True,False,False,False,False,False,False,False,False,False,False,False,False,False,False,False,False,False,False,False,False,False,False,False,False,False,1
31.0,1.206541112793414,-1.7409006310900372,-0.19649496911676118,0.712746340244071,True,False,False,False,False,False,False,True,False,False,False,False,False,False,False,False,False,False,False,False,False,False,False,False,False,False,False,False,False,False,False,False,False,False,False,False,True,2
32.0,-1.6585960943677291,-0.19995001615598762,0.5268795057572634,1.3616494452784158,False,False,False,False,False,True,False,False,True,False,False,False,False,False,False,False,False,False,True,False,False,False,False,False,False,False,False,False,False,False,False,False,False,False,False,False,False,2
33.0,1.4930548335095282,-1.3906845822413896,-1.1278881019866611,1.4505776514305062,False,False,False,False,False,True,False,True,False,False,False,False,False,False,False,False,False,False,True,False,False,False,False,False,False,False,False,False,False,False,False,False,False,False,False,False,False,2
34.0,-0.655798071861329,0.8506981303899552,1.45168165644384,-0.7756889272815947,False,True,False,False,False,False,False,False,False,True,False,False,False,False,False,False,False,False,False,False,False,True,False,False,False,False,False,False,False,False,False,False,False,False,False,False,False,1
35.0,-0.9423117925774434,1.4810870183175204,1.1642081977388457,-1.0890448800535784,False,True,False,False,False,False,False,False,True,False,False,False,False,False,False,False,False,False,False,False,False,False,False,False,False,False,False,False,False,False,True,False,False,False,False,False,False,1
36.0,-1.0855686529355004,-0.19995001615598762,0.24507814875908815,-0.8329989337891354,False,False,False,False,True,False,False,False,True,True,False,False,False,False,False,False,False,False,False,False,False,False,False,False,False,False,True,False,False,False,False,False,False,False,False,False,False,1
37.0,0.34699995064507105,-0.8303389040835536,-1.4162237201510919,0.8766554044703551,False,False,True,False,False,False,False,False,False,True,False,False,False,False,False,False,False,False,False,False,False,False,True,False,False,False,False,False,False,False,False,False,False,False,False,False,False,0
38.0,1.349797973151471,-0.19995001615598762,1.4986806911865411,-0.4535537317670917,True,False,False,False,False,False,False,False,False,False,True,False,False,False,False,False,False,False,False,False,False,False,False,False,False,False,False,False,False,False,False,False,False,False,False,False,False,0
39.0,0.34699995064507105,0.7806549206202252,0.9015331676960637,-1.1396305477163382,True,False,False,False,False,False,False,True,False,True,False,False,False,False,False,False,False,False,False,False,False,False,False,False,False,False,False,False,False,False,False,False,False,False,False,True,False,1
40.0,-1.5153392340096719,-1.7409006310900372,1.0997617781459696,-1.401280476894182,False,False,False,False,True,False,False,False,False,True,False,False,False,False,False,False,False,False,False,False,False,False,False,False,False,False,False,False,True,False,False,False,False,False,False,False,False,0
41.0,-1.6585960943677291,0.2903524522321188,0.6112690349513147,-0.6026686629997904,False,False,False,True,False,False,False,False,True,True,False,False,False,False,False,False,False,False,False,True,False,False,False,False,False,False,False,False,False,False,False,False,False,False,False,False,False,0
42.0,1.4930548335095282,0.4304388717715777,0.8463095854784751,-1.2695866948245507,False,False,False,True,False,False,True,False,False,True,False,False,False,False,False,False,False,False,False,False,False,False,False,False,True,False,False,False,False,False,False,False,False,False,False,False,False,0
43.0,1.4930548335095282,0.5004820815413076,0.7900763691570728,-1.198989582770945,False,False,False,False,True,False,False,False,False,False,False,False,False,False,False,False,False,False,False,False,False,False,False,False,False,False,False,False,False,True,False,False,False,False,False,False,False,1
46.0,0.7767705317192425,-1.3906845822413896,-0.7066437966280507,-1.3344138453082548,True,False,False,False,False,False,False,True,False,False,True,False,False,False,False,False,False,False,False,False,False,False,False,False,False,False,False,False,False,False,False,False,False,False,False,False,False,1
47.0,0.7767705317192425,-1.040468533392742,1.05008551139765,1.2010628918574826,False,False,False,False,True,False,False,False,False,True,False,False,False,False,False,False,False,False,False,False,False,False,False,False,False,False,False,True,False,False,False,False,False,False,False,False,False,0
48.0,0.6335136713611853,1.341000598778062,1.1336469137425056,1.2029767873390789,True,False,False,False,False,False,False,False,True,False,False,False,False,False,False,False,False,False,False,False,False,False,False,False,False,False,False,False,False,False,False,False,False,False,False,False,True,0
49.0,-0.655798071861329,0.8506981303899552,-1.671627115805732,-0.5959347767101668,False,False,False,False,False,True,False,False,True,False,False,False,False,False,False,False,False,False,False,False,False,False,False,False,False,False,False,False,False,False,False,True,False,False,False,False,False,2
50.0,0.34699995064507105,-1.6708574213203076,-0.43534717199090395,-1.4376738677978806,False,True,False,False,False,False,True,False,False,False,False,False,False,False,False,False,False,False,False,False,True,False,False,False,False,False,False,False,False,False,False,False,False,False,False,False,False,2
51.0,-0.655798071861329,-0.9003821138532828,0.18353584524010338,0.7147843525086262,False,False,False,False,False,False,False,False,False,False,False,False,False,False,False,False,False,False,False,False,False,False,False,False,False,False,False,False,False,False,False,False,True,False,False,False,False,2
52.0,0.6335136713611853,-0.9704253236230124,-0.11920691125964719,-0.48818157979367655,False,True,False,False,False,False,False,True,False,False,False,False,False,False,False,False,False,False,False,False,False,False,False,False,False,False,False,False,False,False,True,False,False,False,False,False,False,2
53.0,-0.0827706304291004,-0.7602956943138239,1.3346321656219255,-1.5858942768906772,False,False,False,False,True,False,False,False,True,True,False,False,False,False,False,False,False,False,False,False,False,False,False,False,False,False,False,True,False,False,False,False,False,False,False,False,False,1
54.0,-0.655798071861329,-0.9003821138532828,-0.02839656293347703,-1.1939195223499155,False,False,False,False,False,False,True,False,False,False,False,False,True,False,False,False,False,False,False,False,False,False,False,False,False,False,False,False,False,False,False,False,False,False,False,False,False,2
55.0,0.2037430902870139,-1.5307710017808487,1.5949702897614983,-1.265824634347007,False,False,False,False,False,True,False,False,False,True,False,False,False,False,False,False,True,False,False,False,False,False,False,False,False,False,False,False,False,False,False,False,False,False,False,False,False,1
56.0,-1.2288255132935577,-0.12990680638625834,1.6419693245041995,0.31062889439533214,False,False,False,False,True,False,False,False,True,True,False,False,False,False,False,False,False,False,False,False,False,False,False,False,False,False,False,True,False,False,False,False,False,False,False,False,False,0
58.0,-1.6585960943677291,0.3603956620018484,-0.8961487146528693,1.0221261494483784,True,False,False,False,False,False,False,False,False,True,True,False,False,False,False,False,False,False,False,False,False,False,False,False,False,False,False,False,False,False,False,False,False,False,False,False,False,0
59.0,0.9200273920772997,0.6405685010807668,-0.49163710932937443,0.16201814169222503,False,False,False,False,False,True,False,False,True,False,False,False,False,False,False,False,False,False,False,False,False,False,False,False,False,False,False,False,False,False,False,True,False,False,False,False,False,0
60.0,0.4902568110031282,-1.4607277920111192,0.6700773854476128,-0.27181334545891084,True,False,False,False,False,False,False,False,True,True,False,False,False,False,False,False,False,False,False,False,False,False,False,False,False,False,False,False,False,False,False,False,False,False,False,False,False,1
61.0,0.2037430902870139,1.6211734378569798,-0.7908518185674837,0.413750111725318,False,False,False,True,False,False,False,False,True,True,False,False,False,False,False,False,False,False,False,False,False,False,False,False,False,True,False,False,False,False,False,False,False,False,False,False,False,2
62.0,1.206541112793414,1.2009141792386029,-0.05359203871516646,-0.19626110953180836,False,False,True,False,False,False,False,False,False,False,False,False,False,True,False,False,False,False,False,False,False,False,False,False,False,False,False,False,False,False,False,False,False,False,False,False,False,1
63.0,0.4902568110031282,1.0608277596991436,-0.3531357298522712,-0.8859828461545636,False,False,True,False,False,False,False,False,False,False,False,False,False,False,False,True,False,False,False,False,False,False,False,False,False,False,False,False,False,False,False,False,False,False,False,False,False,0
64.0,-1.0855686529355004,1.130870969468873,-1.4494962687632913,0.624876064422464,False,False,False,False,False,True,True,False,False,False,False,False,False,False,False,False,True,False,False,False,False,False,False,False,False,False,False,False,False,False,False,False,False,False,False,False,False,2
65.0,-0.5125412115032719,1.5511302280872503,1.4716701428586696,1.3018049593744858,False,False,True,False,False,False,False,True,False,False,False,False,False,False,False,False,False,False,False,False,False,False,True,False,False,False,False,False,False,False,False,False,False,False,False,False,False,0
66.0,-1.5153392340096719,0.15026603269265998,-0.6505580549510257,-0.4437429977721154,False,False,False,False,False,False,False,False,False,True,False,False,True,False,False,False,False,False,False,False,False,False,False,False,False,False,False,False,False,False,False,False,False,False,False,False,False,0
67.0,0.7767705317192425,-1.040468533392742,-0.6952201837905174,1.1912007485441207,False,False,True,False,False,False,False,True,False,False,False,False,False,False,False,True,False,False,False,False,False,False,False,False,False,False,False,False,False,False,False,False,False,False,False,False,False,2
68.0,-0.9423117925774434,0.4304388717715777,0.491882638226191,-0.24067215084709173,True,False,False,False,False,False,False,False,True,True,False,False,False,False,False,False,False,False,False,False,False,False,False,False,False,False,False,False,False,False,False,False,False,False,False,True,False,2
69.0,-0.5125412115032719,0.8506981303899552,0.309343061097346,-0.34444112558873075,True,False,False,False,False,False,False,False,False,True,True,False,False,False,False,False,False,False,False,False,False,False,False,False,False,False,False,False,False,False,False,False,False,False,False,False,False,2
70.0,-1.6585960943677291,0.8506981303899552,0.8092934497397751,-1.6456880878950557,False,False,False,False,True,False,True,False,False,True,False,False,False,False,False,False,False,False,False,False,False,False,False,False,False,False,False,False,True,False,False,False,False,False,False,False,False,1
71.0,-0.5125412115032719,0.0802228229229304,0.784529053687804,0.680976115900868,True,False,False,False,False,False,True,False,False,True,True,False,False,False,False,False,False,False,False,False,False,False,False,False,False,False,False,False,False,False,False,False,False,False,False,False,False,1
72.0,0.4902568110031282,-1.5307710017808487,1.4205077854631634,1.072466888429975,False,False,False,False,True,False,False,True,False,True,False,False,False,False,False,False,False,False,False,False,False,False,False,False,False,False,False,True,False,False,False,False,False,False,False,False,False,0
73.0,0.06048622992895674,-0.4100796454651764,1.1780708143103111,0.5703142531920283,True,False,False,False,False,False,False,False,True,True,False,False,False,False,False,False,False,False,False,False,False,False,False,False,False,False,False,False,False,False,False,False,False,False,False,False,True,2
74.0,-0.5125412115032719,1.4810870183175204,-0.23562112669039775,-1.2164760952102447,False,False,False,False,False,False,False,True,False,False,False,True,False,False,False,False,False,False,False,False,False,False,False,False,False,False,False,False,False,False,False,False,False,False,False,False,False,0
75.0,1.206541112793414,0.2903524522321188,-1.3579598914186484,-1.3841589706154172,False,False,False,False,True,False,False,False,True,True,False,False,False,False,False,False,False,False,False,False,False,False,False,False,False,False,False,True,False,False,False,False,False,False,False,False,False,0
76.0,0.06048622992895674,0.15026603269265998,-1.538820526442275,0.2539145015622255,False,True,False,False,False,False,True,False,False,True,False,False,False,False,False,False,False,False,False,False,False,True,False,False,False,False,False,False,False,False,False,False,False,False,False,False,False,0
77.0,-0.5125412115032719,-0.8303389040835536,-0.07696109774726023,-0.3438120958573465,False,False,False,True,False,False,False,True,False,True,False,False,False,False,False,False,False,False,False,False,False,False,False,False,False,True,False,False,False,False,False,False,False,False,False,False,False,0
78.0,-0.22602749078715756,-0.48012285523490594,0.2663712185664862,-0.24759404835823834,False,False,False,False,False,True,True,False,False,False,False,False,False,False,False,False,False,False,False,False,False,False,False,False,False,False,False,False,False,False,False,False,False,False,True,False,False,0
79.0,-1.2288255132935577,1.4110438085477912,0.13264574872652443,1.6316636705575274,True,False,False,False,False,False,True,False,False,False,False,False,False,False,False,False,False,False,False,False,False,False,False,False,False,False,False,False,False,False,False,False,False,False,False,False,True,2
80.0,-1.5153392340096719,0.5705252913110368,-1.4580157655269332,0.7808993064178789,False,False,True,False,False,False,False,False,True,True,False,False,False,False,False,False,False,False,False,False,False,False,True,False,False,False,False,False,False,False,False,False,False,False,False,False,False,1
81.0,-0.9423117925774434,0.9907845499294143,-0.15958093120878394,-0.30797980094288063,True,False,False,False,False,False,False,True,False,False,True,False,False,False,False,False,False,False,False,False,False,False,False,False,False,False,False,False,False,False,False,False,False,False,False,False,False,2
82.0,0.2037430902870139,-0.12990680638625834,0.10469363151532103,-1.6778695867853404,False,False,True,False,False,False,False,True,False,True,False,False,False,False,False,True,False,False,False,False,False,False,False,False,False,False,False,False,False,False,False,False,False,False,False,False,False,2
83.0,-1.2288255132935577,0.5004820815413076,1.5199397283836982,-1.6255547299777537,False,False,False,True,False,False,True,False,False,False,False,False,False,False,False,False,False,False,False,False,False,False,False,False,False,True,False,False,False,False,False,False,False,False,False,False,False,2
84.0,-0.9423117925774434,-0.9003821138532828,0.1151756754695223,0.6444332707644357,False,False,False,True,False,False,True,False,False,True,False,False,False,False,False,False,False,False,False,True,False,False,False,False,False,False,False,False,False,False,False,False,False,False,False,False,False,1
85.0,0.9200273920772997,0.710611710850496,-1.040900750210887,1.1779455902173377,False,False,False,True,False,False,False,False,True,False,False,False,False,False,False,False,False,False,False,False,False,False,False,False,False,True,False,False,False,False,False,False,False,False,False,False,False,1
86.0,-0.9423117925774434,-0.26999322592571723,1.3494136626698956,0.7243160073466547,False,False,True,False,False,False,False,False,False,False,False,False,False,False,False,False,False,False,False,False,False,False,True,False,False,False,False,False,False,False,False,False,False,False,False,False,False,1
87.0,-1.5153392340096719,-0.19995001615598762,1.1352464464238285,-0.32856188876780196,True,False,False,False,False,False,False,False,False,False,False,False,False,False,False,False,False,False,False,False,False,False,False,False,False,False,False,False,False,False,False,False,False,False,False,True,False,2
88.0,0.7767705317192425,0.5004820815413076,-1.0748652952313182,-1.6358802915754156,False,False,False,True,False,False,True,False,False,True,False,False,False,False,True,False,False,False,False,False,False,False,False,False,False,False,False,False,False,False,False,False,False,False,False,False,False,1
89.0,0.06048622992895674,1.5511302280872503,-1.078540817137337,1.6302730484952082,False,False,False,False,False,False,False,False,False,True,False,True,False,False,False,False,False,False,False,False,False,False,False,False,False,False,False,False,False,False,False,False,False,False,False,False,False,0
90.0,-0.5125412115032719,-1.5307710017808487,0.6820455200490005,1.6963259440129814,False,False,False,False,True,False,False,False,False,True,False,False,False,False,False,False,False,False,False,False,False,False,False,False,False,False,False,True,False,False,False,False,False,False,False,False,False,1
91.0,1.4930548335095282,1.130870969468873,-1.3653222794340991,0.1719551957266621,False,False,True,False,False,False,False,False,False,False,False,False,False,False,False,True,False,False,False,False,False,False,False,False,False,False,False,False,False,False,False,False,False,False,False,False,False,2
92.0,0.9200273920772997,-0.6902524845440944,-1.0908379336377203,-1.497962309887008,False,False,True,False,False,False,False,False,False,False,False,False,False,False,False,True,False,False,False,False,False,False,False,False,False,False,False,False,False,False,False,False,False,False,False,False,False,2
93.0,0.06048622992895674,-0.19995001615598762,1.0033247049266352,0.14267979216280796,True,False,False,False,False,False,True,False,False,True,False,False,False,False,False,False,False,False,False,False,False,False,False,False,False,False,False,False,False,False,False,False,False,False,False,False,False,0
95.0,-1.6585960943677291,-0.6902524845440944,0.27976872279799236,0.6276249941184027,False,False,True,False,False,False,False,False,False,True,False,False,False,False,False,False,False,False,False,False,False,False,True,False,False,False,False,False,False,False,False,False,False,False,False,False,False,1
96.0,1.6363116938675855,0.010179613153200814,-0.5819369685019309,0.7671777921314591,False,False,False,True,False,False,False,False,True,True,False,False,False,False,True,False,False,False,False,False,False,False,False,False,False,False,False,False,False,False,False,False,False,False,False,False,False,0
98.0,-0.7990549322193862,0.010179613153200814,-1.3351353541504092,-1.372932277108346,False,False,False,True,False,False,False,True,False,True,False,False,False,False,False,False,False,False,False,True,False,False,False,False,False,False,False,False,False,False,False,False,False,False,False,False,False,2
99.0,1.206541112793414,1.4810870183175204,-0.29446350979693675,-1.3002424385870466,False,False,False,False,True,False,False,True,False,False,False,False,False,False,False,False,False,False,False,False,False,False,False,False,False,False,True,False,False,False,False,False,False,False,False,False,False,1
100.0,0.34699995064507105,-1.3906845822413896,-1.3712212652091909,1.410411918185587,False,False,False,False,True,False,False,False,True,False,False,False,False,False,False,False,False,False,False,False,False,False,False,False,False,False,True,False,False,False,False,False,False,False,False,False,False,1
101.0,-1.6585960943677291,0.9207413401596845,0.0973539319066974,0.08992391684535977,False,False,False,True,False,False,False,False,True,False,False,False,False,False,False,False,False,False,False,False,False,False,False,False,True,False,False,False,False,False,False,False,False,False,False,False,False,1
102.0,-0.0827706304291004,-0.3400364356954468,1.0491666309211454,1.0169040643286964,False,False,False,False,True,False,True,False,False,True,False,False,False,False,False,False,False,False,False,False,False,False,False,False,False,False,False,True,False,False,False,False,False,False,False,False,False,1
103.0,-0.7990549322193862,0.5705252913110368,0.17008161999152902,-1.342304808470962,True,False,False,False,False,False,False,True,False,False,False,False,False,False,False,False,False,False,False,False,False,False,False,False,False,False,False,False,False,False,False,False,False,False,False,False,True,1
104.0,0.34699995064507105,-0.8303389040835536,-0.08896326495888897,1.4915747467955969,False,False,False,False,False,True,False,False,False,True,False,False,False,False,False,False,True,False,False,False,False,False,False,False,False,False,False,False,False,False,False,False,False,False,False,False,False,2
105.0,1.206541112793414,-1.180554952932201,-0.912348237127544,1.1200484158519555,False,False,False,True,False,False,False,False,True,True,False,False,False,False,False,False,False,False,False,False,False,False,False,False,False,True,False,False,False,False,False,False,False,False,False,False,False,2
106.0,0.9200273920772997,-1.180554952932201,1.6554008613459466,-0.9604099524278648,False,False,False,False,False,False,False,True,False,True,False,False,True,False,False,False,False,False,False,False,False,False,False,False,False,False,False,False,False,False,False,False,False,False,False,False,False,2
107.0,-1.6585960943677291,-1.4607277920111192,0.8845282067790207,1.3050782641179532,False,False,False,False,False,False,True,False,False,True,False,False,False,False,False,False,False,False,False,False,False,False,False,False,False,False,False,False,False,False,False,False,False,True,False,False,False,2
108.0,0.6335136713611853,-1.1105117431624716,1.4694920558032512,-0.8254799537658866,False,False,True,False,False,False,False,False,False,True,False,False,False,True,False,False,False,False,False,False,False,False,False,False,False,False,False,False,False,False,False,False,False,False,False,False,False,0
109.0,0.6335136713611853,0.5705252913110368,-0.24528638799881713,-1.028171106153694,False,False,False,False,True,False,True,False,False,True,False,False,False,False,False,False,False,False,False,False,False,False,False,False,False,False,True,False,False,False,False,False,False,False,False,False,False,2
110.0,-1.3720823736516148,1.341000598778062,-0.6044892448882427,-0.8226851228928185,False,False,False,False,False,False,False,False,True,False,False,False,False,False,False,False,False,False,False,False,False,False,False,False,False,False,False,False,False,False,False,False,True,False,False,False,False,0
111.0,-0.0827706304291004,1.130870969468873,0.28026786774819246,1.4298714468226261,False,False,True,False,False,False,False,True,False,False,False,False,False,True,False,False,False,False,False,False,False,False,False,False,False,False,False,False,False,False,False,False,False,False,False,False,False,2
113.0,-0.22602749078715756,-1.32064137247166,1.0818492809558358,-0.5967988204684547,True,False,False,False,False,False,False,True,False,False,False,False,False,False,False,False,False,False,False,False,False,False,False,False,False,False,False,False,False,False,False,False,False,False,False,False,True,1
114.0,-1.3720823736516148,-0.7602956943138239,-1.584197340096826,0.7164026444095083,True,False,False,False,False,False,False,True,False,True,False,False,False,False,False,False,False,False,False,False,False,False,False,False,False,False,False,False,False,False,False,False,False,False,False,False,False,1
115.0,-0.655798071861329,-0.6902524845440944,0.2039780997914786,0.6128330643813203,True,False,False,False,False,False,False,False,False,True,True,False,False,False,False,False,False,False,False,False,False,False,False,False,False,False,False,False,False,False,False,False,False,False,False,False,False,0
116.0,0.2037430902870139,-0.9003821138532828,1.3897423058053777,1.0691880755452519,False,False,False,False,False,False,False,False,False,False,False,True,False,False,False,False,False,False,False,False,False,False,False,False,False,False,False,False,False,False,False,False,False,False,False,False,False,2
117.0,0.2037430902870139,0.0802228229229304,0.6609793343098752,-0.7101269907543997,False,False,False,False,False,True,True,False,False,False,False,False,False,False,False,False,True,False,False,False,False,False,False,False,False,False,False,False,False,False,False,False,False,False,False,False,False,2
118.0,-0.36928435114521474,0.15026603269265998,-0.1840617221754142,0.03511570809609208,False,False,False,False,False,False,False,False,False,False,False,False,False,False,False,False,False,False,False,False,False,False,False,False,False,False,False,False,False,False,False,False,True,False,False,False,False,0
119.0,-1.5153392340096719,-0.48012285523490594,1.164140132518364,0.5846765479111776,False,False,False,False,True,False,False,False,True,False,False,False,False,False,False,False,False,False,False,False,False,False,False,False,False,False,True,False,False,False,False,False,False,False,False,False,False,0
120.0,0.2037430902870139,-0.48012285523490594,1.5207678552328938,-1.6529004480550784,False,False,False,False,False,False,False,False,True,False,False,False,False,False,False,False,False,False,False,False,False,False,False,False,False,False,False,False,False,False,False,False,True,False,False,False,False,0
121.0,-0.5125412115032719,1.130870969468873,0.5377472526275284,-0.43024805169600727,False,False,False,False,False,True,False,True,False,False,False,False,False,False,False,False,True,False,False,False,False,False,False,False,False,False,False,False,False,False,False,False,False,False,False,False,False,0
122.0,-1.3720823736516148,0.9907845499294143,-0.10160070756168141,0.683101891216095,False,False,False,False,False,True,False,False,True,False,False,False,False,False,False,False,False,False,False,False,False,False,False,False,False,False,False,False,False,False,False,True,False,False,False,False,False,0
123.0,1.206541112793414,-0.6902524845440944,0.5324268212265323,-0.863321985819796,False,False,False,False,True,False,True,False,False,False,False,False,False,False,False,False,False,False,False,False,False,False,False,False,False,False,False,True,False,False,False,False,False,False,False,False,False,1
124.0,-0.655798071861329,1.4810870183175204,0.3440449793396639,1.5964435137412618,False,False,False,False,False,True,False,False,False,True,False,False,False,False,False,False,False,False,True,False,False,False,False,False,False,False,False,False,False,False,False,False,False,False,False,False,False,2
125.0,0.4902568110031282,1.6211734378569798,-1.4666373601212979,-1.6392795491489267,False,False,False,False,False,True,False,False,False,True,False,False,False,False,False,False,False,False,True,False,False,False,False,False,False,False,False,False,False,False,False,False,False,False,False,False,False,0
126.0,-1.5153392340096719,-0.6202092747743648,0.33755609498706307,1.5977797888098593,True,False,False,False,False,False,False,False,False,True,False,False,False,False,False,False,False,False,False,False,False,False,False,False,False,False,False,False,False,False,False,False,False,False,False,True,False,1
127.0,-0.9423117925774434,-0.48012285523490594,-1.1737867489982394,-0.9883186025415074,False,False,False,False,True,False,False,False,True,True,False,False,False,False,False,False,False,False,False,False,False,False,False,False,False,False,False,False,True,False,False,False,False,False,False,False,False,0
128.0,1.206541112793414,0.010179613153200814,0.10421717497194824,-1.5741821325342835,False,True,False,False,False,False,False,False,False,False,False,False,False,False,False,False,False,False,False,False,False,False,False,False,False,False,False,False,False,False,True,False,False,False,False,False,False,1
129.0,-0.0827706304291004,1.5511302280872503,-0.7159800760374745,-0.7242046981753455,False,True,False,False,False,False,False,True,False,True,False,False,False,False,False,False,False,False,False,False,True,False,False,False,False,False,False,False,False,False,False,False,False,False,False,False,False,0
130.0,-1.0855686529355004,1.341000598778062,1.3750969391983714,0.9984404076306612,False,False,False,False,False,True,False,True,False,False,False,False,False,False,False,False,False,False,True,False,False,False,False,False,False,False,False,False,False,False,False,False,False,False,False,False,False,2
131.0,-1.5153392340096719,-1.3906845822413896,-0.7603472555882118,0.8803888226133697,False,True,False,False,False,False,False,True,False,True,False,False,False,False,False,False,False,False,False,False,True,False,False,False,False,False,False,False,False,False,False,False,False,False,False,False,False,0
132.0,0.4902568110031282,-0.3400364356954468,-0.26888233109918364,-1.01595955699013,False,True,False,False,False,False,False,False,True,False,False,False,False,False,False,False,False,False,False,False,False,False,False,True,False,False,False,False,False,False,False,False,False,False,False,False,False,0
133.0,-1.0855686529355004,0.22030924246238925,-1.6053883120735013,-1.0579969566336866,False,False,False,False,False,True,False,False,False,False,False,False,False,False,False,False,False,False,False,False,False,False,False,False,False,False,False,False,False,False,False,False,False,False,True,False,False,2
134.0,0.34699995064507105,0.010179613153200814,-0.7968529021732981,0.4971360261460696,False,True,False,False,False,False,False,False,True,True,False,False,False,False,False,False,False,False,False,False,False,False,False,True,False,False,False,False,False,False,False,False,False,False,False,False,False,2
136.0,-1.2288255132935577,1.270957389008332,-1.4104381764101366,1.0193981506892111,False,False,True,False,False,False,True,False,False,False,False,False,False,True,False,False,False,False,False,False,False,False,False,False,False,False,False,False,False,False,False,False,False,False,False,False,False,2
137.0,0.34699995064507105,0.6405685010807668,0.616487368521588,-1.6603103668814672,False,False,False,False,True,False,True,False,False,False,False,False,False,False,False,False,False,False,False,False,False,False,False,False,False,False,True,False,False,False,False,False,False,False,False,False,False,2
138.0,-0.22602749078715756,1.2009141792386029,-1.1327320768442846,0.3849182971372443,False,False,True,False,False,False,False,False,True,False,False,False,False,True,False,False,False,False,False,False,False,False,False,False,False,False,False,False,False,False,False,False,False,False,False,False,False,1
139.0,0.4902568110031282,1.270957389008332,-1.3565758986021845,0.8044444070288715,False,False,False,False,False,True,False,True,False,True,False,False,False,False,False,False,False,False,True,False,False,False,False,False,False,False,False,False,False,False,False,False,False,False,False,False,False,2
140.0,1.4930548335095282,0.8506981303899552,-0.6621745192465907,1.7209197947190316,True,False,False,False,False,False,False,False,True,True,False,False,False,False,False,False,False,False,False,False,False,False,False,False,False,False,False,False,False,False,False,False,False,False,False,False,False,2
141.0,-0.9423117925774434,-0.19995001615598762,-0.27706150176041644,0.623425587225168,False,False,False,False,True,False,False,True,False,False,False,False,False,False,False,False,False,False,False,False,False,False,False,False,False,False,True,False,False,False,False,False,False,False,False,False,False,0
142.0,0.2037430902870139,0.4304388717715777,-0.04951946968967051,-0.9357077749437888,False,False,False,False,False,True,False,False,False,True,False,False,False,False,False,False,False,False,False,False,False,False,False,False,False,False,False,False,False,False,False,True,False,False,False,False,False,0
143.0,0.7767705317192425,-1.180554952932201,0.464418321761774,-1.367090709702122,True,False,False,False,False,False,False,True,False,False,True,False,False,False,False,False,False,False,False,False,False,False,False,False,False,False,False,False,False,False,False,False,False,False,False,False,False,1
144.0,-0.0827706304291004,0.6405685010807668,1.1151218295680352,0.4913341173568857,False,False,True,False,False,False,False,True,False,True,False,False,False,False,False,False,False,False,False,False,False,False,True,False,False,False,False,False,False,False,False,False,False,False,False,False,False,0
145.0,-0.22602749078715756,-1.1105117431624716,-1.533556816058347,0.08062140068356254,False,False,False,False,False,True,False,False,False,True,False,False,False,False,False,False,True,False,False,False,False,False,False,False,False,False,False,False,False,False,False,False,False,False,False,False,False,2
146.0,0.06048622992895674,0.710611710850496,-0.14883797057606898,1.3921616101588503,False,False,False,False,True,False,True,False,False,True,False,False,False,False,False,False,False,False,False,False,False,False,False,False,False,False,False,False,False,True,False,False,False,False,False,False,False,2
147.0,1.206541112793414,-0.9704253236230124,0.00801833002430014,0.7902671858559087,False,False,False,False,True,False,False,False,False,True,False,False,False,False,False,False,False,False,False,False,False,False,False,False,False,False,True,False,False,False,False,False,False,False,False,False,False,2
148.0,1.4930548335095282,-1.32064137247166,0.7956690614399963,0.033733899059781844,False,False,False,True,False,False,False,False,True,True,False,False,False,False,False,False,False,False,False,True,False,False,False,False,False,False,False,False,False,False,False,False,False,False,False,False,False,0
149.0,-0.22602749078715756,-1.180554952932201,-1.4617593526534336,-0.3365795391793867,False,False,False,False,False,False,False,False,True,False,False,False,False,False,False,False,False,False,False,False,False,False,False,False,False,False,False,False,False,False,False,False,False,True,False,False,False,2
150.0,1.4930548335095282,-1.7409006310900372,-0.021442566240917088,-0.33384015692829105,False,True,False,False,False,False,False,False,True,False,False,False,False,False,False,False,False,False,False,False,False,False,False,True,False,False,False,False,False,False,False,False,False,False,False,False,False,2
151.0,0.4902568110031282,0.7806549206202252,1.0549862072723415,-0.95503694423778,True,False,False,False,False,False,False,False,True,True,False,False,False,False,False,False,False,False,False,False,False,False,False,False,False,False,False,False,False,False,False,False,False,False,False,False,False,1
152.0,0.34699995064507105,0.8506981303899552,1.1999991595088728,-1.6840555966247448,False,False,False,True,False,False,False,False,True,False,False,False,False,False,False,False,False,False,False,False,False,False,False,False,True,False,False,False,False,False,False,False,False,False,False,False,False,1
153.0,1.206541112793414,0.0802228229229304,0.961804920432721,0.2610725147285269,False,True,False,False,False,False,True,False,False,False,False,False,False,False,False,False,False,False,False,False,False,False,False,False,False,False,False,False,False,False,True,False,False,False,False,False,False,1
154.0,0.34699995064507105,-1.180554952932201,-1.1383247691272078,-1.0034905940252232,False,True,False,False,False,False,True,False,False,True,False,False,False,False,False,False,False,False,False,False,False,False,False,False,False,False,False,False,False,False,True,False,False,False,False,False,False,0
155.0,-1.2288255132935577,-1.4607277920111192,0.3557181646522971,-1.0177508045264363,False,False,False,False,False,True,False,True,False,False,False,False,False,False,False,False,True,False,False,False,False,False,False,False,False,False,False,False,False,False,False,False,False,False,False,False,False,2
156.0,-0.22602749078715756,-1.6708574213203076,0.7346032144643843,-1.3071059498008843,False,True,False,False,False,False,False,False,True,True,False,False,False,False,False,False,False,False,False,False,False,False,False,False,False,False,False,False,False,False,True,False,False,False,False,False,False,2
157.0,0.9200273920772997,-1.180554952932201,1.4727932189966197,-1.0830953530787455,False,False,False,False,False,False,False,False,False,False,False,True,False,False,False,False,False,False,False,False,False,False,False,False,False,False,False,False,False,False,False,False,False,False,False,False,False,2
158.0,0.34699995064507105,1.4110438085477912,1.458975979238809,-1.6336010227238673,False,False,False,False,True,False,False,False,True,False,False,False,False,False,False,False,False,False,False,False,False,False,False,False,False,False,True,False,False,False,False,False,False,False,False,False,False,1
159.0,-1.2288255132935577,-0.9003821138532828,1.2022566559881867,0.607552225754912,False,False,False,True,False,False,True,False,False,False,False,False,False,False,True,False,False,False,False,False,False,False,False,False,False,False,False,False,False,False,False,False,False,False,False,False,False,2
160.0,1.206541112793414,-0.48012285523490594,1.2909910150896613,-0.34422740970801524,False,True,False,False,False,False,False,False,True,False,False,False,False,False,False,False,False,False,False,False,False,True,False,False,False,False,False,False,False,False,False,False,False,False,False,False,False,2
161.0,0.06048622992895674,-1.3906845822413896,1.621005236595797,0.21437559479218818,False,False,False,False,False,True,True,False,False,False,False,False,False,False,False,False,True,False,False,False,False,False,False,False,False,False,False,False,False,False,False,False,False,False,False,False,False,2
162.0,1.349797973151471,-0.9704253236230124,0.10349114595347543,0.47752263676329193,False,False,False,False,False,False,False,True,False,False,False,False,True,False,False,False,False,False,False,False,False,False,False,False,False,False,False,False,False,False,False,False,False,False,False,False,False,2
163.0,0.9200273920772997,0.0802228229229304,1.2312410957100313,1.6480048568250887,False,False,True,False,False,False,False,True,False,False,False,False,False,False,False,False,False,True,False,False,False,False,False,False,False,False,False,False,False,False,False,False,False,False,False,False,False,2
164.0,-1.5153392340096719,0.3603956620018484,-0.27832070833933026,-1.506352310647468,False,False,False,False,True,False,False,True,False,True,False,False,False,False,False,False,False,False,False,False,False,False,False,False,False,False,False,False,False,True,False,False,False,False,False,False,False,0
165.0,0.2037430902870139,-0.9003821138532828,-0.8702045214458797,-0.28659572775115044,False,False,False,False,True,False,True,False,False,True,False,False,False,False,False,False,False,False,False,False,False,False,False,False,False,False,True,False,False,False,False,False,False,False,False,False,False,2
166.0,-1.2288255132935577,-1.5307710017808487,-0.04225917950494235,-0.8866849505599382,False,False,False,True,False,False,False,False,True,True,False,False,False,False,False,False,False,False,False,True,False,False,False,False,False,False,False,False,False,False,False,False,False,False,False,False,False,0
167.0,0.4902568110031282,-0.3400364356954468,0.8559861909903081,-0.08149274391224438,False,False,False,False,True,False,False,False,True,True,False,False,False,False,False,False,False,False,False,False,False,False,False,False,False,False,False,False,False,True,False,False,False,False,False,False,False,2
168.0,1.206541112793414,-0.9003821138532828,0.09636698620971092,1.4665608085164565,False,True,False,False,False,False,False,False,False,False,False,False,False,False,False,False,False,False,False,False,True,False,False,False,False,False,False,False,False,False,False,False,False,False,False,False,False,0
170.0,0.2037430902870139,1.6211734378569798,0.9651060836260896,0.5647069653938742,False,False,False,False,True,False,False,False,False,False,False,False,False,False,False,False,False,False,False,False,False,False,False,False,False,False,False,False,False,True,False,False,False,False,False,False,False,2
172.0,-1.3720823736516148,0.22030924246238925,0.5574748223638445,0.5966718107281069,False,False,True,False,False,False,False,False,True,True,False,False,False,False,False,True,False,False,False,False,False,False,False,False,False,False,False,False,False,False,False,False,False,False,False,False,False,2
173.0,-0.655798071861329,-0.26999322592571723,-1.061127464897403,-1.6315560334803885,False,False,True,False,False,False,True,False,False,True,False,False,False,False,False,True,False,False,False,False,False,False,False,False,False,False,False,False,False,False,False,False,False,False,False,False,False,1
175.0,-0.36928435114521474,0.15026603269265998,1.4583974248647134,0.18734641123234902,False,False,False,False,False,False,False,False,False,True,False,True,False,False,False,False,False,False,False,False,False,False,False,False,False,False,False,False,False,False,False,False,False,False,False,False,False,0
176.0,-1.2288255132935577,0.710611710850496,0.33896277621035414,-0.5352457091470522,False,True,False,False,False,False,False,False,False,False,False,False,False,False,False,False,False,False,False,False,False,True,False,False,False,False,False,False,False,False,False,False,False,False,False,False,False,1
177.0,0.7767705317192425,0.710611710850496,-1.5383100372886611,-1.0415173324159022,False,False,False,False,True,False,False,False,True,True,False,False,False,False,False,False,False,False,False,False,False,False,False,False,False,False,True,False,False,False,False,False,False,False,False,False,False,1
178.0,-1.5153392340096719,-1.1105117431624716,-0.8062572468032038,1.0726519619761614,False,False,False,False,True,False,False,False,True,False,False,False,False,False,False,False,False,False,False,False,False,False,False,False,False,False,False,True,False,False,False,False,False,False,False,False,False,2
180.0,0.06048622992895674,-0.26999322592571723,-0.3041514595121834,-1.5014441895793524,True,False,False,False,False,False,True,False,False,False,False,False,False,False,False,False,False,False,False,False,False,False,False,False,False,False,False,False,False,False,False,False,False,False,False,False,True,0
181.0,-1.2288255132935577,1.341000598778062,1.1342368123200148,-0.20774154474605172,False,False,False,False,False,False,False,False,True,True,False,False,False,False,False,False,False,False,False,False,False,False,False,False,False,False,False,False,False,False,False,False,False,True,False,False,False,1
182.0,-0.22602749078715756,0.5004820815413076,1.6442948862039952,-0.8634633614453552,True,False,False,False,False,False,True,False,False,True,True,False,False,False,False,False,False,False,False,False,False,False,False,False,False,False,False,False,False,False,False,False,False,False,False,False,False,0
183.0,-0.7990549322193862,0.15026603269265998,0.33946192116055424,0.8560057501126985,False,False,False,True,False,False,False,False,False,False,False,False,False,False,False,False,False,False,False,False,False,False,False,False,True,False,False,False,False,False,False,False,False,False,False,False,False,2
184.0,-0.0827706304291004,-1.32064137247166,0.6127324371916739,0.4678683339799732,False,False,False,False,False,False,False,False,False,False,False,False,False,False,False,False,False,False,False,False,False,False,False,False,False,False,False,False,False,False,False,False,False,True,False,False,False,2
185.0,-0.36928435114521474,0.3603956620018484,0.627355115391853,0.9504824905562175,False,False,False,False,True,False,False,True,False,True,False,False,False,False,False,False,False,False,False,False,False,False,False,False,False,False,False,False,False,True,False,False,False,False,False,False,False,2
186.0,-0.7990549322193862,-1.32064137247166,0.5403110425990105,-0.6118580786611402,False,False,False,False,True,False,False,False,True,False,False,False,False,False,False,False,False,False,False,False,False,False,False,False,False,False,False,False,True,False,False,False,False,False,False,False,False,2
187.0,0.06048622992895674,-0.5501660650046353,0.58116151909152,0.8387953791550108,False,False,False,False,False,False,False,False,False,True,False,False,True,False,False,False,False,False,False,False,False,False,False,False,False,False,False,False,False,False,False,False,False,False,False,False,False,2
188.0,-0.7990549322193862,-1.2505981627019307,0.4195860298710776,1.2636386814053329,False,False,False,False,True,False,False,False,True,False,False,False,False,False,False,False,False,False,False,False,False,False,False,False,False,False,False,False,False,True,False,False,False,False,False,False,False,1
190.0,0.6335136713611853,-1.040468533392742,-0.139036578826686,-0.558774285334278,False,False,False,False,False,False,False,False,False,False,False,False,False,False,False,False,False,False,False,False,False,False,False,False,False,False,False,False,False,False,False,False,True,False,False,False,False,2
191.0,-0.36928435114521474,-0.3400364356954468,-0.9278330747871595,1.3949736998745195,True,False,False,False,False,False,False,False,True,True,False,False,False,False,False,False,False,False,False,False,False,False,False,False,False,False,False,False,False,False,False,False,False,False,False,True,False,1
192.0,-0.36928435114521474,1.4110438085477912,0.6280471118000849,-1.5708045403163775,False,False,False,False,False,False,False,False,False,True,False,False,False,False,False,False,False,False,False,False,False,False,False,False,False,False,False,False,False,False,False,False,True,False,False,False,False,1
193.0,1.6363116938675855,-1.040468533392742,0.8628948108692135,-0.5228652436516512,False,False,False,False,True,False,False,False,False,True,False,False,False,False,False,False,False,False,False,False,False,False,False,False,False,False,False,False,True,False,False,False,False,False,False,False,False,1
194.0,-1.2288255132935577,0.010179613153200814,1.4695487768203193,-1.3305093075769008,False,True,False,False,False,False,False,False,True,False,False,False,False,False,False,False,False,False,False,False,False,True,False,False,False,False,False,False,False,False,False,False,False,False,False,False,False,0
196.0,-1.2288255132935577,-1.6708574213203076,-1.0796638932752871,-1.3507535627381482,False,False,False,True,False,False,False,False,False,False,False,False,False,False,False,False,False,False,False,False,False,False,False,False,True,False,False,False,False,False,False,False,False,False,False,False,False,2
198.0,-0.7990549322193862,-1.5307710017808487,-1.4849128718206683,0.6519419689240071,False,False,True,False,False,False,False,False,False,False,False,False,False,True,False,False,False,False,False,False,False,False,False,False,False,False,False,False,False,False,False,False,False,False,False,False,False,2
199.0,1.349797973151471,-0.05986359661652877,-0.992109331328831,-0.735338487699906,False,False,True,False,False,False,True,False,False,True,False,False,False,False,False,True,False,False,False,False,False,False,False,False,False,False,False,False,False,False,False,False,False,False,False,False,False,0
200.0,-1.6585960943677291,0.22030924246238925,1.4385450688908474,1.2195860364810773,False,False,False,False,False,False,False,False,False,False,False,False,False,False,False,False,False,False,False,False,False,False,False,False,False,False,False,False,False,False,False,False,True,False,False,False,False,2
201.0,-0.0827706304291004,0.4304388717715777,-1.583630129926144,-0.2178798295410249,False,False,False,True,False,False,False,True,False,False,False,False,False,False,False,False,False,False,False,False,False,False,False,False,True,False,False,False,False,False,False,False,False,False,False,False,False,2
202.0,1.6363116938675855,0.6405685010807668,0.7685677594848156,1.6331560096283655,False,False,False,False,False,True,False,False,False,False,False,False,False,False,False,False,False,False,False,False,False,False,False,False,False,False,False,False,False,False,False,True,False,False,False,False,False,0
203.0,0.06048622992895674,-0.8303389040835536,0.8103371164538299,1.584064884292946,False,False,False,False,False,False,False,False,True,True,False,True,False,False,False,False,False,False,False,False,False,False,False,False,False,False,False,False,False,False,False,False,False,False,False,False,False,1
204.0,-0.36928435114521474,-1.7409006310900372,1.6398025816521946,0.9530687464804091,False,False,False,True,False,False,False,True,False,False,False,False,False,False,False,False,False,False,False,False,False,False,False,False,False,True,False,False,False,False,False,False,False,False,False,False,False,0
205.0,0.34699995064507105,0.7806549206202252,-1.4164165716091237,1.5081895040788513,True,False,False,False,False,False,True,False,False,False,False,False,False,False,False,False,False,False,False,False,False,False,False,False,False,False,False,False,False,False,False,False,False,False,False,False,False,2
206.0,0.06048622992895674,0.15026603269265998,-0.36375390424743614,0.7222001466856879,True,False,False,False,False,False,False,True,False,False,False,False,False,False,False,False,False,False,False,False,False,False,False,False,False,False,False,False,False,False,False,False,False,False,False,True,False,0
207.0,1.4930548335095282,1.2009141792386029,0.7324364716123795,1.3797352434863195,True,False,False,False,False,False,False,True,False,False,False,False,False,False,False,False,False,False,False,False,False,False,False,False,False,False,False,False,False,False,False,False,False,False,False,True,False,1
208.0,1.349797973151471,1.130870969468873,-0.9740039826806651,-0.9195612096672567,True,False,False,False,False,False,False,True,False,True,False,False,False,False,False,False,False,False,False,False,False,False,False,False,False,False,False,False,False,False,False,False,False,False,False,False,False,1
209.0,1.349797973151471,1.2009141792386029,1.2490288066626152,-0.5395024007093445,True,False,False,False,False,False,False,False,True,True,False,False,False,False,False,False,False,False,False,False,False,False,False,False,False,False,False,False,False,False,False,False,False,False,False,False,True,1
210.0,1.206541112793414,-0.05986359661652877,-1.0838839369451603,0.8820915726801699,False,False,False,True,False,False,False,False,True,False,False,False,False,False,True,False,False,False,False,False,False,False,False,False,False,False,False,False,False,False,False,False,False,False,False,False,False,1
214.0,0.34699995064507105,-1.1105117431624716,-0.32713481562821345,-0.6988940546872392,False,False,False,False,True,False,False,False,True,True,False,False,False,False,False,False,False,False,False,False,False,False,False,False,False,False,False,True,False,False,False,False,False,False,False,False,False,2
215.0,-0.36928435114521474,1.270957389008332,-1.3485895793989835,1.128102419995827,True,False,False,False,False,False,False,True,False,True,True,False,False,False,False,False,False,False,False,False,False,False,False,False,False,False,False,False,False,False,False,False,False,False,False,False,False,0
216.0,1.6363116938675855,1.341000598778062,1.6360816829325215,-1.2063477250695314,False,False,False,False,False,True,False,False,True,True,False,False,False,False,False,False,False,False,True,False,False,False,False,False,False,False,False,False,False,False,False,False,False,False,False,False,False,2
217.0,-0.36928435114521474,-0.12990680638625834,-0.9070051173197206,-0.5786553703820756,False,False,False,False,True,False,False,False,False,True,False,False,False,False,False,False,False,False,False,False,False,False,False,False,False,False,False,False,False,True,False,False,False,False,False,False,False,1
218.0,-0.655798071861329,-1.4607277920111192,-1.0285696011002627,0.062418095462206544,False,False,False,True,False,False,False,False,True,False,False,False,False,False,True,False,False,False,False,False,False,False,False,False,False,False,False,False,False,False,False,False,False,False,False,False,False,2
220.0,0.4902568110031282,1.0608277596991436,-0.09617817832996257,0.27627241412793757,False,False,False,False,False,True,True,False,False,True,False,False,False,False,False,False,False,False,False,False,False,False,False,False,False,False,False,False,False,False,False,True,False,False,False,False,False,1
221.0,0.6335136713611853,1.4110438085477912,-1.0054387703398553,0.27427442768983934,False,False,False,False,False,True,False,False,False,True,False,False,False,False,False,False,False,False,False,False,False,False,False,False,False,False,False,False,False,False,False,False,False,False,True,False,False,2
222.0,-1.0855686529355004,-1.040468533392742,1.483808440511262,-1.0227184135201124,False,True,False,False,False,False,True,False,False,False,False,False,False,False,False,False,False,False,False,False,False,True,False,False,False,False,False,False,False,False,False,False,False,False,False,False,False,2
223.0,-1.2288255132935577,-1.5307710017808487,-0.550241264164227,1.0310893641088335,False,False,False,True,False,False,True,False,False,False,False,False,False,False,False,False,False,False,False,False,False,False,False,False,True,False,False,False,False,False,False,False,False,False,False,False,False,0
224.0,0.7767705317192425,1.341000598778062,0.47140635106457485,0.45898810864776873,False,False,False,False,False,True,False,True,False,False,False,False,False,False,False,False,False,False,False,False,False,False,False,False,False,False,False,False,False,False,False,False,False,False,True,False,False,1
225.0,1.6363116938675855,-0.4100796454651764,1.6084358592134862,-0.635992917595894,True,False,False,False,False,False,False,False,False,False,False,False,False,False,False,False,False,False,False,False,False,False,False,False,False,False,False,False,False,False,False,False,False,False,False,True,False,0
226.0,0.9200273920772997,0.15026603269265998,1.1256719387427183,-0.9345231573644276,False,False,False,False,False,False,False,True,False,False,False,False,True,False,False,False,False,False,False,False,False,False,False,False,False,False,False,False,False,False,False,False,False,False,False,False,False,1
227.0,-1.2288255132935577,1.6211734378569798,0.8434735346250657,1.3210133167702718,False,False,False,False,False,True,False,True,False,True,False,False,False,False,False,False,False,False,True,False,False,False,False,False,False,False,False,False,False,False,False,False,False,False,False,False,False,1
228.0,-0.7990549322193862,-1.5307710017808487,-1.5451959687607393,1.1709807292043979,False,True,False,False,False,False,False,False,True,True,False,False,False,False,False,False,False,False,False,False,False,True,False,False,False,False,False,False,False,False,False,False,False,False,False,False,False,2
229.0,-0.36928435114521474,0.5004820815413076,1.5011764159375414,-0.9429796230293717,False,False,False,False,True,False,False,False,False,False,False,False,False,False,False,False,False,False,False,False,False,False,False,False,False,False,False,False,False,True,False,False,False,False,False,False,False,0
230.0,0.7767705317192425,-1.4607277920111192,1.6493203683162367,-1.6202885797280266,False,False,False,True,False,False,False,False,True,False,False,False,False,False,False,False,False,False,False,False,False,False,False,False,False,True,False,False,False,False,False,False,False,False,False,False,False,0
231.0,0.9200273920772997,-0.4100796454651764,-0.463435419643071,1.0621064419376944,False,True,False,False,False,False,False,False,True,True,False,False,False,False,False,False,False,False,False,False,True,False,False,False,False,False,False,False,False,False,False,False,False,False,False,False,False,0
232.0,-1.2288255132935577,1.0608277596991436,1.1631758752282046,0.40269784269133957,False,False,False,False,False,True,False,True,False,False,False,False,False,False,False,False,False,False,True,False,False,False,False,False,False,False,False,False,False,False,False,False,False,False,False,False,False,1
233.0,-0.36928435114521474,-0.19995001615598762,-1.0459942975436103,-1.3925713711503165,False,False,False,True,False,False,True,False,False,True,False,False,False,False,True,False,False,False,False,False,False,False,False,False,False,False,False,False,False,False,False,False,False,False,False,False,False,0
235.0,1.4930548335095282,0.22030924246238925,-0.08113576460347892,-0.16706245273611484,False,False,False,False,False,True,True,False,False,True,False,False,False,False,False,False,True,False,False,False,False,False,False,False,False,False,False,False,False,False,False,False,False,False,False,False,False,0
236.0,0.7767705317192425,-0.6202092747743648,0.9786283740951458,0.9575134492642241,False,True,False,False,False,False,False,True,False,True,False,False,False,False,False,False,False,False,False,False,False,False,False,True,False,False,False,False,False,False,False,False,False,False,False,False,False,0
237.0,-1.0855686529355004,-0.9704253236230124,1.6093774280968183,-1.0151068967237702,False,False,True,False,False,False,False,True,False,False,False,False,False,False,False,False,False,False,False,False,False,False,True,False,False,False,False,False,False,False,False,False,False,False,False,False,False,2
239.0,0.6335136713611853,-0.4100796454651764,-0.22881460464221512,-1.1994412503539005,False,False,False,False,True,False,False,True,False,True,False,False,False,False,False,False,False,False,False,False,False,False,False,False,False,False,False,False,True,False,False,False,False,False,False,False,False,2
241.0,-0.0827706304291004,-0.48012285523490594,1.3000550336171577,0.9721225087116222,False,False,False,True,False,False,False,True,False,False,False,False,False,False,False,False,False,False,False,False,False,False,False,False,True,False,False,False,False,False,False,False,False,False,False,False,False,1
242.0,-1.5153392340096719,-0.12990680638625834,-0.3961756376036128,0.825551237110739,False,False,False,False,False,True,True,False,False,False,False,False,False,False,False,False,False,False,True,False,False,False,False,False,False,False,False,False,False,False,False,False,False,False,False,False,False,0
243.0,-1.6585960943677291,0.7806549206202252,-1.377483265493519,0.6632813957221084,True,False,False,False,False,False,False,False,True,False,False,False,False,False,False,False,False,False,False,False,False,False,False,False,False,False,False,False,False,False,False,False,False,False,False,False,False,0
244.0,1.4930548335095282,0.5705252913110368,-1.4763820308536129,-0.2676925213809221,False,False,False,False,False,True,True,False,False,True,False,False,False,False,False,False,False,False,False,False,False,False,False,False,False,False,False,False,False,False,False,True,False,False,False,False,False,0
245.0,1.206541112793414,0.710611710850496,-1.045154826491001,1.4763638311136753,False,False,False,True,False,False,False,False,False,False,False,False,False,False,True,False,False,False,False,False,False,False,False,False,False,False,False,False,False,False,False,False,False,False,False,False,False,2
246.0,0.6335136713611853,-1.7409006310900372,0.12865258912492394,-1.4901267953462733,False,False,False,False,False,True,True,False,False,True,False,False,False,False,False,False,False,False,False,False,False,False,False,False,False,False,False,False,False,False,False,False,False,False,True,False,False,0
248.0,0.4902568110031282,0.5705252913110368,1.5934388223006573,-0.9936600307217269,True,False,False,False,False,False,True,False,False,False,False,False,False,False,False,False,False,False,False,False,False,False,False,False,False,False,False,False,False,False,False,False,False,False,False,False,False,1
249.0,-1.0855686529355004,-0.05986359661652877,-0.8882758374838047,-0.6141289016960966,True,False,False,False,False,False,False,False,True,True,False,False,False,False,False,False,False,False,False,False,False,False,False,False,False,False,False,False,False,False,False,False,False,False,False,True,False,0
250.0,0.34699995064507105,-1.7409006310900372,-0.878587887768558,0.06752781450027583,False,False,False,True,False,False,False,False,False,False,False,False,False,False,False,False,False,False,False,False,False,False,False,False,True,False,False,False,False,False,False,False,False,False,False,False,False,2
251.0,-1.3720823736516148,1.0608277596991436,1.4730087588614789,0.9857867383289844,False,False,False,False,True,False,True,False,False,False,False,False,False,False,False,False,False,False,False,False,False,False,False,False,False,False,False,True,False,False,False,False,False,False,False,False,False,1
254.0,-0.36928435114521474,-1.5307710017808487,-1.7039013745175313,-0.3385121623412521,False,False,False,False,False,True,False,False,False,True,False,False,False,False,False,False,True,False,False,False,False,False,False,False,False,False,False,False,False,False,False,False,False,False,False,False,False,1
256.0,0.2037430902870139,0.2903524522321188,-0.7884014706301379,-0.8845103363922453,False,False,False,False,False,True,False,True,False,False,False,False,False,False,False,False,True,False,False,False,False,False,False,False,False,False,False,False,False,False,False,False,False,False,False,False,False,1
257.0,0.06048622992895674,0.9907845499294143,-1.0228521225797893,1.0570896268821353,False,False,False,False,False,True,True,False,False,False,False,False,False,False,False,False,True,False,False,False,False,False,False,False,False,False,False,False,False,False,False,False,False,False,False,False,False,2
258.0,-1.5153392340096719,0.9207413401596845,-0.22260932537495526,0.3906313412475053,False,True,False,False,False,False,False,False,True,False,False,False,False,False,False,False,False,False,False,False,False,False,False,True,False,False,False,False,False,False,False,False,False,False,False,False,False,1
259.0,-1.3720823736516148,1.0608277596991436,-0.8693650503932705,-0.42970274571170747,False,False,False,False,False,True,True,False,False,True,False,False,False,False,False,False,True,False,False,False,False,False,False,False,False,False,False,False,False,False,False,False,False,False,False,False,False,0
261.0,1.206541112793414,-1.2505981627019307,0.19834003069490064,-0.18654034184400606,False,False,True,False,False,False,False,False,False,True,False,False,False,False,False,False,False,False,False,False,False,False,True,False,False,False,False,False,False,False,False,False,False,False,False,False,False,1
262.0,0.7767705317192425,0.6405685010807668,-0.8935622362745599,-0.7791623611573473,True,False,False,False,False,False,True,False,False,True,False,False,False,False,False,False,False,False,False,False,False,False,False,False,False,False,False,False,False,False,False,False,False,False,False,True,False,0
263.0,-1.3720823736516148,0.4304388717715777,1.5697861581832224,-1.3804850403979623,False,False,False,True,False,False,False,False,False,False,False,False,False,False,False,False,False,False,False,True,False,False,False,False,False,False,False,False,False,False,False,False,False,False,False,False,False,0
264.0,-0.36928435114521474,0.8506981303899552,0.5214342881187173,-1.4823074380198884,False,False,False,False,True,False,False,False,False,False,False,False,False,False,False,False,False,False,False,False,False,False,False,False,False,False,True,False,False,False,False,False,False,False,False,False,False,0
265.0,1.349797973151471,-1.180554952932201,-1.6098352398116471,-0.5320436430304898,False,False,False,False,False,False,True,False,False,False,False,True,False,False,False,False,False,False,False,False,False,False,False,False,False,False,False,False,False,False,False,False,False,False,False,False,False,0
266.0,-0.7990549322193862,-1.040468533392742,-0.14555949578952768,0.40007743629136383,False,False,False,False,False,True,False,False,True,True,False,False,False,False,False,False,True,False,False,False,False,False,False,False,False,False,False,False,False,False,False,False,False,False,False,False,False,2
267.0,-0.5125412115032719,1.4110438085477912,1.1489729325543303,1.177179958582816,False,False,False,False,False,True,False,False,False,False,False,False,False,False,False,False,False,False,False,False,False,False,False,False,False,False,False,False,False,False,False,True,False,False,False,False,False,2
268.0,0.6335136713611853,0.8506981303899552,-0.3296986055996956,-1.1041386559314654,False,True,False,False,False,False,False,False,False,True,False,False,False,False,False,False,False,False,False,False,False,False,False,True,False,False,False,False,False,False,False,False,False,False,False,False,False,1
269.0,-0.22602749078715756,1.4110438085477912,-1.1752388070351851,-0.263131046002489,False,False,False,True,False,False,True,False,False,False,False,False,False,False,False,False,False,False,False,False,False,False,False,False,False,True,False,False,False,False,False,False,False,False,False,False,False,1
270.0,-0.7990549322193862,0.9207413401596845,1.3973315778891013,-0.3771624223220598,False,False,True,False,False,False,True,False,False,False,False,False,False,True,False,False,False,False,False,False,False,False,False,False,False,False,False,False,False,False,False,False,False,False,False,False,False,1
271.0,1.6363116938675855,0.3603956620018484,0.5835324576049703,0.04647239373679388,False,False,False,False,False,False,True,False,False,True,False,False,True,False,False,False,False,False,False,False,False,False,False,False,False,False,False,False,False,False,False,False,False,False,False,False,False,2
272.0,0.2037430902870139,0.5705252913110368,-0.4119781129588102,1.0797394709343915,True,False,False,False,False,False,True,False,False,True,True,False,False,False,False,False,False,False,False,False,False,False,False,False,False,False,False,False,False,False,False,False,False,False,False,False,False,1
273.0,0.9200273920772997,1.341000598778062,0.24477185526691994,0.18688850108930416,False,False,True,False,False,False,True,False,False,False,False,False,False,False,False,True,False,False,False,False,False,False,False,False,False,False,False,False,False,False,False,False,False,False,False,False,False,1
274.0,-1.2288255132935577,0.2903524522321188,-1.6148380335170616,1.2090496966780364,False,False,False,True,False,False,False,True,False,False,False,False,False,False,False,False,False,False,False,True,False,False,False,False,False,False,False,False,False,False,False,False,False,False,False,False,False,2
275.0,-0.9423117925774434,0.5004820815413076,0.8932632434075217,0.06446528796218758,False,False,False,False,True,False,True,False,False,False,False,False,False,False,False,False,False,False,False,False,False,False,False,False,False,False,False,True,False,False,False,False,False,False,False,False,False,1
276.0,-0.36928435114521474,-1.180554952932201,-1.421634905179397,0.36201801626256874,True,False,False,False,False,False,False,False,True,False,True,False,False,False,False,False,False,False,False,False,False,False,False,False,False,False,False,False,False,False,False,False,False,False,False,False,False,2
277.0,-0.7990549322193862,-0.05986359661652877,1.6721902823981305,-0.21869026072442543,False,False,False,False,True,False,False,False,False,False,False,False,False,False,False,False,False,False,False,False,False,False,False,False,False,False,False,False,True,False,False,False,False,False,False,False,False,2
278.0,0.06048622992895674,0.7806549206202252,0.4746961700545298,1.1268630882133273,False,True,False,False,False,False,False,False,True,True,False,False,False,False,False,False,False,False,False,False,False,True,False,False,False,False,False,False,False,False,False,False,False,False,False,False,False,0
279.0,0.2037430902870139,-0.7602956943138239,1.404830096345516,1.4782641398468415,False,True,False,False,False,False,False,False,True,True,False,False,False,False,False,False,False,False,False,False,True,False,False,False,False,False,False,False,False,False,False,False,False,False,False,False,False,0
280.0,-1.2288255132935577,-1.040468533392742,-0.544920832763231,0.48515251403048576,False,False,False,False,False,True,False,True,False,True,False,False,False,False,False,False,False,False,True,False,False,False,False,False,False,False,False,False,False,False,False,False,False,False,False,False,False,2
281.0,-0.655798071861329,-0.6202092747743648,0.6799128098072367,1.1187936612739402,False,False,False,False,True,False,True,False,False,True,False,False,False,False,False,False,False,False,False,False,False,False,False,False,False,False,False,False,True,False,False,False,False,False,False,False,False,2
282.0,-1.0855686529355004,-0.9003821138532828,1.5933367244699344,-1.538664536090218,False,False,False,True,False,False,False,False,False,False,False,False,False,False,False,False,False,False,False,True,False,False,False,False,False,False,False,False,False,False,False,False,False,False,False,False,False,0
284.0,-1.2288255132935577,-0.26999322592571723,0.2061675310503107,-1.0854341098558538,True,False,False,False,False,False,True,False,False,True,True,False,False,False,False,False,False,False,False,False,False,False,False,False,False,False,False,False,False,False,False,False,False,False,False,False,False,1
285.0,-1.3720823736516148,1.4110438085477912,-0.76848104943579,-0.8496283794490709,False,False,True,False,False,False,True,False,False,True,False,False,False,False,False,True,False,False,False,False,False,False,False,False,False,False,False,False,False,False,False,False,False,False,False,False,False,1
286.0,-0.5125412115032719,0.010179613153200814,0.7444386388240082,-1.5584556548308417,False,False,False,True,False,False,False,True,False,False,False,False,False,False,False,False,False,False,False,False,False,False,False,False,True,False,False,False,False,False,False,False,False,False,False,False,False,2
287.0,-0.655798071861329,-1.1105117431624716,0.9485662350490058,1.6232909286396675,False,False,False,True,False,False,False,True,False,True,False,False,False,False,False,False,False,False,False,False,False,False,False,False,True,False,False,False,False,False,False,False,False,False,False,False,False,0
288.0,-1.6585960943677291,-1.4607277920111192,-0.24908669614238577,1.2277336790262936,False,True,False,False,False,False,False,True,False,False,False,False,False,False,False,False,False,False,False,False,False,True,False,False,False,False,False,False,False,False,False,False,False,False,False,False,False,1
289.0,-0.9423117925774434,0.710611710850496,-0.7741871837528498,1.4411377989467369,False,False,False,False,True,False,False,False,False,True,False,False,False,False,False,False,False,False,False,False,False,False,False,False,False,False,False,True,False,False,False,False,False,False,False,False,False,0
290.0,-0.5125412115032719,-0.4100796454651764,1.5872902640504656,1.211007657289677,False,False,False,False,False,True,False,False,True,False,False,False,False,False,False,False,True,False,False,False,False,False,False,False,False,False,False,False,False,False,False,False,False,False,False,False,False,0
291.0,-0.7990549322193862,1.130870969468873,-1.1129137534806592,-0.07165997735224568,False,False,False,False,False,True,False,True,False,True,False,False,False,False,False,False,True,False,False,False,False,False,False,False,False,False,False,False,False,False,False,False,False,False,False,False,False,2
292.0,-1.2288255132935577,0.5705252913110368,1.1892448546727443,1.4791527866360707,True,False,False,False,False,False,False,True,False,False,False,False,False,False,False,False,False,False,False,False,False,False,False,False,False,False,False,False,False,False,False,False,False,False,False,False,False,1
293.0,0.06048622992895674,1.0608277596991436,0.10118827266050696,1.6374986281942445,False,True,False,False,False,False,False,True,False,True,False,False,False,False,False,False,False,False,False,False,True,False,False,False,False,False,False,False,False,False,False,False,False,False,False,False,False,0
294.0,0.6335136713611853,-0.7602956943138239,0.022448156766447357,0.008702334728623785,False,False,False,True,False,False,False,False,True,False,False,False,False,False,False,False,False,False,False,True,False,False,False,False,False,False,False,False,False,False,False,False,False,False,False,False,False,2
295.0,-1.5153392340096719,0.710611710850496,-0.6648744396590365,-1.1318321213267244,False,False,False,False,False,False,False,False,True,False,False,False,True,False,False,False,False,False,False,False,False,False,False,False,False,False,False,False,False,False,False,False,False,False,False,False,False,2
296.0,-1.0855686529355004,-0.8303389040835536,-0.31155922434128885,0.5531005773495868,False,True,False,False,False,False,False,True,False,True,False,False,False,False,False,False,False,False,False,False,False,False,False,True,False,False,False,False,False,False,False,False,False,False,False,False,False,2
298.0,1.206541112793414,0.5004820815413076,-0.10144188871389048,1.2979779028301268,True,False,False,False,False,False,True,False,False,False,False,False,False,False,False,False,False,False,False,False,False,False,False,False,False,False,False,False,False,False,False,False,False,False,False,False,True,1
300.0,-0.9423117925774434,-0.8303389040835536,-1.5214865836262363,1.5131170872460702,True,False,False,False,False,False,False,False,False,True,True,False,False,False,False,False,False,False,False,False,False,False,False,False,False,False,False,False,False,False,False,False,False,False,False,False,False,1
301.0,-0.655798071861329,-1.040468533392742,0.36174193666493876,1.3740457007787494,False,True,False,False,False,False,False,False,False,False,False,False,False,False,False,False,False,False,False,False,False,False,False,False,False,False,False,False,False,False,True,False,False,False,False,False,False,1
302.0,0.7767705317192425,0.710611710850496,-1.121569380685265,0.9635533097556478,False,False,True,False,False,False,False,True,False,True,False,False,False,True,False,False,False,False,False,False,False,False,False,False,False,False,False,False,False,False,False,False,False,False,False,False,False,0
303.0,-1.3720823736516148,-0.9704253236230124,0.3363876420354584,0.7611900753772546,False,True,False,False,False,False,False,False,True,True,False,False,False,False,False,False,False,False,False,False,True,False,False,False,False,False,False,False,False,False,False,False,False,False,False,False,False,2
304.0,1.349797973151471,0.3603956620018484,0.9500296372893651,-0.8208597248807277,False,False,False,False,True,False,True,False,False,True,False,False,False,False,False,False,False,False,False,False,False,False,False,False,False,False,True,False,False,False,False,False,False,False,False,False,False,2
305.0,-0.0827706304291004,-0.8303389040835536,0.726469420616806,0.42304087718577005,False,True,False,False,False,False,False,False,True,False,False,False,False,False,False,False,False,False,False,False,True,False,False,False,False,False,False,False,False,False,False,False,False,False,False,False,False,1
306.0,-1.3720823736516148,0.5705252913110368,0.6255967638627391,0.07471043069751862,True,False,False,False,False,False,False,True,False,False,False,False,False,False,False,False,False,False,False,False,False,False,False,False,False,False,False,False,False,False,False,False,False,False,False,True,False,2
307.0,1.349797973151471,1.130870969468873,1.6059174460556587,1.262385762874403,False,False,False,False,True,False,False,False,False,False,False,False,False,False,False,False,False,False,False,False,False,False,False,False,False,False,False,False,False,True,False,False,False,False,False,False,False,2
308.0,-0.9423117925774434,0.9907845499294143,0.43831530970699356,-0.02916319872797586,True,False,False,False,False,False,True,False,False,False,False,False,False,False,False,False,False,False,False,False,False,False,False,False,False,False,False,False,False,False,False,False,False,False,False,False,True,2
309.0,-1.5153392340096719,0.9207413401596845,-1.1639626688420293,-1.2988679737390776,False,False,False,False,False,True,False,False,True,False,False,False,False,False,False,False,False,False,False,False,False,False,False,False,False,False,False,False,False,False,False,True,False,False,False,False,False,1
310.0,1.4930548335095282,-1.1105117431624716,0.6925389082066155,-1.727150559389368,False,False,False,False,False,True,False,False,True,False,False,False,False,False,False,False,False,False,False,False,False,False,False,False,False,False,False,False,False,False,False,True,False,False,False,False,False,1
311.0,-0.0827706304291004,-1.4607277920111192,0.13172686825001978,0.6202562027467222,False,False,False,False,True,False,False,True,False,False,False,False,False,False,False,False,False,False,False,False,False,False,False,False,False,False,False,True,False,False,False,False,False,False,False,False,False,1
312.0,-1.5153392340096719,0.710611710850496,0.4633633108443057,0.17385256678449226,False,False,True,False,False,False,True,False,False,True,False,False,False,False,False,False,False,True,False,False,False,False,False,False,False,False,False,False,False,False,False,False,False,False,False,False,False,0
313.0,-0.9423117925774434,-0.48012285523490594,0.7211603334192235,-0.5899364108828679,False,False,False,False,False,True,False,False,False,False,False,False,False,False,False,False,False,False,False,False,False,False,False,False,False,False,False,False,False,False,False,False,False,False,True,False,False,2
314.0,0.6335136713611853,-0.19995001615598762,0.5250871216179087,-1.15503975648346,False,True,False,False,False,False,False,True,False,False,False,False,False,False,False,False,False,False,False,False,False,False,False,True,False,False,False,False,False,False,False,False,False,False,False,False,False,0
315.0,-1.3720823736516148,-1.6008142115505781,0.3363309210183902,-0.11636552061999283,True,False,False,False,False,False,True,False,False,True,True,False,False,False,False,False,False,False,False,False,False,False,False,False,False,False,False,False,False,False,False,False,False,False,False,False,False,1
316.0,-1.5153392340096719,-0.8303389040835536,1.4838538173249165,-1.3946490420319118,False,False,False,False,False,True,False,False,True,True,False,False,False,False,False,False,False,False,True,False,False,False,False,False,False,False,False,False,False,False,False,False,False,False,False,False,False,0
317.0,1.4930548335095282,-1.6008142115505781,0.9716970658094132,-0.5719861129498506,False,False,False,False,False,True,False,True,False,True,False,False,False,False,False,False,False,False,True,False,False,False,False,False,False,False,False,False,False,False,False,False,False,False,False,False,False,2
318.0,1.0632842524353567,1.341000598778062,0.716633996257182,-0.42162046644272416,False,False,True,False,False,False,False,False,True,False,False,False,False,False,False,False,False,False,False,False,False,False,True,False,False,False,False,False,False,False,False,False,False,False,False,False,False,2
319.0,-0.655798071861329,-0.9003821138532828,1.0491325983109043,-0.12019110832668385,False,False,False,False,True,False,False,False,True,True,False,False,False,False,False,False,False,False,False,False,False,False,False,False,False,False,False,False,True,False,False,False,False,False,False,False,False,1
320.0,1.349797973151471,0.22030924246238925,0.4837488443786127,-0.11669564188590899,False,False,False,False,True,False,False,True,False,False,False,False,False,False,False,False,False,False,False,False,False,False,False,False,False,False,False,False,True,False,False,False,False,False,False,False,False,1
321.0,-0.0827706304291004,-1.6008142115505781,-1.4424174858331813,-0.8479355440365305,False,False,False,True,False,False,False,True,False,False,False,False,False,False,True,False,False,False,False,False,False,False,False,False,False,False,False,False,False,False,False,False,False,False,False,False,False,0
322.0,-1.2288255132935577,0.5705252913110368,-0.7328262181067265,1.2214547652043786,False,False,True,False,False,False,False,True,False,False,False,False,False,False,False,False,False,False,False,False,False,False,True,False,False,False,False,False,False,False,False,False,False,False,False,False,False,1
323.0,-1.0855686529355004,-0.6202092747743648,0.09123940626674666,-0.5041875038634835,False,True,False,False,False,False,False,True,False,True,False,False,False,False,False,False,False,False,False,False,False,True,False,False,False,False,False,False,False,False,False,False,False,False,False,False,False,0
324.0,0.06048622992895674,1.4110438085477912,0.01965748272669247,-0.9435844169392315,False,False,False,False,True,False,False,True,False,True,False,False,False,False,False,False,False,False,False,False,False,False,False,False,False,False,False,True,False,False,False,False,False,False,False,False,False,2
325.0,0.34699995064507105,1.341000598778062,-0.9886833818979124,-1.1311861999621564,True,False,False,False,False,False,False,False,True,False,False,False,False,False,False,False,False,False,False,False,False,False,False,False,False,False,False,False,False,False,False,False,False,False,False,True,False,2
326.0,1.4930548335095282,-0.6202092747743648,-0.6262928038492546,-0.6191857425781128,False,False,True,False,False,False,False,False,False,False,False,False,False,True,False,False,False,False,False,False,False,False,False,False,False,False,False,False,False,False,False,False,False,False,False,False,False,2
327.0,0.4902568110031282,1.4110438085477912,-0.5976713786366464,-1.5088397872384764,False,False,False,False,False,True,False,False,False,False,False,False,False,False,False,False,False,False,False,False,False,False,False,False,False,False,False,False,False,False,False,False,False,False,True,False,False,2
328.0,-0.36928435114521474,1.7612598573964389,-0.13478250254657181,-1.6296997898772667,True,False,False,False,False,False,False,True,False,True,True,False,False,False,False,False,False,False,False,False,False,False,False,False,False,False,False,False,False,False,False,False,False,False,False,False,False,2
329.0,1.4930548335095282,1.130870969468873,-0.6376823840765468,0.3665350593015404,True,False,False,False,False,False,False,False,True,False,True,False,False,False,False,False,False,False,False,False,False,False,False,False,False,False,False,False,False,False,False,False,False,False,False,False,False,0
330.0,0.4902568110031282,1.2009141792386029,1.272397865694709,0.4153911706100562,False,False,False,False,False,True,False,False,False,True,False,False,False,False,False,False,False,False,False,False,False,False,False,False,False,False,False,False,False,False,False,False,False,False,True,False,False,2
331.0,-0.0827706304291004,-0.9003821138532828,0.6510531563229423,0.10296572650084414,False,False,True,False,False,False,False,False,False,False,False,False,False,False,False,False,False,True,False,False,False,False,False,False,False,False,False,False,False,False,False,False,False,False,False,False,False,0
332.0,0.6335136713611853,0.2903524522321188,-1.5286220875734147,0.914726575200495,False,False,False,False,False,True,False,False,False,True,False,False,False,False,False,False,False,False,True,False,False,False,False,False,False,False,False,False,False,False,False,False,False,False,False,False,False,2
334.0,-0.0827706304291004,-1.3906845822413896,1.6671194234722344,1.5206353328504845,True,False,False,False,False,False,False,True,False,True,True,False,False,False,False,False,False,False,False,False,False,False,False,False,False,False,False,False,False,False,False,False,False,False,False,False,False,0
335.0,-0.655798071861329,1.7612598573964389,1.3686988084730798,-1.4128633635357786,False,False,False,False,False,False,False,True,False,True,False,False,False,False,False,False,False,False,False,False,False,False,False,False,False,False,False,False,False,False,False,False,False,True,False,False,False,0
336.0,1.0632842524353567,-0.6202092747743648,-1.0055522123739917,0.6068247838997614,False,False,False,False,False,False,False,True,False,True,False,False,True,False,False,False,False,False,False,False,False,False,False,False,False,False,False,False,False,False,False,False,False,False,False,False,False,1
337.0,-1.3720823736516148,0.8506981303899552,0.7286701960790517,-1.2791444215311885,False,True,False,False,False,False,True,False,False,True,False,False,False,False,False,False,False,False,False,False,False,False,False,False,False,False,False,False,False,False,True,False,False,False,False,False,False,0
338.0,0.4902568110031282,1.0608277596991436,0.3055994739708455,1.32504380733167,False,False,False,False,True,False,True,False,False,True,False,False,False,False,False,False,False,False,False,False,False,False,False,False,False,False,False,False,False,True,False,False,False,False,False,False,False,0
339.0,0.06048622992895674,1.270957389008332,0.0318978782100076,0.0371206715131138,False,False,False,False,False,True,True,False,False,True,False,False,False,False,False,False,False,False,False,False,False,False,False,False,False,False,False,False,False,False,False,True,False,False,False,False,False,2
340.0,1.4930548335095282,1.7612598573964389,-1.6331022010130183,-1.4574168821048725,False,False,False,False,False,True,False,False,True,False,False,False,False,False,False,False,False,False,False,False,False,False,False,False,False,False,False,False,False,False,False,False,False,False,True,False,False,0
341.0,0.9200273920772997,-0.9003821138532828,-0.19176443629327422,0.4069383770392825,False,True,False,False,False,False,False,False,False,False,False,False,False,False,False,False,False,False,False,False,False,True,False,False,False,False,False,False,False,False,False,False,False,False,False,False,False,0
342.0,-0.655798071861329,-1.6008142115505781,1.0241413181906605,-1.7127173932527304,False,True,False,False,False,False,False,False,False,False,False,False,False,False,False,False,False,False,False,False,False,True,False,False,False,False,False,False,False,False,False,False,False,False,False,False,False,1
343.0,1.349797973151471,-0.26999322592571723,1.251728727075061,0.962648138542652,False,True,False,False,False,False,False,False,True,False,False,False,False,False,False,False,False,False,False,False,False,False,False,False,False,False,False,False,False,False,True,False,False,False,False,False,False,2
344.0,-1.0855686529355004,-1.2505981627019307,0.5299878174926002,0.5250615678928964,True,False,False,False,False,False,False,False,True,True,False,False,False,False,False,False,False,False,False,False,False,False,False,False,False,False,False,False,False,False,False,False,False,False,False,False,True,1
345.0,1.0632842524353567,-1.6708574213203076,1.550172030481043,-1.0027580112382346,False,False,False,True,False,False,False,True,False,False,False,False,False,False,False,False,False,False,False,True,False,False,False,False,False,False,False,False,False,False,False,False,False,False,False,False,False,1
346.0,-0.655798071861329,-0.48012285523490594,1.6916342470491055,-0.4371824343273333,False,False,False,False,False,True,False,True,False,True,False,False,False,False,False,False,True,False,False,False,False,False,False,False,False,False,False,False,False,False,False,False,False,False,False,False,False,1
347.0,1.6363116938675855,0.9907845499294143,1.023562763816565,-1.717263445835648,True,False,False,False,False,False,True,False,False,True,False,False,False,False,False,False,False,False,False,False,False,False,False,False,False,False,False,False,False,False,False,False,False,False,False,False,True,0
348.0,-0.0827706304291004,0.22030924246238925,1.2275428853971853,0.6754114243950903,False,True,False,False,False,False,True,False,False,True,False,False,False,False,False,False,False,False,False,False,False,False,False,True,False,False,False,False,False,False,False,False,False,False,False,False,False,1
349.0,-1.6585960943677291,-0.6202092747743648,1.347428427072509,-0.6188728801547971,False,False,False,False,False,True,False,False,True,False,False,False,False,False,False,False,False,False,True,False,False,False,False,False,False,False,False,False,False,False,False,False,False,False,False,False,False,1
350.0,1.206541112793414,0.5705252913110368,-0.6321123802004507,0.2494848543645085,True,False,False,False,False,False,True,False,False,True,False,False,False,False,False,False,False,False,False,False,False,False,False,False,False,False,False,False,False,False,False,False,False,False,False,False,False,2
351.0,1.0632842524353567,-0.9003821138532828,0.0029247826915767927,1.5930369119794099,False,False,False,True,False,False,False,False,False,False,False,False,False,False,False,False,False,False,False,False,False,False,False,False,False,True,False,False,False,False,False,False,False,False,False,False,False,2
352.0,-0.9423117925774434,-1.6708574213203076,0.18659878016178558,-0.6998106093921637,True,False,False,False,False,False,False,False,True,False,False,False,False,False,False,False,False,False,False,False,False,False,False,False,False,False,False,False,False,False,False,False,False,False,False,False,True,2
353.0,1.349797973151471,0.9207413401596845,0.42939876582387426,1.7099372954742909,False,False,False,True,False,False,False,False,True,False,False,False,False,False,True,False,False,False,False,False,False,False,False,False,False,False,False,False,False,False,False,False,False,False,False,False,False,2
354.0,0.7767705317192425,0.4304388717715777,-1.0224096986466573,0.462769264014998,False,True,False,False,False,False,False,False,False,False,False,False,False,False,False,False,False,False,False,False,False,False,False,True,False,False,False,False,False,False,False,False,False,False,False,False,False,1
355.0,-0.655798071861329,0.9207413401596845,0.7868886479978406,-0.8999735249436716,False,False,False,True,False,False,False,True,False,False,False,False,False,False,False,False,False,False,False,False,False,False,False,False,True,False,False,False,False,False,False,False,False,False,False,False,False,2
356.0,-0.7990549322193862,-1.6008142115505781,0.666560682389385,-0.22080208208180505,False,False,False,False,False,True,False,True,False,True,False,False,False,False,False,False,True,False,False,False,False,False,False,False,False,False,False,False,False,False,False,False,False,False,False,False,False,0
357.0,-1.6585960943677291,1.2009141792386029,1.6555823686005648,0.8385658732693626,False,True,False,False,False,False,False,False,False,True,False,False,False,False,False,False,False,False,False,False,False,False,False,False,False,False,False,False,False,False,True,False,False,False,False,False,False,1
358.0,1.206541112793414,0.4304388717715777,1.2531807851120065,-0.18696373430184962,False,False,False,False,False,True,False,False,False,False,False,False,False,False,False,False,False,False,False,False,False,False,False,False,False,False,False,False,False,False,False,False,False,False,True,False,False,2
359.0,0.4902568110031282,0.22030924246238925,-1.5575384620747772,-1.5055091978259514,False,False,False,False,False,False,True,False,False,True,False,False,True,False,False,False,False,False,False,False,False,False,False,False,False,False,False,False,False,False,False,False,False,False,False,False,False,1
360.0,-0.0827706304291004,0.4304388717715777,-0.22001150279323223,-1.1563249894430894,False,False,True,False,False,False,False,False,True,False,False,False,False,True,False,False,False,False,False,False,False,False,False,False,False,False,False,False,False,False,False,False,False,False,False,False,False,2
361.0,-0.9423117925774434,1.270957389008332,1.2953018123868436,1.0159368347242206,False,False,False,True,False,False,True,False,False,True,False,False,False,False,True,False,False,False,False,False,False,False,False,False,False,False,False,False,False,False,False,False,False,False,False,False,False,1
362.0,1.0632842524353567,0.2903524522321188,-0.0023048950821102088,0.5173453964126986,False,False,True,False,False,False,False,False,False,True,False,False,False,False,False,False,False,True,False,False,False,False,False,False,False,False,False,False,False,False,False,False,False,False,False,False,False,2
363.0,-1.5153392340096719,0.2903524522321188,-1.4769265526174673,0.24333299500088845,False,False,True,False,False,False,True,False,False,True,False,False,False,True,False,False,False,False,False,False,False,False,False,False,False,False,False,False,False,False,False,False,False,False,False,False,False,0
364.0,0.2037430902870139,1.7612598573964389,-0.5770135842204122,-1.1597495844663759,False,False,False,True,False,False,False,False,False,True,False,False,False,False,False,False,False,False,False,True,False,False,False,False,False,False,False,False,False,False,False,False,False,False,False,False,False,2
365.0,-1.2288255132935577,0.9207413401596845,1.436332949225188,1.1780109534935708,False,True,False,False,False,False,True,False,False,True,False,False,False,False,False,False,False,False,False,False,False,True,False,False,False,False,False,False,False,False,False,False,False,False,False,False,False,1
366.0,-1.6585960943677291,-0.19995001615598762,-0.14963206481502364,1.6070345677474416,False,False,False,False,False,False,True,False,False,True,False,False,False,False,False,False,False,False,False,False,False,False,False,False,False,False,False,False,False,False,False,False,False,True,False,False,False,1
367.0,1.4930548335095282,0.710611710850496,-1.4636651788269248,-1.601863112809363,False,False,False,False,False,True,False,True,False,True,False,False,False,False,False,False,False,False,False,False,False,False,False,False,False,False,False,False,False,False,False,True,False,False,False,False,False,0
368.0,0.7767705317192425,-0.4100796454651764,-1.6821885691838288,-1.4722837225630308,True,False,False,False,False,False,False,False,False,True,False,False,False,False,False,False,False,False,False,False,False,False,False,False,False,False,False,False,False,False,False,False,False,False,False,True,False,1
369.0,0.06048622992895674,-0.9704253236230124,1.1776057019703519,1.3418550216530385,False,False,False,False,False,True,True,False,False,True,False,False,False,False,False,False,False,False,False,False,False,False,False,False,False,False,False,False,False,False,False,False,False,False,True,False,False,0
370.0,-1.5153392340096719,0.3603956620018484,0.7470024287954903,1.1005481269696251,True,False,False,False,False,False,False,False,True,True,False,False,False,False,False,False,False,False,False,False,False,False,False,False,False,False,False,False,False,False,False,False,False,False,False,False,True,1
371.0,-0.5125412115032719,1.4810870183175204,1.3876095955636139,0.4111605509163732,False,False,False,False,False,True,True,False,False,True,False,False,False,False,False,False,False,False,False,False,False,False,False,False,False,False,False,False,False,False,False,True,False,False,False,False,False,1
372.0,1.206541112793414,1.4810870183175204,-0.015804497144339128,1.5520038300914496,False,False,False,True,False,False,True,False,False,True,False,False,False,False,False,False,False,False,False,False,False,False,False,False,True,False,False,False,False,False,False,False,False,False,False,False,False,0
373.0,-1.5153392340096719,-0.5501660650046353,1.6671534560824752,0.5105689138306984,False,False,False,False,False,False,False,False,True,True,False,False,False,False,False,False,False,False,False,False,False,False,False,False,False,False,False,False,False,False,False,False,True,False,False,False,False,1
374.0,-0.5125412115032719,0.0802228229229304,1.120011181239313,-0.9910348505993298,True,False,False,False,False,False,False,False,False,False,False,False,False,False,False,False,False,False,False,False,False,False,False,False,False,False,False,False,False,False,False,False,False,False,False,False,False,1
375.0,-1.6585960943677291,-0.9704253236230124,-0.1374824229590176,0.7973638750495652,False,False,False,False,True,False,False,True,False,True,False,False,False,False,False,False,False,False,False,False,False,False,False,False,False,False,False,False,True,False,False,False,False,False,False,False,False,0
376.0,-0.22602749078715756,1.7612598573964389,-1.3672281056075903,0.5080564669993316,False,True,False,False,False,False,False,True,False,True,False,False,False,False,False,False,False,False,False,False,True,False,False,False,False,False,False,False,False,False,False,False,False,False,False,False,False,2
377.0,-1.3720823736516148,1.6912166476267096,0.17267944257325205,1.6942629615080682,False,False,False,False,False,True,False,True,False,True,False,False,False,False,False,False,False,False,False,False,False,False,False,False,False,False,False,False,False,False,False,False,False,False,True,False,False,0
378.0,1.0632842524353567,0.5004820815413076,1.3666341634517978,-0.9983243247369303,False,False,False,False,False,True,False,False,True,True,False,False,False,False,False,False,False,False,True,False,False,False,False,False,False,False,False,False,False,False,False,False,False,False,False,False,False,1
379.0,1.4930548335095282,1.0608277596991436,-1.5678843755880147,0.34121817325334447,True,False,False,False,False,False,True,False,False,True,False,False,False,False,False,False,False,False,False,False,False,False,False,False,False,False,False,False,False,False,False,False,False,False,False,False,False,2
380.0,-1.2288255132935577,0.7806549206202252,-0.5001566060930164,0.9771088453855673,False,True,False,False,False,False,False,False,False,True,False,False,False,False,False,False,False,False,False,False,False,True,False,False,False,False,False,False,False,False,False,False,False,False,False,False,False,2
381.0,0.7767705317192425,0.3603956620018484,-1.3459577242070195,-0.5619583581894054,False,True,False,False,False,False,True,False,False,False,False,False,False,False,False,False,False,False,False,False,False,True,False,False,False,False,False,False,False,False,False,False,False,False,False,False,False,2
382.0,1.4930548335095282,-1.5307710017808487,-0.4768783006882317,-0.41998895500282896,False,False,False,True,False,False,False,True,False,False,False,False,False,False,True,False,False,False,False,False,False,False,False,False,False,False,False,False,False,False,False,False,False,False,False,False,False,0
383.0,-0.9423117925774434,-0.12990680638625834,1.574028890259923,1.352938870696882,False,False,False,False,True,False,True,False,False,False,False,False,False,False,False,False,False,False,False,False,False,False,False,False,False,False,False,False,False,True,False,False,False,False,False,False,False,2
384.0,-1.3720823736516148,0.6405685010807668,0.6617961169556572,-0.33446771782200707,False,False,False,True,False,False,False,False,True,True,False,False,False,False,False,False,False,False,False,True,False,False,False,False,False,False,False,False,False,False,False,False,False,False,False,False,False,2
385.0,1.349797973151471,0.6405685010807668,0.7272067938386925,0.43487677111570516,False,False,False,True,False,False,False,False,True,True,False,False,False,False,False,False,False,False,False,False,False,False,False,False,True,False,False,False,False,False,False,False,False,False,False,False,False,2
386.0,-0.22602749078715756,-0.4100796454651764,-1.0836910854871284,1.357600594246166,False,False,False,True,False,False,False,False,False,True,False,False,False,False,False,False,False,False,False,False,False,False,False,False,False,True,False,False,False,False,False,False,False,False,False,False,False,1
387.0,0.34699995064507105,1.5511302280872503,-0.9008565590695289,-1.0125191719619109,False,False,False,True,False,False,False,False,False,False,False,False,False,False,True,False,False,False,False,False,False,False,False,False,False,False,False,False,False,False,False,False,False,False,False,False,False,0
388.0,1.349797973151471,-1.180554952932201,-1.1192438189854692,1.6807713203167132,False,False,False,True,False,False,False,True,False,True,False,False,False,False,False,False,False,False,False,False,False,False,False,False,True,False,False,False,False,False,False,False,False,False,False,False,False,0
389.0,-1.0855686529355004,0.010179613153200814,0.9321852053197128,0.7042604978257642,False,False,False,False,False,False,False,False,False,True,False,True,False,False,False,False,False,False,False,False,False,False,False,False,False,False,False,False,False,False,False,False,False,False,False,False,False,1
390.0,1.0632842524353567,0.710611710850496,0.4100342105967946,-0.013781897876549088,False,True,False,False,False,False,True,False,False,False,False,False,False,False,False,False,False,False,False,False,True,False,False,False,False,False,False,False,False,False,False,False,False,False,False,False,False,2
391.0,-0.36928435114521474,0.710611710850496,-0.9756715805824698,-0.24123545009282657,False,False,False,True,False,False,False,False,True,False,False,False,False,False,True,False,False,False,False,False,False,False,False,False,False,False,False,False,False,False,False,False,False,False,False,False,False,1
392.0,-0.0827706304291004,0.5004820815413076,1.1822341369631162,1.5847937949857644,False,True,False,False,False,False,False,False,True,True,False,False,False,False,False,False,False,False,False,False,False,False,False,False,False,False,False,False,False,False,True,False,False,False,False,False,False,1
393.0,0.34699995064507105,-0.7602956943138239,1.0996823687220743,-1.02682822131559,False,True,False,False,False,False,False,False,True,True,False,False,False,False,False,False,False,False,False,False,False,True,False,False,False,False,False,False,False,False,False,False,False,False,False,False,False,2
394.0,0.6335136713611853,-1.180554952932201,0.7880117241357908,-0.6571933860791055,False,False,True,False,False,False,False,False,False,True,False,False,False,False,False,True,False,False,False,False,False,False,False,False,False,False,False,False,False,False,False,False,False,False,False,False,False,2
395.0,-0.36928435114521474,0.5004820815413076,1.554301320523607,-0.6707654461327915,False,False,False,False,False,False,False,False,True,True,False,False,False,False,False,False,False,False,False,False,False,False,False,False,False,False,False,False,False,False,False,False,True,False,False,False,False,0
396.0,-0.9423117925774434,0.3603956620018484,1.0921951944690733,-0.7363016780007939,False,False,False,True,False,False,False,False,True,False,False,False,False,False,False,False,False,False,False,False,False,False,False,False,True,False,False,False,False,False,False,False,False,False,False,False,False,2
397.0,0.7767705317192425,-1.1105117431624716,1.296129939236039,-0.11000728956399791,False,False,False,False,False,True,False,False,True,True,False,False,False,False,False,False,False,False,False,False,False,False,False,False,False,False,False,False,False,False,False,False,False,False,True,False,False,1
398.0,0.06048622992895674,0.710611710850496,0.8605465607625905,1.7062442703671499,True,False,False,False,False,False,False,True,False,True,True,False,False,False,False,False,False,False,False,False,False,False,False,False,False,False,False,False,False,False,False,False,False,False,False,False,False,1
399.0,-1.3720823736516148,-0.12990680638625834,-0.02330301560075368,1.356026000265912,False,False,False,False,True,False,False,True,False,False,False,False,False,False,False,False,False,False,False,False,False,False,False,False,False,False,False,False,True,False,False,False,False,False,False,False,False,2
400.0,1.6363116938675855,0.5705252913110368,0.48786679021776325,-0.600448514864385,False,False,False,False,False,True,False,False,False,True,False,False,False,False,False,False,False,False,True,False,False,False,False,False,False,False,False,False,False,False,False,False,False,False,False,False,False,0
401.0,-0.36928435114521474,1.2009141792386029,0.3702387450217534,-0.26931925909839566,False,False,False,False,False,False,False,False,True,True,False,False,True,False,False,False,False,False,False,False,False,False,False,False,False,False,False,False,False,False,False,False,False,False,False,False,False,1
402.0,0.2037430902870139,-1.180554952932201,-0.2871238101883131,0.5909793303451999,True,False,False,False,False,False,False,False,False,False,False,False,False,False,False,False,False,False,False,False,False,False,False,False,False,False,False,False,False,False,False,False,False,False,False,False,False,2
404.0,-1.3720823736516148,0.9907845499294143,-1.4865124045019913,1.1166003194259786,False,True,False,False,False,False,False,False,True,True,False,False,False,False,False,False,False,False,False,False,True,False,False,False,False,False,False,False,False,False,False,False,False,False,False,False,False,0
405.0,0.4902568110031282,0.3603956620018484,0.37403905316532204,1.3246692537262923,True,False,False,False,False,False,False,False,True,False,True,False,False,False,False,False,False,False,False,False,False,False,False,False,False,False,False,False,False,False,False,False,False,False,False,False,False,1
406.0,-0.7990549322193862,0.710611710850496,0.8012617537229196,1.2458371032862154,False,True,False,False,False,False,False,False,False,False,False,False,False,False,False,False,False,False,False,False,True,False,False,False,False,False,False,False,False,False,False,False,False,False,False,False,False,1
407.0,1.0632842524353567,1.2009141792386029,-0.3340774681173598,-0.4361237695780157,False,False,False,False,False,True,False,False,False,True,False,False,False,False,False,False,False,False,True,False,False,False,False,False,False,False,False,False,False,False,False,False,False,False,False,False,False,0
409.0,-0.5125412115032719,1.6211734378569798,-0.024652975806976573,-1.7012806559591145,True,False,False,False,False,False,True,False,False,True,False,False,False,False,False,False,False,False,False,False,False,False,False,False,False,False,False,False,False,False,False,False,False,False,False,False,False,0
410.0,0.34699995064507105,0.15026603269265998,0.03844348357967658,-0.35121063119180723,True,False,False,False,False,False,False,False,False,True,False,False,False,False,False,False,False,False,False,False,False,False,False,False,False,False,False,False,False,False,False,False,False,False,False,False,True,2
411.0,1.206541112793414,-0.05986359661652877,0.8002861522293467,-0.13830297840319744,False,False,False,True,False,False,False,True,False,True,False,False,False,False,False,False,False,False,False,False,False,False,False,False,True,False,False,False,False,False,False,False,False,False,False,False,False,1
412.0,-1.3720823736516148,-0.3400364356954468,-0.711771376571015,1.4194731777603908,False,False,False,False,False,False,False,False,False,True,False,False,False,False,False,False,False,False,False,False,False,False,False,False,False,False,False,False,False,False,False,False,False,True,False,False,False,0
413.0,-1.5153392340096719,-1.180554952932201,1.414381915619799,1.3741694503522905,False,False,False,True,False,False,False,False,True,False,False,False,False,False,False,False,False,False,False,False,False,False,False,False,True,False,False,False,False,False,False,False,False,False,False,False,False,1
414.0,-1.5153392340096719,0.2903524522321188,-0.27939840766362584,1.6257222221898693,False,False,False,False,False,False,True,False,False,True,False,False,False,False,False,False,False,False,False,False,False,False,False,False,False,False,False,False,False,False,False,False,False,True,False,False,False,1
415.0,-1.3720823736516148,-0.7602956943138239,1.0958253395614375,1.34318211648621,False,False,False,True,False,False,False,False,True,True,False,False,False,False,False,False,False,False,False,False,False,False,False,False,True,False,False,False,False,False,False,False,False,False,False,False,False,1
416.0,0.7767705317192425,1.4810870183175204,-0.7981801739726937,-1.7158889809876785,False,True,False,False,False,False,False,True,False,True,False,False,False,False,False,False,False,False,False,False,False,True,False,False,False,False,False,False,False,False,False,False,False,False,False,False,False,0
417.0,0.2037430902870139,0.2903524522321188,0.19097764267944972,0.49323222283354984,True,False,False,False,False,False,False,False,False,True,False,False,False,False,False,False,False,False,False,False,False,False,False,False,False,False,False,False,False,False,False,False,False,False,False,False,False,2
418.0,1.0632842524353567,0.3603956620018484,0.5980984147880812,-1.506450722771234,False,False,False,False,False,True,False,False,False,False,False,False,False,False,False,False,False,False,False,False,False,False,False,False,False,False,False,False,False,False,False,True,False,False,False,False,False,0
419.0,0.7767705317192425,-0.48012285523490594,1.0605221785381966,-0.7935547670486938,False,False,False,False,False,False,False,False,True,False,False,False,True,False,False,False,False,False,False,False,False,False,False,False,False,False,False,False,False,False,False,False,False,False,False,False,False,1
420.0,-0.36928435114521474,-1.5307710017808487,-1.200173366138361,0.2729227298257264,False,False,False,False,False,False,False,False,True,False,False,False,False,False,False,False,False,False,False,False,False,False,False,False,False,False,False,False,False,False,False,False,False,True,False,False,False,0
422.0,1.349797973151471,-0.26999322592571723,-1.2160665951208673,0.5391796683497156,False,False,False,True,False,False,True,False,False,False,False,False,False,False,False,False,False,False,False,False,False,False,False,False,True,False,False,False,False,False,False,False,False,False,False,False,False,1
424.0,-1.2288255132935577,0.3603956620018484,0.40640406550443053,-1.3830760700445748,False,False,False,False,True,False,True,False,False,True,False,False,False,False,False,False,False,False,False,False,False,False,False,False,False,False,False,True,False,False,False,False,False,False,False,False,False,0
425.0,0.2037430902870139,1.341000598778062,1.3970593170071741,-1.2959233214238581,False,True,False,False,False,False,False,False,False,False,False,False,False,False,False,False,False,False,False,False,False,True,False,False,False,False,False,False,False,False,False,False,False,False,False,False,False,0
426.0,-1.6585960943677291,1.341000598778062,-0.6312161881307733,-1.4255989205374542,True,False,False,False,False,False,True,False,False,True,False,False,False,False,False,False,False,False,False,False,False,False,False,False,False,False,False,False,False,False,False,False,False,False,False,True,False,0
427.0,0.2037430902870139,0.5705252913110368,0.23127225320469103,-1.122728265459544,False,False,False,False,False,True,True,False,False,False,False,False,False,False,False,False,False,False,False,False,False,False,False,False,False,False,False,False,False,False,False,True,False,False,False,False,False,0
428.0,0.4902568110031282,-0.9704253236230124,0.49989164583621926,0.6572852331513117,True,False,False,False,False,False,False,False,False,False,True,False,False,False,False,False,False,False,False,False,False,False,False,False,False,False,False,False,False,False,False,False,False,False,False,False,False,2
429.0,1.349797973151471,1.270957389008332,1.5913514888725477,1.1538698719987268,False,False,False,False,True,False,False,False,False,False,False,False,False,False,False,False,False,False,False,False,False,False,False,False,False,False,True,False,False,False,False,False,False,False,False,False,False,0
430.0,0.2037430902870139,1.341000598778062,0.11019557017093533,-0.3183542013930086,False,False,False,False,False,False,False,False,False,False,False,False,False,False,False,False,False,False,False,False,False,False,False,False,False,False,False,False,False,False,False,False,True,False,False,False,False,2
431.0,1.0632842524353567,-1.040468533392742,0.1927700268188045,0.6722637052722494,False,False,False,False,False,False,False,True,False,True,False,True,False,False,False,False,False,False,False,False,False,False,False,False,False,False,False,False,False,False,False,False,False,False,False,False,False,1
432.0,-1.3720823736516148,0.8506981303899552,-1.6372201468521688,-1.046742722420338,False,False,False,False,True,False,False,False,False,True,False,False,False,False,False,False,False,False,False,False,False,False,False,False,False,False,False,False,False,True,False,False,False,False,False,False,False,2
433.0,-1.3720823736516148,-0.7602956943138239,0.7321074897133839,1.6507802255990542,False,False,False,False,False,True,False,False,True,False,False,False,False,False,False,False,False,False,False,False,False,False,False,False,False,False,False,False,False,False,False,True,False,False,False,False,False,1
435.0,-0.9423117925774434,1.7612598573964389,0.8771885071703971,1.2063007669820975,False,False,True,False,False,False,False,False,False,False,False,False,False,True,False,False,False,False,False,False,False,False,False,False,False,False,False,False,False,False,False,False,False,False,False,False,False,1
436.0,0.06048622992895674,-1.6008142115505781,0.42199100099476883,1.5534036323891942,False,False,False,False,False,True,False,False,False,False,False,False,False,False,False,False,True,False,False,False,False,False,False,False,False,False,False,False,False,False,False,False,False,False,False,False,False,0
437.0,1.206541112793414,1.4110438085477912,-0.6241941262177315,1.2720485114743134,False,False,True,False,False,False,True,False,False,False,False,False,False,False,False,False,False,False,False,False,False,False,True,False,False,False,False,False,False,False,False,False,False,False,False,False,False,2
438.0,-1.5153392340096719,0.4304388717715777,-1.2754421557878473,-1.5105322554415999,False,False,False,False,True,False,False,True,False,False,False,False,False,False,False,False,False,False,False,False,False,False,False,False,False,False,False,True,False,False,False,False,False,False,False,False,False,2
439.0,-0.655798071861329,1.6912166476267096,-0.2681449578772972,0.5240925022413353,False,False,False,True,False,False,False,False,False,False,False,False,False,False,True,False,False,False,False,False,False,False,False,False,False,False,False,False,False,False,False,False,False,False,False,False,False,1
440.0,1.206541112793414,-0.12990680638625834,0.040145114091722243,-1.325561895101162,False,False,True,False,False,False,False,True,False,False,False,False,False,False,False,False,False,True,False,False,False,False,False,False,False,False,False,False,False,False,False,False,False,False,False,False,False,1
441.0,-1.5153392340096719,1.2009141792386029,0.45214389366821794,-1.7247416656136056,False,True,False,False,False,False,False,False,True,True,False,False,False,False,False,False,False,False,False,False,False,False,False,False,False,False,False,False,False,False,True,False,False,False,False,False,False,2
442.0,-1.2288255132935577,-1.5307710017808487,-0.8628421334304288,-1.563851062795366,False,False,False,True,False,False,False,False,True,True,False,False,False,False,False,False,False,False,False,False,False,False,False,False,True,False,False,False,False,False,False,False,False,False,False,False,False,1
443.0,0.34699995064507105,-0.5501660650046353,-0.6288906264309776,1.451479517758749,False,False,True,False,False,False,False,False,False,False,False,False,False,False,False,False,False,True,False,False,False,False,False,False,False,False,False,False,False,False,False,False,False,False,False,False,False,0
444.0,-1.2288255132935577,-1.5307710017808487,-0.5882103129896726,1.4246680893832127,False,False,False,False,True,False,False,False,True,True,False,False,False,False,False,False,False,False,False,False,False,False,False,False,False,False,True,False,False,False,False,False,False,False,False,False,False,2
445.0,0.06048622992895674,1.6912166476267096,0.9689971453969674,-0.9567110519700515,False,False,False,True,False,False,False,True,False,False,False,False,False,False,True,False,False,False,False,False,False,False,False,False,False,False,False,False,False,False,False,False,False,False,False,False,False,0
447.0,0.06048622992895674,1.270957389008332,-0.7801882673586642,1.587108683150765,False,False,True,False,False,False,False,False,False,True,False,False,False,True,False,False,False,False,False,False,False,False,False,False,False,False,False,False,False,False,False,False,False,False,False,False,False,0
448.0,0.2037430902870139,1.5511302280872503,0.3301596743613713,-0.011743151193159765,False,False,False,False,True,False,False,False,True,True,False,False,False,False,False,False,False,False,False,False,False,False,False,False,False,False,False,False,False,True,False,False,False,False,False,False,False,2
449.0,1.0632842524353567,-1.4607277920111192,0.17111394250217005,-0.37150519404318855,False,True,False,False,False,False,False,True,False,False,False,False,False,False,False,False,False,False,False,False,False,False,False,False,False,False,False,False,False,False,True,False,False,False,False,False,False,1
450.0,0.7767705317192425,-0.4100796454651764,-1.3508357316748838,-0.05868903911424946,False,False,True,False,False,False,False,True,False,True,False,False,False,False,False,True,False,False,False,False,False,False,False,False,False,False,False,False,False,False,False,False,False,False,False,False,False,2
452.0,-0.22602749078715756,-0.9704253236230124,0.9385946802484182,-0.07951899329567075,False,False,True,False,False,False,False,True,False,False,False,False,False,False,False,False,False,True,False,False,False,False,False,False,False,False,False,False,False,False,False,False,False,False,False,False,False,2
453.0,-1.5153392340096719,-0.9704253236230124,-1.162056842668538,0.9879587820307583,False,False,False,False,False,True,False,True,False,False,False,False,False,False,False,False,True,False,False,False,False,False,False,False,False,False,False,False,False,False,False,False,False,False,False,False,False,0
454.0,1.4930548335095282,-0.12990680638625834,-0.6308531736215369,-0.23852507738567663,False,False,False,False,False,True,False,False,False,True,False,False,False,False,False,False,False,False,True,False,False,False,False,False,False,False,False,False,False,False,False,False,False,False,False,False,False,0
455.0,0.9200273920772997,-0.8303389040835536,-0.3615190961749495,-0.8653779913457859,False,False,False,False,False,True,False,True,False,True,False,False,False,False,False,False,False,False,False,False,False,False,False,False,False,False,False,False,False,False,False,False,False,False,True,False,False,0
456.0,0.9200273920772997,-1.3906845822413896,0.2779196176415694,-0.6056004629854133,False,True,False,False,False,False,False,False,True,True,False,False,False,False,False,False,False,False,False,False,True,False,False,False,False,False,False,False,False,False,False,False,False,False,False,False,False,1
457.0,-1.0855686529355004,-1.180554952932201,-0.7865296770668877,-1.473010797208764,False,False,False,True,False,False,False,False,False,False,False,False,False,False,True,False,False,False,False,False,False,False,False,False,False,False,False,False,False,False,False,False,False,False,False,False,False,2
459.0,-1.5153392340096719,1.6912166476267096,1.0333187787522935,-1.2278136859612607,False,False,False,False,False,False,True,False,False,True,False,False,False,False,False,False,False,False,False,False,False,False,False,False,False,False,False,False,False,False,False,False,True,False,False,False,False,1
460.0,-0.36928435114521474,0.9207413401596845,0.9414874521188958,1.086576175860786,False,False,True,False,False,False,False,False,True,False,False,False,False,True,False,False,False,False,False,False,False,False,False,False,False,False,False,False,False,False,False,False,False,False,False,False,False,0
461.0,-1.5153392340096719,1.6211734378569798,-1.0038278934551188,-0.2772715462337481,False,False,False,False,True,False,False,False,True,True,False,False,False,False,False,False,False,False,False,False,False,False,False,False,False,False,False,True,False,False,False,False,False,False,False,False,False,2
462.0,-0.22602749078715756,-0.19995001615598762,-1.2370420272326836,0.9242053518824702,False,False,True,False,False,False,False,False,False,True,False,False,False,False,False,True,False,False,False,False,False,False,False,False,False,False,False,False,False,False,False,False,False,False,False,False,False,1
463.0,0.7767705317192425,-0.7602956943138239,-1.2469341726093757,1.5851279555552682,False,True,False,False,False,False,False,True,False,True,False,False,False,False,False,False,False,False,False,False,True,False,False,False,False,False,False,False,False,False,False,False,False,False,False,False,False,0
466.0,-0.5125412115032719,-0.6902524845440944,-1.2532755823175992,0.2367434220121604,False,False,False,False,False,False,True,False,False,True,False,False,False,False,False,False,False,False,False,False,False,False,False,False,False,False,False,False,False,False,False,False,False,True,False,False,False,2
467.0,1.4930548335095282,-0.9003821138532828,1.456661761742427,-1.1677646644120414,True,False,False,False,False,False,False,False,False,True,False,False,False,False,False,False,False,False,False,False,False,False,False,False,False,False,False,False,False,False,False,False,False,False,False,True,False,1
468.0,0.9200273920772997,-1.32064137247166,-1.409485263323391,1.5186219236168708,False,False,True,False,False,False,False,False,False,True,False,False,False,True,False,False,False,False,False,False,False,False,False,False,False,False,False,False,False,False,False,False,False,False,False,False,False,1
469.0,-0.5125412115032719,-0.8303389040835536,0.07264625687179439,1.285271355372397,False,False,False,False,True,False,False,True,False,True,False,False,False,False,False,False,False,False,False,False,False,False,False,False,False,False,False,False,True,False,False,False,False,False,False,False,False,1
470.0,-1.3720823736516148,-0.48012285523490594,0.12404684253898703,1.2709982925415875,False,False,False,False,False,True,False,False,True,True,False,False,False,False,False,False,False,False,True,False,False,False,False,False,False,False,False,False,False,False,False,False,False,False,False,False,False,0
471.0,1.206541112793414,0.6405685010807668,1.535889678383273,0.6739833469722335,True,False,False,False,False,False,True,False,False,True,False,False,False,False,False,False,False,False,False,False,False,False,False,False,False,False,False,False,False,False,False,False,False,False,False,False,False,1
473.0,0.2037430902870139,-0.9704253236230124,-1.2980284647844,-1.6931330134138982,True,False,False,False,False,False,False,False,True,False,False,False,False,False,False,False,False,False,False,False,False,False,False,False,False,False,False,False,False,False,False,False,False,False,False,False,True,2
474.0,0.9200273920772997,1.0608277596991436,0.45977854256559614,0.865081698064184,False,False,False,False,False,True,False,False,True,False,False,False,False,False,False,False,False,False,True,False,False,False,False,False,False,False,False,False,False,False,False,False,False,False,False,False,False,1
475.0,-0.7990549322193862,-1.2505981627019307,-1.0213433435257755,-1.4251777313361131,False,False,False,True,False,False,False,False,False,False,False,False,False,False,False,False,False,False,False,True,False,False,False,False,False,False,False,False,False,False,False,False,False,False,False,False,False,0
476.0,0.4902568110031282,-0.5501660650046353,-1.3317207489229042,-0.8383587224402067,False,False,False,True,False,False,False,False,True,False,False,False,False,False,False,False,False,False,False,False,False,False,False,False,True,False,False,False,False,False,False,False,False,False,False,False,False,1
477.0,0.4902568110031282,1.270957389008332,1.1184343369648173,0.17937098990372358,True,False,False,False,False,False,False,False,False,True,False,False,False,False,False,False,False,False,False,False,False,False,False,False,False,False,False,False,False,False,False,False,False,False,False,True,False,1
478.0,-1.6585960943677291,-1.180554952932201,1.0779241865747171,-0.1686326402033649,False,True,False,False,False,False,False,False,False,False,False,False,False,False,False,False,False,False,False,False,False,True,False,False,False,False,False,False,False,False,False,False,False,False,False,False,False,2
480.0,-1.2288255132935577,-0.05986359661652877,-1.442803188749245,1.1299660077872895,False,False,False,False,True,False,True,False,False,False,False,False,False,False,False,False,False,False,False,False,False,False,False,False,False,False,False,True,False,False,False,False,False,False,False,False,False,2
482.0,-0.655798071861329,0.22030924246238925,-0.9124503349582667,0.6342094261752923,False,False,True,False,False,False,False,True,False,False,False,False,False,False,False,False,False,False,False,False,False,False,True,False,False,False,False,False,False,False,False,False,False,False,False,False,False,1
484.0,-1.0855686529355004,-1.2505981627019307,0.8433941252011702,1.6070264891402668,False,False,False,False,True,False,True,False,False,True,False,False,False,False,False,False,False,False,False,False,False,False,False,False,False,False,False,False,True,False,False,False,False,False,False,False,False,1
485.0,-0.7990549322193862,0.2903524522321188,-0.9440099088550069,-1.3260311887361351,False,False,False,False,True,False,False,False,True,False,False,False,False,False,False,False,False,False,False,False,False,False,False,False,False,False,True,False,False,False,False,False,False,False,False,False,False,1
486.0,1.0632842524353567,0.010179613153200814,0.69295864373292,0.829694460963167,False,False,False,True,False,False,True,False,False,True,False,False,False,False,False,False,False,False,False,False,False,False,False,False,True,False,False,False,False,False,False,False,False,False,False,False,False,1
488.0,-1.2288255132935577,0.4304388717715777,-1.6768681377828327,-0.4124354572943786,False,False,False,False,False,True,True,False,False,True,False,False,False,False,False,False,False,False,False,False,False,False,False,False,False,False,False,False,False,False,False,True,False,False,False,False,False,2
489.0,-0.9423117925774434,-0.7602956943138239,0.4279920846005832,0.29795943508872297,False,False,True,False,False,False,True,False,False,False,False,False,False,False,False,False,False,True,False,False,False,False,False,False,False,False,False,False,False,False,False,False,False,False,False,False,False,0
490.0,-0.7990549322193862,-0.05986359661652877,-0.32223411975352195,0.8268254537878571,False,False,False,False,True,False,True,False,False,False,False,False,False,False,False,False,False,False,False,False,False,False,False,False,False,False,False,True,False,False,False,False,False,False,False,False,False,1
491.0,0.7767705317192425,-1.4607277920111192,1.0714806790357707,-1.731533570991121,False,False,False,True,False,False,False,False,True,False,False,False,False,False,False,False,False,False,False,False,False,False,False,False,True,False,False,False,False,False,False,False,False,False,False,False,False,2
492.0,-1.0855686529355004,-0.12990680638625834,-0.5494812025355134,-0.8354041554707274,False,False,False,False,False,False,False,False,False,True,False,False,False,False,False,False,False,False,False,False,False,False,False,False,False,False,False,False,False,False,False,False,True,False,False,False,False,1
493.0,1.0632842524353567,-0.6902524845440944,0.5071405918175338,0.1330093321651398,False,False,False,True,False,False,False,False,True,False,False,False,False,False,False,False,False,False,False,False,False,False,False,False,True,False,False,False,False,False,False,False,False,False,False,False,False,1
494.0,-1.3720823736516148,1.130870969468873,0.29546910032246704,0.11442706682540169,False,False,True,False,False,False,False,False,False,True,False,False,False,False,False,False,False,False,False,False,False,False,True,False,False,False,False,False,False,False,False,False,False,False,False,False,False,2
495.0,-0.7990549322193862,-1.5307710017808487,-0.472204488881813,0.4798558853991445,False,False,True,False,False,False,False,False,True,True,False,False,False,False,False,False,False,True,False,False,False,False,False,False,False,False,False,False,False,False,False,False,False,False,False,False,False,1
496.0,1.349797973151471,-0.26999322592571723,-0.14381248846382746,-0.6845071569371486,False,False,False,True,False,False,False,True,False,True,False,False,False,False,True,False,False,False,False,False,False,False,False,False,False,False,False,False,False,False,False,False,False,False,False,False,False,2
497.0,0.2037430902870139,-0.12990680638625834,-0.9996986034125546,0.14113347330766532,False,False,False,False,False,True,False,True,False,True,False,False,False,False,False,False,False,False,True,False,False,False,False,False,False,False,False,False,False,False,False,False,False,False,False,False,False,2
499.0,-1.0855686529355004,0.2903524522321188,1.4550962616713448,-1.0925954279069086,False,False,True,False,False,False,False,True,False,False,False,False,False,False,False,True,False,False,False,False,False,False,False,False,False,False,False,False,False,False,False,False,False,False,False,False,False,0
500.0,1.349797973151471,0.5705252913110368,0.9440058652767234,0.2668402730419263,False,False,False,True,False,False,True,False,False,False,False,False,False,False,False,False,False,False,False,False,False,False,False,False,True,False,False,False,False,False,False,False,False,False,False,False,False,0
501.0,-1.0855686529355004,0.9907845499294143,0.8083178482462023,0.646766886609705,False,False,False,False,True,False,False,False,False,True,False,False,False,False,False,False,False,False,False,False,False,False,False,False,False,False,False,False,True,False,False,False,False,False,False,False,False,0
502.0,1.4930548335095282,1.270957389008332,1.3037305555231764,-1.3244830338339073,False,False,False,True,False,False,False,True,False,False,False,False,False,False,False,False,False,False,False,False,False,False,False,False,True,False,False,False,False,False,False,False,False,False,False,False,False,1
503.0,-1.5153392340096719,-0.6202092747743648,0.4646565500334604,-1.3161459112295002,False,True,False,False,False,False,False,False,False,True,False,False,False,False,False,False,False,False,False,False,False,False,False,False,False,False,False,False,False,False,True,False,False,False,False,False,False,1
504.0,1.206541112793414,0.15026603269265998,1.102450354355002,0.22755547518847877,True,False,False,False,False,False,False,False,True,True,True,False,False,False,False,False,False,False,False,False,False,False,False,False,False,False,False,False,False,False,False,False,False,False,False,False,False,0
505.0,1.349797973151471,1.2009141792386029,0.8069565438365658,-0.802270849771483,False,False,False,False,False,False,False,False,False,True,False,False,False,False,False,False,False,False,False,False,False,False,False,False,False,False,False,False,False,False,False,False,False,True,False,False,False,2
506.0,-0.9423117925774434,1.6912166476267096,0.4436017084977487,-0.3756172050951682,False,False,False,False,False,True,False,False,True,False,False,False,False,False,False,False,False,False,True,False,False,False,False,False,False,False,False,False,False,False,False,False,False,False,False,False,False,2
507.0,0.34699995064507105,1.341000598778062,-0.951962195447967,-0.3464905213452142,False,False,False,False,False,False,False,False,False,False,False,True,False,False,False,False,False,False,False,False,False,False,False,False,False,False,False,False,False,False,False,False,False,False,False,False,False,2
511.0,1.6363116938675855,0.8506981303899552,0.34656339249749146,0.7497797771616653,False,False,False,False,False,False,False,True,False,True,False,False,False,False,False,False,False,False,False,False,False,False,False,False,False,False,False,False,False,False,False,False,False,True,False,False,False,2
512.0,-0.7990549322193862,0.010179613153200814,1.6316234109909618,0.6644392070140259,False,False,False,False,True,False,False,True,False,True,False,False,False,False,False,False,False,False,False,False,False,False,False,False,False,False,True,False,False,False,False,False,False,False,False,False,False,0
513.0,-1.0855686529355004,-0.05986359661652877,1.3233446832253561,0.16198031912227026,True,False,False,False,False,False,True,False,False,False,False,False,False,False,False,False,False,False,False,False,False,False,False,False,False,False,False,False,False,False,False,False,False,False,False,False,False,2
514.0,-1.6585960943677291,1.2009141792386029,-0.9629660727591955,0.7008281914047197,False,False,False,True,False,False,True,False,False,True,False,False,False,False,False,False,False,False,False,True,False,False,False,False,False,False,False,False,False,False,False,False,False,False,False,False,False,1
515.0,0.06048622992895674,-0.48012285523490594,0.35372158485149685,1.5196420313773995,False,False,False,False,False,False,False,False,True,True,False,False,True,False,False,False,False,False,False,False,False,False,False,False,False,False,False,False,False,False,False,False,False,False,False,False,False,2
516.0,1.206541112793414,1.270957389008332,1.0259904233470833,0.5776984673592244,True,False,False,False,False,False,False,False,False,False,False,False,False,False,False,False,False,False,False,False,False,False,False,False,False,False,False,False,False,False,False,False,False,False,False,False,True,2
517.0,0.7767705317192425,-0.3400364356954468,-1.4540226059253327,-0.8197287198762538,False,False,False,True,False,False,False,False,True,False,False,False,False,False,False,False,False,False,False,False,False,False,False,False,True,False,False,False,False,False,False,False,False,False,False,False,False,1
518.0,0.06048622992895674,-0.6202092747743648,-0.37572203884882394,0.24589538231297228,False,False,False,False,True,False,False,False,False,True,False,False,False,False,False,False,False,False,False,False,False,False,False,False,False,False,False,False,True,False,False,False,False,False,False,False,False,0
520.0,1.206541112793414,0.9207413401596845,-0.17658589212582693,0.1965652036470619,False,False,False,False,True,False,True,False,False,True,False,False,False,False,False,False,False,False,False,False,False,False,False,False,False,False,False,False,False,True,False,False,False,False,False,False,False,0
521.0,0.7767705317192425,-1.32064137247166,-1.5844696009787531,0.06118170135504318,True,False,False,False,False,False,False,False,False,True,True,False,False,False,False,False,False,False,False,False,False,False,False,False,False,False,False,False,False,False,False,False,False,False,False,False,False,2
524.0,-1.2288255132935577,-1.1105117431624716,-0.7271881490101486,-1.0860150351536062,True,False,False,False,False,False,True,False,False,True,False,False,False,False,False,False,False,False,False,False,False,False,False,False,False,False,False,False,False,False,False,False,False,False,False,False,False,0
525.0,0.6335136713611853,0.22030924246238925,-0.5025048561996394,-1.5246639426468502,False,False,True,False,False,False,False,False,True,True,False,False,False,True,False,False,False,False,False,False,False,False,False,False,False,False,False,False,False,False,False,False,False,False,False,False,False,2
526.0,-1.3720823736516148,0.2903524522321188,-1.0000048969047228,-0.26410855747064144,False,False,False,True,False,False,True,False,False,False,False,False,False,False,False,False,False,False,False,True,False,False,False,False,False,False,False,False,False,False,False,False,False,False,False,False,False,0
527.0,0.6335136713611853,-0.05986359661652877,-1.501679604466025,-1.6900396412847791,False,True,False,False,False,False,False,False,False,False,False,False,False,False,False,False,False,False,False,False,False,False,False,True,False,False,False,False,False,False,False,False,False,False,False,False,False,0
528.0,-0.22602749078715756,0.5004820815413076,1.3859533418652228,-0.6341201495690055,False,False,False,False,False,True,False,False,True,False,False,False,False,False,False,False,False,False,False,False,False,False,False,False,False,False,False,False,False,False,False,False,False,False,True,False,False,2
529.0,1.206541112793414,-0.9704253236230124,-0.1073068418787412,-0.46065813235850567,False,False,False,False,True,False,False,False,False,True,False,False,False,False,False,False,False,False,False,False,False,False,False,False,False,False,False,False,False,True,False,False,False,False,False,False,False,1
530.0,1.0632842524353567,0.22030924246238925,0.4096938844943855,-0.43425944736771893,False,True,False,False,False,False,False,True,False,True,False,False,False,False,False,False,False,False,False,False,True,False,False,False,False,False,False,False,False,False,False,False,False,False,False,False,False,1
531.0,1.4930548335095282,-0.4100796454651764,-0.9956260343870587,1.6719549894230732,True,False,False,False,False,False,False,False,True,False,False,False,False,False,False,False,False,False,False,False,False,False,False,False,False,False,False,False,False,False,False,False,False,False,False,True,False,1
532.0,1.206541112793414,0.5705252913110368,-0.6710797189262964,-0.6843422799088987,False,False,True,False,False,False,False,False,False,False,False,False,False,False,False,False,False,True,False,False,False,False,False,False,False,False,False,False,False,False,False,False,False,False,False,False,False,2
533.0,-1.2288255132935577,-1.2505981627019307,-0.47905638774365017,-0.819253918100025,False,False,False,False,True,False,True,False,False,False,False,False,False,False,False,False,False,False,False,False,False,False,False,False,False,False,False,False,True,False,False,False,False,False,False,False,False,2
534.0,-1.5153392340096719,0.2903524522321188,-1.1812966116580677,-1.2931530935817312,False,False,True,False,False,False,False,True,False,True,False,False,False,True,False,False,False,False,False,False,False,False,False,False,False,False,False,False,False,False,False,False,False,False,False,False,False,1
535.0,1.0632842524353567,-1.1105117431624716,-1.2399461433065748,0.03815179555615337,False,False,False,False,False,False,False,False,False,False,False,False,True,False,False,False,False,False,False,False,False,False,False,False,False,False,False,False,False,False,False,False,False,False,False,False,False,0
536.0,0.4902568110031282,-0.7602956943138239,1.18399248849223,-1.2084059338520237,False,False,True,False,False,False,False,False,True,True,False,False,False,False,False,False,False,False,False,False,False,False,True,False,False,False,False,False,False,False,False,False,False,False,False,False,False,1
537.0,0.7767705317192425,-0.9704253236230124,-1.635677335187914,0.4054405298271887,False,False,False,False,False,False,False,False,False,False,False,True,False,False,False,False,False,False,False,False,False,False,False,False,False,False,False,False,False,False,False,False,False,False,False,False,False,2
538.0,-0.655798071861329,-1.1105117431624716,0.2811980924281107,-1.203223874558798,False,False,False,True,False,False,False,True,False,True,False,False,False,False,False,False,False,False,False,True,False,False,False,False,False,False,False,False,False,False,False,False,False,False,False,False,False,0
539.0,-1.3720823736516148,1.130870969468873,1.365749315585534,0.26722180362622766,False,False,False,False,True,False,False,False,True,True,False,False,False,False,False,False,False,False,False,False,False,False,False,False,False,False,False,False,True,False,False,False,False,False,False,False,False,0
540.0,-0.5125412115032719,-0.7602956943138239,0.39153181482915145,1.1379344521369914,False,False,False,False,True,False,False,True,False,False,False,False,False,False,False,False,False,False,False,False,False,False,False,False,False,False,False,True,False,False,False,False,False,False,False,False,False,2
541.0,1.0632842524353567,1.4810870183175204,-1.3489752823150472,-1.5961504359085195,False,False,False,False,False,True,False,False,False,True,False,False,False,False,False,False,False,False,False,False,False,False,False,False,False,False,False,False,False,False,False,False,False,False,True,False,False,0
542.0,-0.9423117925774434,1.6211734378569798,-0.7249419967342484,-0.28021436250188225,True,False,False,False,False,False,True,False,False,False,True,False,False,False,False,False,False,False,False,False,False,False,False,False,False,False,False,False,False,False,False,False,False,False,False,False,False,1
543.0,-0.36928435114521474,0.2903524522321188,1.1945879744805676,-0.1361327707485091,False,False,False,False,False,False,True,False,False,True,False,True,False,False,False,False,False,False,False,False,False,False,False,False,False,False,False,False,False,False,False,False,False,False,False,False,False,2
544.0,1.206541112793414,-1.2505981627019307,1.1833231804908253,1.0151495377340938,False,False,False,False,False,True,False,False,False,True,False,False,False,False,False,False,False,False,False,False,False,False,False,False,False,False,False,False,False,False,False,True,False,False,False,False,False,2
546.0,0.06048622992895674,1.0608277596991436,0.08343459431816388,0.2353454557615007,False,False,True,False,False,False,False,False,False,True,False,False,False,True,False,False,False,False,False,False,False,False,False,False,False,False,False,False,False,False,False,False,False,False,False,False,False,2
547.0,0.6335136713611853,-0.48012285523490594,1.3728167543122303,1.0156103855524747,False,False,False,False,False,True,False,False,True,False,False,False,False,False,False,False,False,False,False,False,False,False,False,False,False,False,False,False,False,False,False,True,False,False,False,False,False,0
548.0,-0.5125412115032719,-1.4607277920111192,-1.0715187552242953,0.2082145551931422,False,False,False,False,True,False,False,True,False,False,False,False,False,False,False,False,False,False,False,False,False,False,False,False,False,False,False,True,False,False,False,False,False,False,False,False,False,2
549.0,0.6335136713611853,0.22030924246238925,1.3133958168315958,-0.4945735941160388,False,False,True,False,False,False,False,True,False,False,False,False,False,True,False,False,False,False,False,False,False,False,False,False,False,False,False,False,False,False,False,False,False,False,False,False,False,2
550.0,1.6363116938675855,1.2009141792386029,-1.613885120430316,-1.4450371510283055,False,False,False,True,False,False,False,True,False,True,False,False,False,False,True,False,False,False,False,False,False,False,False,False,False,False,False,False,False,False,False,False,False,False,False,False,False,0
551.0,-0.5125412115032719,1.0608277596991436,1.1876339777880076,0.8018056401580439,False,False,False,True,False,False,False,False,False,True,False,False,False,False,False,False,False,False,False,False,False,False,False,False,False,True,False,False,False,False,False,False,False,False,False,False,False,2
552.0,-0.5125412115032719,-1.1105117431624716,1.5604952555874532,1.2944589349866615,False,False,False,False,False,True,False,True,False,True,False,False,False,False,False,False,False,False,False,False,False,False,False,False,False,False,False,False,False,False,False,False,False,False,True,False,False,0
553.0,-1.6585960943677291,0.6405685010807668,-1.4383335726042719,1.6395627123274095,False,False,False,False,False,False,False,False,False,False,False,False,True,False,False,False,False,False,False,False,False,False,False,False,False,False,False,False,False,False,False,False,False,False,False,False,False,0
554.0,-1.5153392340096719,-0.9704253236230124,1.215903732694793,1.487936803101012,False,False,False,False,False,False,False,False,True,False,False,False,True,False,False,False,False,False,False,False,False,False,False,False,False,False,False,False,False,False,False,False,False,False,False,False,False,2
556.0,-1.6585960943677291,1.341000598778062,-1.6609408761900852,0.500247758746041,False,False,False,False,False,False,False,False,False,True,False,False,False,False,False,False,False,False,False,False,False,False,False,False,False,False,False,False,False,False,False,False,True,False,False,False,False,2
557.0,-0.36928435114521474,-0.9003821138532828,-0.06477742328101328,0.9816181770267812,False,False,False,False,True,False,False,False,False,False,False,False,False,False,False,False,False,False,False,False,False,False,False,False,False,False,False,False,True,False,False,False,False,False,False,False,False,1
558.0,0.7767705317192425,-0.8303389040835536,-0.1727969281856719,-0.2371777860345682,False,False,False,False,True,False,True,False,False,True,False,False,False,False,False,False,False,False,False,False,False,False,False,False,False,False,False,False,True,False,False,False,False,False,False,False,False,0
559.0,-0.655798071861329,-1.7409006310900372,0.6230896949083252,0.330373377539992,False,False,False,False,False,False,True,False,False,False,False,False,True,False,False,False,False,False,False,False,False,False,False,False,False,False,False,False,False,False,False,False,False,False,False,False,False,1
560.0,1.206541112793414,1.341000598778062,-0.9333009808325329,-0.528061624112141,False,False,False,True,False,False,False,False,True,True,False,False,False,False,False,False,False,False,False,False,False,False,False,False,True,False,False,False,False,False,False,False,False,False,False,False,False,2
561.0,-0.22602749078715756,1.0608277596991436,1.388732671701564,-0.6047753434253315,False,False,False,False,False,False,False,True,False,False,False,False,False,False,False,False,False,False,False,False,False,False,False,False,False,False,False,False,False,False,False,False,False,True,False,False,False,2
562.0,1.4930548335095282,0.4304388717715777,-0.0978684646385946,0.8952141684074025,False,False,False,False,True,False,False,False,False,True,False,False,False,False,False,False,False,False,False,False,False,False,False,False,False,False,False,False,True,False,False,False,False,False,False,False,False,1
563.0,-1.5153392340096719,0.9207413401596845,-0.5025615772167076,-0.16095759617787544,False,True,False,False,False,False,False,True,False,True,False,False,False,False,False,False,False,False,False,False,True,False,False,False,False,False,False,False,False,False,False,False,False,False,False,False,False,2
564.0,-0.655798071861329,-1.180554952932201,0.9468872929437874,-1.0043748343014482,True,False,False,False,False,False,False,False,False,False,False,False,False,False,False,False,False,False,False,False,False,False,False,False,False,False,False,False,False,False,False,False,False,False,False,False,True,1
566.0,-0.655798071861329,-0.48012285523490594,-0.0610565245613401,1.2527164045049857,False,True,False,False,False,False,True,False,False,False,False,False,False,False,False,False,False,False,False,False,False,False,False,False,False,False,False,False,False,False,True,False,False,False,False,False,False,1
567.0,0.6335136713611853,-1.3906845822413896,-0.8194165227630236,0.6198632886704928,False,False,False,False,False,False,False,False,True,True,False,False,True,False,False,False,False,False,False,False,False,False,False,False,False,False,False,False,False,False,False,False,False,False,False,False,False,1
568.0,0.34699995064507105,-0.05986359661652877,-1.45392050809461,0.1603789188545721,False,False,False,True,False,False,True,False,False,False,False,False,False,False,False,False,False,False,False,False,False,False,False,False,False,True,False,False,False,False,False,False,False,False,False,False,False,1
569.0,0.6335136713611853,1.4810870183175204,-0.7852591262845603,-0.3458266067192113,False,False,False,False,False,True,False,True,False,False,False,False,False,False,False,False,False,False,True,False,False,False,False,False,False,False,False,False,False,False,False,False,False,False,False,False,False,1
570.0,1.4930548335095282,-1.6008142115505781,0.8489868174840937,-0.24159531532152262,False,False,False,False,False,False,False,True,False,True,False,False,False,False,False,False,False,False,False,False,False,False,False,False,False,False,False,False,False,False,False,False,True,False,False,False,False,0
571.0,1.6363116938675855,-0.6902524845440944,0.7915284271940185,-1.5441352219852347,False,False,False,True,False,False,False,False,True,False,False,False,False,False,False,False,False,False,False,False,False,False,False,False,True,False,False,False,False,False,False,False,False,False,False,False,False,0
572.0,0.06048622992895674,-1.040468533392742,-0.8790643443119308,-0.15754805674068736,True,False,False,False,False,False,True,False,False,False,False,False,False,False,False,False,False,False,False,False,False,False,False,False,False,False,False,False,False,False,False,False,False,False,False,False,False,0
574.0,-1.0855686529355004,1.4110438085477912,-0.24931358021065853,-0.3910102566479405,False,False,False,False,True,False,True,False,False,True,False,False,False,False,False,False,False,False,False,False,False,False,False,False,False,False,False,False,True,False,False,False,False,False,False,False,False,0
575.0,-0.0827706304291004,-0.12990680638625834,-1.3535923731043977,-0.406377970750937,False,False,False,False,False,True,True,False,False,True,False,False,False,False,False,False,True,False,False,False,False,False,False,False,False,False,False,False,False,False,False,False,False,False,False,False,False,2
576.0,-1.6585960943677291,-0.12990680638625834,-1.3949760271573484,-1.6896698614018228,False,False,False,True,False,False,False,True,False,True,False,False,False,False,False,False,False,False,False,False,False,False,False,False,True,False,False,False,False,False,False,False,False,False,False,False,False,0
577.0,1.4930548335095282,0.9207413401596845,0.28149304171686534,-0.14734367425064743,False,False,False,True,False,False,False,True,False,False,False,False,False,False,False,False,False,False,False,True,False,False,False,False,False,False,False,False,False,False,False,False,False,False,False,False,False,1
578.0,-1.0855686529355004,-1.180554952932201,1.0632901641711243,-1.6561069206846453,False,False,False,True,False,False,True,False,False,True,False,False,False,False,True,False,False,False,False,False,False,False,False,False,False,False,False,False,False,False,False,False,False,False,False,False,False,2
579.0,-0.655798071861329,-0.05986359661652877,-1.440454938642622,0.24516096347889837,True,False,False,False,False,False,True,False,False,False,True,False,False,False,False,False,False,False,False,False,False,False,False,False,False,False,False,False,False,False,False,False,False,False,False,False,False,1
580.0,0.06048622992895674,-0.26999322592571723,-0.8035800147975852,0.02341127513745598,False,False,False,False,False,False,True,False,False,False,False,False,False,False,False,False,False,False,False,False,False,False,False,False,False,False,False,False,False,False,False,False,True,False,False,False,False,2
581.0,-0.655798071861329,0.3603956620018484,1.6585318614881106,1.1858637268769059,True,False,False,False,False,False,False,True,False,False,False,False,False,False,False,False,False,False,False,False,False,False,False,False,False,False,False,False,False,False,False,False,False,False,False,False,False,1
584.0,-1.6585960943677291,-0.3400364356954468,0.35468584214165605,0.056369421944773776,False,False,False,False,False,False,True,False,False,False,False,False,False,False,False,False,False,False,False,False,False,False,False,False,False,False,False,False,False,False,False,False,False,True,False,False,False,0
585.0,0.06048622992895674,1.130870969468873,-0.49037790275046067,0.6964209439814426,False,False,False,False,True,False,False,False,False,False,False,False,False,False,False,False,False,False,False,False,False,False,False,False,False,False,False,False,False,True,False,False,False,False,False,False,False,2
586.0,0.9200273920772997,-1.1105117431624716,0.6681829034775352,-1.4167054756662365,True,False,False,False,False,False,True,False,False,True,False,False,False,False,False,False,False,False,False,False,False,False,False,False,False,False,False,False,False,False,False,False,False,False,False,False,True,2
587.0,1.6363116938675855,-1.6008142115505781,0.13277053496407445,0.42211330619833465,False,False,False,False,False,True,False,True,False,True,False,False,False,False,False,False,False,False,False,False,False,False,False,False,False,False,False,False,False,False,False,False,False,False,True,False,False,2
588.0,-1.3720823736516148,-1.040468533392742,1.5679597414336268,1.4531440780461775,False,False,False,True,False,False,False,False,False,True,False,False,False,False,False,False,False,False,False,True,False,False,False,False,False,False,False,False,False,False,False,False,False,False,False,False,False,2
589.0,1.6363116938675855,-0.5501660650046353,1.5336435261073726,-0.7009842106890137,False,False,False,True,False,False,False,False,False,False,False,False,False,False,False,False,False,False,False,False,False,False,False,False,False,True,False,False,False,False,False,False,False,False,False,False,False,2
590.0,0.6335136713611853,0.0802228229229304,-0.41947663141522473,0.4414777275963613,False,False,False,False,False,False,False,False,True,True,False,False,True,False,False,False,False,False,False,False,False,False,False,False,False,False,False,False,False,False,False,False,False,False,False,False,False,1
591.0,-1.0855686529355004,0.4304388717715777,-0.5607686849320829,1.1207020486142814,False,False,False,False,True,False,True,False,False,True,False,False,False,False,False,False,False,False,False,False,False,False,False,False,False,False,True,False,False,False,False,False,False,False,False,False,False,1
592.0,1.0632842524353567,1.4810870183175204,-0.9215597302994178,0.04093414130904253,False,False,True,False,False,False,False,True,False,True,False,False,False,True,False,False,False,False,False,False,False,False,False,False,False,False,False,False,False,False,False,False,False,False,False,False,False,0
593.0,1.206541112793414,0.010179613153200814,-0.7493660666838105,0.7601670299413895,False,False,True,False,False,False,False,False,True,False,False,False,False,True,False,False,False,False,False,False,False,False,False,False,False,False,False,False,False,False,False,False,False,False,False,False,False,0
594.0,-0.655798071861329,0.010179613153200814,1.60149320672434,-0.6595409558822227,False,False,False,True,False,False,False,False,True,True,False,False,False,False,True,False,False,False,False,False,False,False,False,False,False,False,False,False,False,False,False,False,False,False,False,False,False,2
595.0,0.2037430902870139,-1.5307710017808487,1.247746911676874,-0.6768155884878923,False,False,False,False,False,False,True,False,False,False,False,True,False,False,False,False,False,False,False,False,False,False,False,False,False,False,False,False,False,False,False,False,False,False,False,False,False,0
596.0,-1.2288255132935577,-1.6008142115505781,-1.433410188322753,0.5843625838596109,True,False,False,False,False,False,False,False,True,False,False,False,False,False,False,False,False,False,False,False,False,False,False,False,False,False,False,False,False,False,False,False,False,False,False,True,False,0
597.0,-0.22602749078715756,0.22030924246238925,0.5788699900019653,0.7163141469400023,False,False,True,False,False,False,True,False,False,False,False,False,False,False,False,False,False,True,False,False,False,False,False,False,False,False,False,False,False,False,False,False,False,False,False,False,False,2
598.0,1.0632842524353567,-0.19995001615598762,0.25186198240044355,1.5242512439800475,True,False,False,False,False,False,False,False,True,True,False,False,False,False,False,False,False,False,False,False,False,False,False,False,False,False,False,False,False,False,False,False,False,False,False,False,True,1
599.0,0.34699995064507105,1.2009141792386029,1.0790132301024262,-0.9601503353700196,False,False,False,False,True,False,True,False,False,True,False,False,False,False,False,False,False,False,False,False,False,False,False,False,False,False,False,False,False,True,False,False,False,False,False,False,False,1
600.0,0.9200273920772997,-1.180554952932201,-0.9397558325748927,-0.11112507502945848,False,False,True,False,False,False,False,True,False,True,False,False,False,False,False,False,False,True,False,False,False,False,False,False,False,False,False,False,False,False,False,False,False,False,False,False,False,0
601.0,-0.7990549322193862,-1.6708574213203076,1.4635590374179186,-0.8705835520417018,False,False,True,False,False,False,True,False,False,False,False,False,False,False,False,True,False,False,False,False,False,False,False,False,False,False,False,False,False,False,False,False,False,False,False,False,False,1
602.0,0.9200273920772997,-0.19995001615598762,-1.0607417619813393,-1.4650963326433661,False,True,False,False,False,False,True,False,False,True,False,False,False,False,False,False,False,False,False,False,False,False,False,True,False,False,False,False,False,False,False,False,False,False,False,False,False,1
604.0,-0.22602749078715756,-1.6008142115505781,1.1214292066660179,-0.4395204566856075,False,False,False,False,False,True,False,True,False,True,False,False,False,False,False,False,False,False,False,False,False,False,False,False,False,False,False,False,False,False,False,True,False,False,False,False,False,2
605.0,-1.0855686529355004,0.7806549206202252,1.6393147809054083,-0.8010906387051261,False,False,False,False,False,False,False,True,False,True,False,False,True,False,False,False,False,False,False,False,False,False,False,False,False,False,False,False,False,False,False,False,False,False,False,False,False,0
606.0,-1.0855686529355004,-1.32064137247166,-0.8951731131592964,-0.7084337881324423,False,False,False,False,False,False,False,True,False,True,False,False,True,False,False,False,False,False,False,False,False,False,False,False,False,False,False,False,False,False,False,False,False,False,False,False,False,0
607.0,1.349797973151471,0.3603956620018484,1.1189902029320857,-0.4872044355349412,True,False,False,False,False,False,False,False,True,True,False,False,False,False,False,False,False,False,False,False,False,False,False,False,False,False,False,False,False,False,False,False,False,False,False,False,False,0
608.0,-0.655798071861329,-0.7602956943138239,-1.602166558304028,1.705052675808865,False,False,False,False,True,False,False,False,False,False,False,False,False,False,False,False,False,False,False,False,False,False,False,False,False,False,True,False,False,False,False,False,False,False,False,False,False,2
609.0,-0.36928435114521474,-1.1105117431624716,-0.39952217761063596,0.986842832612383,False,False,True,False,False,False,False,True,False,False,False,False,False,False,False,False,False,True,False,False,False,False,False,False,False,False,False,False,False,False,False,False,False,False,False,False,False,2
610.0,-0.9423117925774434,-0.4100796454651764,-1.4117200713958775,-1.4954149781610224,False,False,False,False,False,True,False,False,True,False,False,False,False,False,False,False,False,False,False,False,False,False,False,False,False,False,False,False,False,False,False,True,False,False,False,False,False,2
611.0,0.34699995064507105,1.0608277596991436,-1.0844057703021877,1.2989069426552302,True,False,False,False,False,False,False,False,True,False,True,False,False,False,False,False,False,False,False,False,False,False,False,False,False,False,False,False,False,False,False,False,False,False,False,False,False,2
613.0,0.6335136713611853,0.9207413401596845,-1.0830331216891376,1.3623298843281852,True,False,False,False,False,False,False,False,False,False,False,False,False,False,False,False,False,False,False,False,False,False,False,False,False,False,False,False,False,False,False,False,False,False,False,False,True,1
615.0,-0.655798071861329,0.9907845499294143,-0.7787588977285458,-0.12402807952530293,False,False,True,False,False,False,False,False,False,False,False,False,False,False,False,False,False,False,False,False,False,False,True,False,False,False,False,False,False,False,False,False,False,False,False,False,False,2
616.0,-0.5125412115032719,-0.9003821138532828,0.333267986096708,1.3819814634903351,False,True,False,False,False,False,True,False,False,True,False,False,False,False,False,False,False,False,False,False,False,False,False,True,False,False,False,False,False,False,False,False,False,False,False,False,False,1
617.0,-1.5153392340096719,0.6405685010807668,-1.6372314910555823,-0.7936285761415182,True,False,False,False,False,False,False,False,True,False,False,False,False,False,False,False,False,False,False,False,False,False,False,False,False,False,False,False,False,False,False,False,False,False,False,True,False,0
619.0,0.7767705317192425,1.4810870183175204,-0.41455324713370595,1.1457152524745875,False,False,False,False,False,True,False,False,True,True,False,False,False,False,False,False,True,False,False,False,False,False,False,False,False,False,False,False,False,False,False,False,False,False,False,False,False,2
620.0,-1.3720823736516148,-0.4100796454651764,-0.6442053010393886,1.6761687174835722,False,False,False,False,False,False,True,False,False,True,False,False,False,False,False,False,False,False,False,False,False,False,False,False,False,False,False,False,False,False,False,False,False,True,False,False,False,1
623.0,-1.2288255132935577,1.130870969468873,0.6330499055054991,-0.5902713058712057,False,False,False,False,False,False,True,False,False,True,False,False,False,False,False,False,False,False,False,False,False,False,False,False,False,False,False,False,False,False,False,False,False,True,False,False,False,1
624.0,0.2037430902870139,0.0802228229229304,1.2731238947131818,1.5857885652965173,True,False,False,False,False,False,False,False,False,False,False,False,False,False,False,False,False,False,False,False,False,False,False,False,False,False,False,False,False,False,False,False,False,False,False,False,False,0
625.0,-0.5125412115032719,0.9907845499294143,-0.6832747375959569,-0.5825745964901111,False,True,False,False,False,False,False,False,False,True,False,False,False,False,False,False,False,False,False,False,False,True,False,False,False,False,False,False,False,False,False,False,False,False,False,False,False,1
626.0,-0.5125412115032719,-0.9003821138532828,0.8265593273353318,0.22723820625215888,False,False,False,False,False,True,False,False,True,False,False,False,False,False,False,False,False,False,False,False,False,False,False,False,False,False,False,False,False,False,False,True,False,False,False,False,False,0
627.0,1.4930548335095282,-0.5501660650046353,-1.6499596872856839,-0.3362663095466542,False,False,False,False,False,True,False,False,False,False,False,False,False,False,False,False,True,False,False,False,False,False,False,False,False,False,False,False,False,False,False,False,False,False,False,False,False,1
628.0,0.7767705317192425,-1.6008142115505781,-0.21367009308500873,-0.36228750325672676,False,False,True,False,False,False,False,False,False,False,False,False,False,False,False,False,False,False,False,False,False,False,True,False,False,False,False,False,False,False,False,False,False,False,False,False,False,1
629.0,-0.36928435114521474,1.6211734378569798,0.6264589233221756,-1.0698978466304374,False,True,False,False,False,False,False,True,False,False,False,False,False,False,False,False,False,False,False,False,True,False,False,False,False,False,False,False,False,False,False,False,False,False,False,False,False,2
630.0,1.206541112793414,0.5705252913110368,-1.0119503430992833,0.12909928629253017,True,False,False,False,False,False,False,False,True,False,False,False,False,False,False,False,False,False,False,False,False,False,False,False,False,False,False,False,False,False,False,False,False,False,False,False,True,2
631.0,-1.2288255132935577,1.5511302280872503,0.2826274620582291,1.2186404722322073,False,False,False,False,False,False,True,False,False,True,False,False,True,False,False,False,False,False,False,False,False,False,False,False,False,False,False,False,False,False,False,False,False,False,False,False,False,0
632.0,-0.0827706304291004,-0.8303389040835536,-1.4626782331299384,-1.5718690804163677,False,False,False,False,False,False,False,False,True,True,False,False,False,False,False,False,False,False,False,False,False,False,False,False,False,False,False,False,False,False,False,False,False,True,False,False,False,2
634.0,-1.5153392340096719,0.6405685010807668,0.4696253111286337,0.5769981990009346,False,False,False,False,True,False,False,True,False,False,False,False,False,False,False,False,False,False,False,False,False,False,False,False,False,False,True,False,False,False,False,False,False,False,False,False,False,2
635.0,1.349797973151471,-0.6202092747743648,-0.6828209694594114,0.4069872158917484,False,False,False,True,False,False,False,False,True,False,False,False,False,False,False,False,False,False,False,False,False,False,False,False,True,False,False,False,False,False,False,False,False,False,False,False,False,2
636.0,0.06048622992895674,1.2009141792386029,1.3342010858922073,0.4389491235506448,False,False,True,False,False,False,False,False,True,True,False,False,False,False,False,False,False,True,False,False,False,False,False,False,False,False,False,False,False,False,False,False,False,False,False,False,False,2
637.0,1.206541112793414,1.5511302280872503,0.8335813892483735,-0.710963126596993,False,False,False,False,False,False,False,False,False,True,False,False,False,False,False,False,False,False,False,False,False,False,False,False,False,False,False,False,False,False,False,False,False,True,False,False,False,0
638.0,0.4902568110031282,1.341000598778062,0.7819085426992537,-0.29626985984298887,False,True,False,False,False,False,False,False,False,True,False,False,False,False,False,False,False,False,False,False,False,False,False,True,False,False,False,False,False,False,False,False,False,False,False,False,False,0
639.0,-1.5153392340096719,0.8506981303899552,-1.390347592164584,1.0438175769221687,False,False,True,False,False,False,False,False,True,True,False,False,False,False,False,False,False,True,False,False,False,False,False,False,False,False,False,False,False,False,False,False,False,False,False,False,False,2
640.0,-0.22602749078715756,-0.7602956943138239,0.7960887969663009,-0.6756900916246742,False,True,False,False,False,False,False,False,False,True,False,False,False,False,False,False,False,False,False,False,False,False,False,True,False,False,False,False,False,False,False,False,False,False,False,False,False,2
641.0,-0.36928435114521474,-0.7602956943138239,0.2980782671076037,-0.10483661376270063,False,False,False,False,True,False,False,False,False,True,False,False,False,False,False,False,False,False,False,False,False,False,False,False,False,False,False,False,True,False,False,False,False,False,False,False,False,0
642.0,0.34699995064507105,1.6211734378569798,0.20145968663365102,-1.6760100382974652,False,False,False,False,False,True,False,False,False,True,False,False,False,False,False,False,False,False,True,False,False,False,False,False,False,False,False,False,False,False,False,False,False,False,False,False,False,1
643.0,0.6335136713611853,-1.6708574213203076,1.6075850439574635,0.8145132892440247,False,False,True,False,False,False,False,False,False,True,False,False,False,False,False,True,False,False,False,False,False,False,False,False,False,False,False,False,False,False,False,False,False,False,False,False,False,0
645.0,0.7767705317192425,0.710611710850496,-0.9312363358112508,0.08821125212429945,False,False,True,False,False,False,False,True,False,True,False,False,False,True,False,False,False,False,False,False,False,False,False,False,False,False,False,False,False,False,False,False,False,False,False,False,False,2
646.0,1.4930548335095282,0.4304388717715777,-1.453886475484369,-1.3444045119175791,False,False,True,False,False,False,False,False,False,True,False,False,False,False,False,False,False,True,False,False,False,False,False,False,False,False,False,False,False,False,False,False,False,False,False,False,False,2
647.0,-0.5125412115032719,1.7612598573964389,0.6301911662452624,1.715087407548234,False,False,True,False,False,False,True,False,False,True,False,False,False,True,False,False,False,False,False,False,False,False,False,False,False,False,False,False,False,False,False,False,False,False,False,False,False,0
648.0,-0.655798071861329,-0.6202092747743648,-1.5987632972799368,-0.6893414689124399,False,False,False,True,False,False,False,False,True,True,False,False,False,False,False,False,False,False,False,False,False,False,False,False,True,False,False,False,False,False,False,False,False,False,False,False,False,2
649.0,0.2037430902870139,-0.5501660650046353,-0.23125360837614722,0.4706576567117859,False,False,True,False,False,False,False,True,False,False,False,False,False,False,False,False,False,True,False,False,False,False,False,False,False,False,False,False,False,False,False,False,False,False,False,False,False,1
650.0,0.7767705317192425,-1.4607277920111192,-1.0279456699125127,0.28313959743594547,False,True,False,False,False,False,False,True,False,True,False,False,False,False,False,False,False,False,False,False,False,True,False,False,False,False,False,False,False,False,False,False,False,False,False,False,False,1
651.0,1.349797973151471,-0.19995001615598762,-0.47171668813502654,0.994288737961641,False,False,False,False,False,True,False,False,False,False,False,False,False,False,False,False,True,False,False,False,False,False,False,False,False,False,False,False,False,False,False,False,False,False,False,False,False,0
652.0,1.0632842524353567,-0.8303389040835536,1.1216334023274632,-0.7194500706435509,False,False,False,False,True,False,False,False,True,False,False,False,False,False,False,False,False,False,False,False,False,False,False,False,False,False,False,True,False,False,False,False,False,False,False,False,False,1
653.0,1.0632842524353567,-0.5501660650046353,1.5420836134471192,0.8925474936208804,True,False,False,False,False,False,True,False,False,False,False,False,False,False,False,False,False,False,False,False,False,False,False,False,False,False,False,False,False,False,False,False,False,False,False,True,False,0
654.0,1.206541112793414,1.2009141792386029,-1.258164933988877,-0.410144070532068,False,False,True,False,False,False,False,False,False,True,False,False,False,False,False,True,False,False,False,False,False,False,False,False,False,False,False,False,False,False,False,False,False,False,False,False,False,0
655.0,-0.0827706304291004,1.5511302280872503,1.5792131912199554,-0.3101665330213355,False,False,False,False,False,False,False,False,True,True,False,False,False,False,False,False,False,False,False,False,False,False,False,False,False,False,False,False,False,False,False,False,True,False,False,False,False,1
656.0,0.9200273920772997,-1.1105117431624716,0.7726743611205525,0.6022533938670687,False,False,True,False,False,False,False,False,False,True,False,False,False,True,False,False,False,False,False,False,False,False,False,False,False,False,False,False,False,False,False,False,False,False,False,False,False,1
657.0,0.2037430902870139,-0.4100796454651764,-1.2863325910649395,0.9914755466177209,False,False,False,False,False,False,False,False,False,False,False,True,False,False,False,False,False,False,False,False,False,False,False,False,False,False,False,False,False,False,False,False,False,False,False,False,False,1
658.0,0.6335136713611853,1.4810870183175204,-0.8376806902589803,0.5818600516825042,False,True,False,False,False,False,False,False,False,False,False,False,False,False,False,False,False,False,False,False,True,False,False,False,False,False,False,False,False,False,False,False,False,False,False,False,False,1
659.0,1.6363116938675855,-1.5307710017808487,0.28354634253473376,1.3947228958426832,False,False,False,False,False,False,False,False,False,False,False,False,False,False,False,False,False,False,False,False,False,False,False,False,False,False,False,False,False,False,False,False,False,True,False,False,False,1
660.0,1.206541112793414,-1.3906845822413896,-0.7885829778847562,-0.7497228149840776,True,False,False,False,False,False,False,False,False,False,False,False,False,False,False,False,False,False,False,False,False,False,False,False,False,False,False,False,False,False,False,False,False,False,False,False,False,1
661.0,-1.3720823736516148,-1.180554952932201,1.5557193459503116,1.3972948305996098,False,False,False,False,False,True,False,False,False,True,False,False,False,False,False,False,False,False,True,False,False,False,False,False,False,False,False,False,False,False,False,False,False,False,False,False,False,1
662.0,1.4930548335095282,0.3603956620018484,-0.6543583630945943,-1.287981316152183,False,False,False,False,False,False,False,False,False,True,False,False,True,False,False,False,False,False,False,False,False,False,False,False,False,False,False,False,False,False,False,False,False,False,False,False,False,2
663.0,-0.7990549322193862,-1.180554952932201,-1.1454716172777997,0.5562673913621138,False,False,False,False,False,False,True,False,False,True,False,False,True,False,False,False,False,False,False,False,False,False,False,False,False,False,False,False,False,False,False,False,False,False,False,False,False,0
664.0,0.6335136713611853,1.6211734378569798,-1.2310069110166282,0.1659065222092296,False,False,False,False,False,True,False,True,False,False,False,False,False,False,False,False,False,False,True,False,False,False,False,False,False,False,False,False,False,False,False,False,False,False,False,False,False,0
665.0,-0.0827706304291004,-0.19995001615598762,0.23816952888018275,-0.018965058798025496,True,False,False,False,False,False,True,False,False,False,False,False,False,False,False,False,False,False,False,False,False,False,False,False,False,False,False,False,False,False,False,False,False,False,False,False,True,1
666.0,-0.5125412115032719,0.010179613153200814,1.026693763958729,-0.6598839294777354,False,False,True,False,False,False,False,False,False,True,False,False,False,False,False,False,False,True,False,False,False,False,False,False,False,False,False,False,False,False,False,False,False,False,False,False,False,0
667.0,0.34699995064507105,-0.9003821138532828,-0.7167741702764292,0.012769179022308064,False,False,False,False,False,False,False,False,False,True,False,True,False,False,False,False,False,False,False,False,False,False,False,False,False,False,False,False,False,False,False,False,False,False,False,False,False,1
668.0,0.7767705317192425,-0.05986359661652877,-0.5607233081184283,-1.1801524740957832,False,False,False,False,False,True,True,False,False,False,False,False,False,False,False,False,True,False,False,False,False,False,False,False,False,False,False,False,False,False,False,False,False,False,False,False,False,2
670.0,0.06048622992895674,0.9207413401596845,1.269323586569613,-1.4002497200605593,False,False,False,False,False,True,False,True,False,True,False,False,False,False,False,False,True,False,False,False,False,False,False,False,False,False,False,False,False,False,False,False,False,False,False,False,False,0
672.0,-0.655798071861329,0.2903524522321188,1.0869541724919727,-1.41041187346764,True,False,False,False,False,False,False,True,False,False,False,False,False,False,False,False,False,False,False,False,False,False,False,False,False,False,False,False,False,False,False,False,False,False,False,False,True,2
673.0,0.2037430902870139,1.4110438085477912,-0.5166057010427911,-1.1851366075132257,False,False,True,False,False,False,False,False,False,False,False,False,False,False,False,False,False,False,False,False,False,False,True,False,False,False,False,False,False,False,False,False,False,False,False,False,False,2
674.0,-0.655798071861329,1.130870969468873,0.9226901070624981,-1.4463469870188765,False,False,False,False,False,True,False,False,True,True,False,False,False,False,False,False,False,False,False,False,False,False,False,False,False,False,False,False,False,False,False,False,False,False,True,False,False,0
675.0,0.2037430902870139,0.9207413401596845,0.937097245397818,-0.41429904508584114,False,False,False,False,True,False,False,False,True,False,False,False,False,False,False,False,False,False,False,False,False,False,False,False,False,False,False,False,True,False,False,False,False,False,False,False,False,0
676.0,-0.7990549322193862,-1.5307710017808487,-0.6118743213105209,1.1926659141180986,False,False,False,False,True,False,False,False,True,True,False,False,False,False,False,False,False,False,False,False,False,False,False,False,False,False,False,False,False,True,False,False,False,False,False,False,False,2
677.0,1.4930548335095282,-1.7409006310900372,0.1759465731563797,1.4192014427917836,False,False,False,True,False,False,False,False,True,True,False,False,False,False,False,False,False,False,False,False,False,False,False,False,False,True,False,False,False,False,False,False,False,False,False,False,False,2
678.0,-0.0827706304291004,-0.9704253236230124,-0.012015533204184121,-1.4937114936753881,False,False,False,False,False,False,False,False,False,False,False,True,False,False,False,False,False,False,False,False,False,False,False,False,False,False,False,False,False,False,False,False,False,False,False,False,False,2
679.0,-0.22602749078715756,0.5705252913110368,0.11996292931007743,0.46912419018623974,True,False,False,False,False,False,False,False,True,True,False,False,False,False,False,False,False,False,False,False,False,False,False,False,False,False,False,False,False,False,False,False,False,False,False,False,True,2
680.0,1.349797973151471,-0.26999322592571723,0.1452605029224896,0.6429743477505474,False,False,False,False,False,True,True,False,False,False,False,False,False,False,False,False,False,False,False,False,False,False,False,False,False,False,False,False,False,False,False,True,False,False,False,False,False,2
681.0,1.349797973151471,-0.3400364356954468,-1.539852848952916,0.1175534878020543,False,False,False,False,True,False,True,False,False,False,False,False,False,False,False,False,False,False,False,False,False,False,False,False,False,False,False,False,True,False,False,False,False,False,False,False,False,1
682.0,-0.22602749078715756,1.341000598778062,1.1794321187199477,0.5822724278578366,False,False,False,False,False,False,False,False,True,True,False,False,False,False,False,False,False,False,False,False,False,False,False,False,False,False,False,False,False,False,False,False,True,False,False,False,False,2
683.0,1.349797973151471,1.4110438085477912,1.216493631272302,-0.9292694922348799,False,False,False,False,True,False,True,False,False,True,False,False,False,False,False,False,False,False,False,False,False,False,False,False,False,False,False,False,False,True,False,False,False,False,False,False,False,1
684.0,0.06048622992895674,1.4110438085477912,-0.6604275119208904,-0.03637849656333519,False,False,False,False,False,True,False,True,False,False,False,False,False,False,False,False,False,False,False,False,False,False,False,False,False,False,False,False,False,False,False,False,False,False,True,False,False,0
685.0,0.7767705317192425,-0.6202092747743648,0.45478709306359555,-0.38093072535969313,False,True,False,False,False,False,False,False,False,False,False,False,False,False,False,False,False,False,False,False,True,False,False,False,False,False,False,False,False,False,False,False,False,False,False,False,False,0
686.0,-1.5153392340096719,0.710611710850496,-0.46759874229587606,-1.4315517523970405,False,False,False,False,False,True,False,False,True,False,False,False,False,False,False,False,False,False,False,False,False,False,False,False,False,False,False,False,False,False,False,True,False,False,False,False,False,1
687.0,1.206541112793414,-0.7602956943138239,0.7712223030836068,0.43774981759460224,False,False,False,True,False,False,False,False,True,False,False,False,False,False,True,False,False,False,False,False,False,False,False,False,False,False,False,False,False,False,False,False,False,False,False,False,False,2
688.0,0.34699995064507105,-1.040468533392742,-0.5114327442861724,-0.016944305376071177,False,False,False,False,False,True,False,False,False,False,False,False,False,False,False,False,False,False,True,False,False,False,False,False,False,False,False,False,False,False,False,False,False,False,False,False,False,0
689.0,1.0632842524353567,-1.1105117431624716,-1.320580741170712,-0.7845555658653691,False,False,False,False,False,True,True,False,False,False,False,False,False,False,False,False,False,False,False,False,False,False,False,False,False,False,False,False,False,False,False,False,False,False,True,False,False,2
690.0,0.7767705317192425,-0.5501660650046353,-0.4560616874242065,-0.0920511162803079,False,False,False,True,False,False,False,False,False,True,False,False,False,False,True,False,False,False,False,False,False,False,False,False,False,False,False,False,False,False,False,False,False,False,False,False,False,2
691.0,0.34699995064507105,-0.26999322592571723,-0.7486513818687512,0.9601217377534376,True,False,False,False,False,False,False,False,False,True,True,False,False,False,False,False,False,False,False,False,False,False,False,False,False,False,False,False,False,False,False,False,False,False,False,False,False,1
692.0,0.9200273920772997,1.2009141792386029,-1.1359651748171713,1.052077585548998,False,False,False,False,False,True,True,False,False,True,False,False,False,False,False,False,False,False,False,False,False,False,False,False,False,False,False,False,False,False,False,False,False,False,True,False,False,0
693.0,1.4930548335095282,-1.32064137247166,0.8046990473572518,0.5213678083669212,False,False,False,True,False,False,False,False,False,True,False,False,False,False,False,False,False,False,False,False,False,False,False,False,False,True,False,False,False,False,False,False,False,False,False,False,False,0
694.0,1.6363116938675855,0.8506981303899552,-1.5590018643151364,-0.11276393065769431,False,False,False,False,False,False,True,False,False,False,False,False,False,False,False,False,False,False,False,False,False,False,False,False,False,False,False,False,False,False,False,False,True,False,False,False,False,1
695.0,-0.0827706304291004,0.15026603269265998,-0.9731758558314696,0.2639995409917284,False,True,False,False,False,False,True,False,False,True,False,False,False,False,False,False,False,False,False,False,True,False,False,False,False,False,False,False,False,False,False,False,False,False,False,False,False,2
696.0,0.06048622992895674,-0.7602956943138239,-0.44367381729651406,-0.40137510965322565,False,True,False,False,False,False,False,False,False,True,False,False,False,False,False,False,False,False,False,False,False,False,False,True,False,False,False,False,False,False,False,False,False,False,False,False,False,2
697.0,1.349797973151471,0.010179613153200814,1.2932485115689751,-1.303006791078501,False,False,False,False,False,True,False,True,False,False,False,False,False,False,False,False,False,False,False,False,False,False,False,False,False,False,False,False,False,False,False,False,False,False,True,False,False,0
698.0,-0.22602749078715756,-0.6902524845440944,-1.1995154023403698,-0.39926365550526316,True,False,False,False,False,False,True,False,False,True,False,False,False,False,False,False,False,False,False,False,False,False,False,False,False,False,False,False,False,False,False,False,False,False,False,False,True,1
699.0,-1.0855686529355004,0.3603956620018484,-0.38553477480162057,0.10556299870754665,True,False,False,False,False,False,False,False,False,False,False,False,False,False,False,False,False,False,False,False,False,False,False,False,False,False,False,False,False,False,False,False,False,False,False,True,False,1
700.0,-1.6585960943677291,-0.19995001615598762,-1.2393675889324793,0.3445289333573498,False,False,False,False,False,False,True,False,False,False,False,False,False,False,False,False,False,False,False,False,False,False,False,False,False,False,False,False,False,False,False,False,False,True,False,False,False,2
701.0,1.6363116938675855,-1.180554952932201,1.632621700891362,1.520034578244212,False,False,False,False,False,True,False,True,False,False,False,False,False,False,False,False,False,False,True,False,False,False,False,False,False,False,False,False,False,False,False,False,False,False,False,False,False,2
702.0,-1.3720823736516148,-1.32064137247166,-1.5033131697575888,0.967222466250681,False,True,False,False,False,False,False,True,False,False,False,False,False,False,False,False,False,False,False,False,False,True,False,False,False,False,False,False,False,False,False,False,False,False,False,False,False,1
703.0,1.349797973151471,0.15026603269265998,1.4590100118490499,-1.2142728387080228,True,False,False,False,False,False,False,False,True,False,False,False,False,False,False,False,False,False,False,False,False,False,False,False,False,False,False,False,False,False,False,False,False,False,False,True,False,0
704.0,0.9200273920772997,1.4110438085477912,-0.9941853205535267,-1.1368643591777987,False,False,False,False,False,True,True,False,False,True,False,False,False,False,False,False,False,False,False,False,False,False,False,False,False,False,False,False,False,False,False,True,False,False,False,False,False,2
705.0,1.4930548335095282,-0.5501660650046353,1.4083467994037437,-1.3939223345955956,False,False,False,False,True,False,True,False,False,True,False,False,False,False,False,False,False,False,False,False,False,False,False,False,False,False,True,False,False,False,False,False,False,False,False,False,False,1
706.0,-0.7990549322193862,0.8506981303899552,-1.1749325135430169,0.8306418612591219,True,False,False,False,False,False,False,False,False,True,False,False,False,False,False,False,False,False,False,False,False,False,False,False,False,False,False,False,False,False,False,False,False,False,False,False,False,1
707.0,-0.0827706304291004,0.5705252913110368,1.635627914795976,0.7188030923686787,False,False,False,True,False,False,True,False,False,False,False,False,False,False,True,False,False,False,False,False,False,False,False,False,False,False,False,False,False,False,False,False,False,False,False,False,False,1
709.0,-1.0855686529355004,1.130870969468873,0.13274784655724717,0.07657585453606645,True,False,False,False,False,False,False,True,False,True,False,False,False,False,False,False,False,False,False,False,False,False,False,False,False,False,False,False,False,False,False,False,False,False,False,False,True,2
710.0,0.34699995064507105,0.22030924246238925,0.03203400865097125,1.1384426699701704,False,True,False,False,False,False,False,True,False,True,False,False,False,False,False,False,False,False,False,False,False,False,False,True,False,False,False,False,False,False,False,False,False,False,False,False,False,2
711.0,-0.655798071861329,0.5705252913110368,0.8086127975349569,0.2664073331392397,False,False,True,False,False,False,False,False,True,True,False,False,False,False,False,True,False,False,False,False,False,False,False,False,False,False,False,False,False,False,False,False,False,False,False,False,False,2
712.0,-0.36928435114521474,1.4110438085477912,-0.15303532583911497,1.304745205176701,False,False,False,False,True,False,True,False,False,False,False,False,False,False,False,False,False,False,False,False,False,False,False,False,False,False,False,False,False,True,False,False,False,False,False,False,False,0
713.0,0.4902568110031282,-0.3400364356954468,0.5827950843830839,0.7707771788372554,False,False,False,False,False,False,True,False,False,True,False,False,True,False,False,False,False,False,False,False,False,False,False,False,False,False,False,False,False,False,False,False,False,False,False,False,False,2
714.0,-0.655798071861329,-0.6202092747743648,-0.9505328258178486,0.49819689415188934,False,False,False,False,False,False,False,False,True,False,False,True,False,False,False,False,False,False,False,False,False,False,False,False,False,False,False,False,False,False,False,False,False,False,False,False,False,2
715.0,-1.6585960943677291,-1.6708574213203076,-1.3745110841991457,0.22692717987592853,False,True,False,False,False,False,False,False,False,False,False,False,False,False,False,False,False,False,False,False,False,False,False,False,False,False,False,False,False,False,True,False,False,False,False,False,False,2
716.0,-0.0827706304291004,1.130870969468873,-1.3218172593427984,0.7775778972407797,True,False,False,False,False,False,False,True,False,True,False,False,False,False,False,False,False,False,False,False,False,False,False,False,False,False,False,False,False,False,False,False,False,False,False,False,False,2
717.0,-1.0855686529355004,1.0608277596991436,0.7734571111560935,-0.2805389756265428,False,False,False,False,False,True,False,False,True,False,False,False,False,False,False,False,False,False,False,False,False,False,False,False,False,False,False,False,False,False,False,True,False,False,False,False,False,0
718.0,-1.3720823736516148,-1.3906845822413896,0.08493202916876406,-1.407590603516545,True,False,False,False,False,False,False,False,True,False,False,False,False,False,False,False,False,False,False,False,False,False,False,False,False,False,False,False,False,False,False,False,False,False,False,True,False,1
719.0,-1.6585960943677291,0.2903524522321188,-0.4618358869617481,-1.6050060582097825,False,True,False,False,False,False,True,False,False,False,False,False,False,False,False,False,False,False,False,False,False,False,False,True,False,False,False,False,False,False,False,False,False,False,False,False,False,1
721.0,-0.655798071861329,-1.32064137247166,-1.6516045967806614,0.3461251926932092,True,False,False,False,False,False,True,False,False,False,False,False,False,False,False,False,False,False,False,False,False,False,False,False,False,False,False,False,False,False,False,False,False,False,False,False,False,2
722.0,-1.3720823736516148,1.6912166476267096,0.28549754552187945,-1.4694330758585727,False,False,False,False,False,False,False,False,True,False,False,True,False,False,False,False,False,False,False,False,False,False,False,False,False,False,False,False,False,False,False,False,False,False,False,False,False,2
723.0,-0.36928435114521474,-0.9704253236230124,1.5211762465557848,-0.7436370533155241,False,False,False,False,True,False,False,False,False,False,False,False,False,False,False,False,False,False,False,False,False,False,False,False,False,False,False,True,False,False,False,False,False,False,False,False,False,0
724.0,-1.5153392340096719,-1.5307710017808487,0.9017713959677501,-0.6210911922431175,False,False,False,False,False,True,False,True,False,True,False,False,False,False,False,False,False,False,True,False,False,False,False,False,False,False,False,False,False,False,False,False,False,False,False,False,False,2
725.0,-0.22602749078715756,0.3603956620018484,-1.1131973585660002,0.21880928129349256,False,False,False,False,True,False,False,False,True,True,False,False,False,False,False,False,False,False,False,False,False,False,False,False,False,False,False,False,False,True,False,False,False,False,False,False,False,0
726.0,-0.36928435114521474,0.8506981303899552,1.0734886030399846,-0.7730141738878975,False,False,False,False,False,False,False,False,True,False,False,False,False,False,False,False,False,False,False,False,False,False,False,False,False,False,False,False,False,False,False,False,True,False,False,False,False,2
727.0,1.206541112793414,-1.6008142115505781,1.4687433383779511,-1.4108279217371427,False,False,False,False,False,False,False,False,False,False,False,True,False,False,False,False,False,False,False,False,False,False,False,False,False,False,False,False,False,False,False,False,False,False,False,False,False,2
728.0,0.2037430902870139,0.5705252913110368,-0.9019456025972381,-1.1693961758519367,False,False,True,False,False,False,False,False,True,True,False,False,False,True,False,False,False,False,False,False,False,False,False,False,False,False,False,False,False,False,False,False,False,False,False,False,False,1
729.0,-0.7990549322193862,0.15026603269265998,1.4476204316217576,-1.13768213454954,False,False,True,False,False,False,False,False,True,True,False,False,False,False,False,False,False,True,False,False,False,False,False,False,False,False,False,False,False,False,False,False,False,False,False,False,False,2
730.0,-1.5153392340096719,-1.3906845822413896,0.566164482178691,1.1952352784091063,False,False,False,False,True,False,False,True,False,True,False,False,False,False,False,False,False,False,False,False,False,False,False,False,False,False,False,True,False,False,False,False,False,False,False,False,False,0
731.0,-0.5125412115032719,-1.1105117431624716,0.7402980045780304,-0.7526509428755304,False,False,False,True,False,False,False,True,False,True,False,False,False,False,False,False,False,False,False,False,False,False,False,False,False,True,False,False,False,False,False,False,False,False,False,False,False,1
732.0,0.4902568110031282,0.22030924246238925,1.1614061794956771,0.7486972438002406,False,False,False,False,True,False,False,True,False,False,False,False,False,False,False,False,False,False,False,False,False,False,False,False,False,False,False,False,True,False,False,False,False,False,False,False,False,0
733.0,0.06048622992895674,-0.6902524845440944,-0.2484967975648766,0.23640228446373304,False,False,True,False,False,False,True,False,False,False,False,False,False,False,False,False,False,False,False,False,False,False,True,False,False,False,False,False,False,False,False,False,False,False,False,False,False,1
734.0,-0.5125412115032719,1.5511302280872503,0.11623068638699062,1.6638921722531925,False,False,False,False,False,False,False,False,False,True,False,False,True,False,False,False,False,False,False,False,False,False,False,False,False,False,False,False,False,False,False,False,False,False,False,False,False,0
735.0,1.0632842524353567,1.130870969468873,-0.5780572509344668,-0.7927582898231406,False,True,False,False,False,False,False,True,False,True,False,False,False,False,False,False,False,False,False,False,False,True,False,False,False,False,False,False,False,False,False,False,False,False,False,False,False,1
736.0,-1.2288255132935577,1.6912166476267096,0.4486725674236448,-1.192014439894328,False,False,False,False,True,False,True,False,False,True,False,False,False,False,False,False,False,False,False,False,False,False,False,False,False,False,False,True,False,False,False,False,False,False,False,False,False,0
737.0,1.349797973151471,-0.8303389040835536,-1.265686140852119,-1.5629638848438046,False,False,False,False,False,False,True,False,False,True,False,True,False,False,False,False,False,False,False,False,False,False,False,False,False,False,False,False,False,False,False,False,False,False,False,False,False,0
738.0,-0.36928435114521474,1.6211734378569798,1.4505245476956488,-0.903911845941393,False,True,False,False,False,False,False,False,False,False,False,False,False,False,False,False,False,False,False,False,True,False,False,False,False,False,False,False,False,False,False,False,False,False,False,False,False,2
739.0,1.349797973151471,-0.19995001615598762,1.237072016264641,0.641876758803024,False,True,False,False,False,False,False,False,False,True,False,False,False,False,False,False,False,False,False,False,False,False,False,True,False,False,False,False,False,False,False,False,False,False,False,False,False,1
740.0,-0.0827706304291004,-0.5501660650046353,0.15553835121524542,-1.4470747960834438,False,False,True,False,False,False,False,False,True,True,False,False,False,False,False,True,False,False,False,False,False,False,False,False,False,False,False,False,False,False,False,False,False,False,False,False,False,1
741.0,0.6335136713611853,-1.5307710017808487,-0.41302177967286485,-0.8908571839563121,False,False,False,False,True,False,True,False,False,True,False,False,False,False,False,False,False,False,False,False,False,False,False,False,False,False,True,False,False,False,False,False,False,False,False,False,False,2
742.0,0.2037430902870139,-1.5307710017808487,-0.19895666125752057,1.239236881224393,True,False,False,False,False,False,False,True,False,False,False,False,False,False,False,False,False,False,False,False,False,False,False,False,False,False,False,False,False,False,False,False,False,False,False,False,False,0
744.0,-1.5153392340096719,-0.12990680638625834,0.5066074142570928,-1.5019718695116342,False,False,True,False,False,False,True,False,False,False,False,False,False,False,False,False,False,False,False,False,False,False,True,False,False,False,False,False,False,False,False,False,False,False,False,False,False,1
745.0,1.206541112793414,-0.9704253236230124,0.6040654657836547,-1.5781549712172063,False,False,True,False,False,False,False,True,False,True,False,False,False,False,False,False,False,True,False,False,False,False,False,False,False,False,False,False,False,False,False,False,False,False,False,False,False,0
746.0,1.0632842524353567,0.4304388717715777,0.16423935523350555,-1.531270774478179,True,False,False,False,False,False,True,False,False,True,False,False,False,False,False,False,False,False,False,False,False,False,False,False,False,False,False,False,False,False,False,False,False,False,False,False,True,1
747.0,-0.22602749078715756,-0.8303389040835536,-1.3372567201887595,1.5412240304449127,False,False,False,False,False,True,False,False,False,True,False,False,False,False,False,False,False,False,False,False,False,False,False,False,False,False,False,False,False,False,False,True,False,False,False,False,False,1
748.0,0.4902568110031282,0.2903524522321188,1.3127151646267774,1.2202705148344344,False,False,False,False,False,False,False,False,True,False,False,False,False,False,False,False,False,False,False,False,False,False,False,False,False,False,False,False,False,False,False,False,True,False,False,False,False,0
749.0,0.9200273920772997,-0.48012285523490594,1.6651341878748478,1.2030671208556702,False,False,False,True,False,False,True,False,False,False,False,False,False,False,True,False,False,False,False,False,False,False,False,False,False,False,False,False,False,False,False,False,False,False,False,False,False,0
750.0,1.4930548335095282,1.130870969468873,1.0310159054593249,1.479623181899295,False,False,False,False,True,False,False,True,False,True,False,False,False,False,False,False,False,False,False,False,False,False,False,False,False,False,True,False,False,False,False,False,False,False,False,False,False,0
751.0,-0.9423117925774434,1.130870969468873,1.3768779791343126,0.018080863239747676,False,False,False,True,False,False,False,False,False,True,False,False,False,False,True,False,False,False,False,False,False,False,False,False,False,False,False,False,False,False,False,False,False,False,False,False,False,2
752.0,1.6363116938675855,-0.05986359661652877,0.5323927886162914,-0.8816380243321822,False,False,False,False,False,False,False,False,True,False,False,False,False,False,False,False,False,False,False,False,False,False,False,False,False,False,False,False,False,False,False,False,False,True,False,False,False,1
753.0,0.9200273920772997,-0.48012285523490594,0.5228069367317675,-0.3443988965057717,False,False,True,False,False,False,False,True,False,True,False,False,False,False,False,False,False,False,False,False,False,False,True,False,False,False,False,False,False,False,False,False,False,False,False,False,False,0
754.0,-1.0855686529355004,-0.48012285523490594,-1.5313106637824467,0.763252690672751,False,False,False,False,False,True,False,True,False,True,False,False,False,False,False,False,False,False,False,False,False,False,False,False,False,False,False,False,False,False,False,True,False,False,False,False,False,2
755.0,-1.2288255132935577,1.0608277596991436,-1.1822154921345722,1.3115341728788799,False,False,True,False,False,False,False,True,False,True,False,False,False,True,False,False,False,False,False,False,False,False,False,False,False,False,False,False,False,False,False,False,False,False,False,False,False,0
756.0,0.34699995064507105,-0.6202092747743648,-0.5545747498682366,-0.22668698019923936,False,True,False,False,False,False,True,False,False,False,False,False,False,False,False,False,False,False,False,False,False,True,False,False,False,False,False,False,False,False,False,False,False,False,False,False,False,1
758.0,1.0632842524353567,-1.4607277920111192,-1.517958536364595,1.5060178275864946,False,False,True,False,False,False,False,True,False,True,False,False,False,True,False,False,False,False,False,False,False,False,False,False,False,False,False,False,False,False,False,False,False,False,False,False,False,1
759.0,-0.36928435114521474,-0.12990680638625834,0.6789258641102501,-1.3694893216142074,False,False,False,False,False,False,True,False,False,True,False,True,False,False,False,False,False,False,False,False,False,False,False,False,False,False,False,False,False,False,False,False,False,False,False,False,False,0
760.0,1.6363116938675855,-0.05986359661652877,-0.17838962046859533,1.2636247274474854,False,False,False,False,False,False,False,False,False,True,False,False,True,False,False,False,False,False,False,False,False,False,False,False,False,False,False,False,False,False,False,False,False,False,False,False,False,0
761.0,1.349797973151471,1.2009141792386029,0.7732982923083026,-1.1887547218992909,False,False,False,False,False,False,False,False,False,False,False,True,False,False,False,False,False,False,False,False,False,False,False,False,False,False,False,False,False,False,False,False,False,False,False,False,False,0
762.0,-1.3720823736516148,-0.9704253236230124,-0.8118385948827135,-0.056551880307094224,False,False,False,True,False,False,True,False,False,False,False,False,False,False,False,False,False,False,False,True,False,False,False,False,False,False,False,False,False,False,False,False,False,False,False,False,False,2
763.0,-1.0855686529355004,-0.4100796454651764,-1.5080550467844893,-0.9825302805007539,False,True,False,False,False,False,True,False,False,False,False,False,False,False,False,False,False,False,False,False,False,False,False,False,False,False,False,False,False,False,True,False,False,False,False,False,False,2
764.0,-0.9423117925774434,1.0608277596991436,-1.481294070931718,0.3588791101657367,False,False,False,False,False,False,False,True,False,True,False,True,False,False,False,False,False,False,False,False,False,False,False,False,False,False,False,False,False,False,False,False,False,False,False,False,False,2
766.0,1.349797973151471,-0.4100796454651764,1.077958219184958,-0.41884546487817587,False,False,False,True,False,False,False,False,True,True,False,False,False,False,False,False,False,False,False,False,False,False,False,False,False,True,False,False,False,False,False,False,False,False,False,False,False,0
767.0,-0.655798071861329,-0.12990680638625834,-1.5867838184751353,1.2671279052860183,True,False,False,False,False,False,True,False,False,False,False,False,False,False,False,False,False,False,False,False,False,False,False,False,False,False,False,False,False,False,False,False,False,False,False,True,False,0
768.0,-0.7990549322193862,-0.6902524845440944,1.5125433077580064,0.5572548174845261,False,False,False,False,False,True,False,False,False,True,False,False,False,False,False,False,True,False,False,False,False,False,False,False,False,False,False,False,False,False,False,False,False,False,False,False,False,0
769.0,1.206541112793414,1.5511302280872503,-0.5921807841844458,0.7714194281076533,False,False,False,False,True,False,False,False,False,False,False,False,False,False,False,False,False,False,False,False,False,False,False,False,False,False,False,False,False,True,False,False,False,False,False,False,False,2
770.0,-0.36928435114521474,-1.32064137247166,-1.150814737085623,-1.2189220771371279,False,False,False,False,True,False,False,True,False,False,False,False,False,False,False,False,False,False,False,False,False,False,False,False,False,False,False,False,True,False,False,False,False,False,False,False,False,2
771.0,-0.9423117925774434,1.5511302280872503,0.5630221378331133,1.3364170173961385,False,False,False,False,False,True,False,False,True,False,False,False,False,False,False,False,False,False,False,False,False,False,False,False,False,False,False,False,False,False,False,False,False,False,True,False,False,0
772.0,0.2037430902870139,0.6405685010807668,1.4090387958119757,-1.1617791509143391,False,False,False,False,False,False,False,True,False,True,False,False,False,False,False,False,False,False,False,False,False,False,False,False,False,False,False,False,False,False,False,False,True,False,False,False,False,0
774.0,0.06048622992895674,-1.6008142115505781,0.574774732569642,-1.2977780961893115,True,False,False,False,False,False,False,False,True,True,False,False,False,False,False,False,False,False,False,False,False,False,False,False,False,False,False,False,False,False,False,False,False,False,False,False,False,1
775.0,1.0632842524353567,-0.05986359661652877,-1.395645335158753,-0.2083088832953737,False,False,False,True,False,False,True,False,False,False,False,False,False,False,False,False,False,False,False,False,False,False,False,False,False,True,False,False,False,False,False,False,False,False,False,False,False,0
776.0,0.6335136713611853,-0.3400364356954468,1.5069052386614283,1.3522672446731216,True,False,False,False,False,False,False,False,False,True,True,False,False,False,False,False,False,False,False,False,False,False,False,False,False,False,False,False,False,False,False,False,False,False,False,False,False,0
777.0,1.4930548335095282,-1.180554952932201,-1.3120385560002428,-0.8638368134224819,False,False,False,False,True,False,False,False,False,True,False,False,False,False,False,False,False,False,False,False,False,False,False,False,False,False,True,False,False,False,False,False,False,False,False,False,False,0
778.0,-0.7990549322193862,0.5705252913110368,1.3719659390562073,-0.4406624779725924,False,True,False,False,False,False,False,False,False,True,False,False,False,False,False,False,False,False,False,False,False,False,False,False,False,False,False,False,False,False,True,False,False,False,False,False,False,2
779.0,-1.2288255132935577,1.6912166476267096,-0.6464174207050479,1.2069966288273826,False,False,False,False,False,False,False,False,True,True,False,True,False,False,False,False,False,False,False,False,False,False,False,False,False,False,False,False,False,False,False,False,False,False,False,False,False,0
780.0,0.2037430902870139,0.22030924246238925,-0.4164250406969562,0.4107448698562874,True,False,False,False,False,False,False,False,False,True,False,False,False,False,False,False,False,False,False,False,False,False,False,False,False,False,False,False,False,False,False,False,False,False,False,False,False,0
781.0,-1.3720823736516148,0.7806549206202252,0.828555907136132,0.8775087991555486,False,False,False,True,False,False,True,False,False,True,False,False,False,False,False,False,False,False,False,False,False,False,False,False,True,False,False,False,False,False,False,False,False,False,False,False,False,0
782.0,1.6363116938675855,-1.5307710017808487,0.9989231540021437,-0.9979604202046467,False,False,False,False,True,False,False,False,True,False,False,False,False,False,False,False,False,False,False,False,False,False,False,False,False,False,False,False,True,False,False,False,False,False,False,False,False,0
783.0,-1.0855686529355004,-0.26999322592571723,0.3492860013167645,0.7549702822714824,False,True,False,False,False,False,False,False,True,False,False,False,False,False,False,False,False,False,False,False,False,False,False,True,False,False,False,False,False,False,False,False,False,False,False,False,False,0
784.0,0.4902568110031282,-1.32064137247166,1.1129323983092032,-0.9504802425817684,False,False,True,False,False,False,False,False,True,True,False,False,False,False,False,True,False,False,False,False,False,False,False,False,False,False,False,False,False,False,False,False,False,False,False,False,False,1
785.0,1.4930548335095282,0.4304388717715777,0.785028198638004,1.6997373194972552,False,False,True,False,False,False,False,False,True,False,False,False,False,False,False,True,False,False,False,False,False,False,False,False,False,False,False,False,False,False,False,False,False,False,False,False,False,1
786.0,1.0632842524353567,1.5511302280872503,1.450240942610308,0.20865961300659105,False,True,False,False,False,False,True,False,False,False,False,False,False,False,False,False,False,False,False,False,False,True,False,False,False,False,False,False,False,False,False,False,False,False,False,False,False,0
787.0,-1.2288255132935577,0.5705252913110368,1.5612099404025124,0.6822330737353853,False,False,False,False,True,False,False,False,False,True,False,False,False,False,False,False,False,False,False,False,False,False,False,False,False,False,True,False,False,False,False,False,False,False,False,False,False,0
788.0,1.6363116938675855,-1.4607277920111192,-1.0485807759219197,-1.3314545046163537,False,False,False,True,False,False,True,False,False,True,False,False,False,False,False,False,False,False,False,True,False,False,False,False,False,False,False,False,False,False,False,False,False,False,False,False,False,0
789.0,1.6363116938675855,-0.48012285523490594,-0.188451928896492,-0.8700863504910338,False,True,False,False,False,False,False,False,False,False,False,False,False,False,False,False,False,False,False,False,False,False,False,False,False,False,False,False,False,False,True,False,False,False,False,False,False,0
790.0,-1.5153392340096719,0.22030924246238925,-1.0619215591363576,-1.2570134443852052,False,False,False,False,False,False,True,False,False,True,False,True,False,False,False,False,False,False,False,False,False,False,False,False,False,False,False,False,False,False,False,False,False,False,False,False,False,2
792.0,0.9200273920772997,1.2009141792386029,-1.1895098149295413,-0.7532920905176768,False,False,True,False,False,False,False,True,False,False,False,False,False,False,False,False,False,False,False,False,False,False,True,False,False,False,False,False,False,False,False,False,False,False,False,False,False,2
793.0,0.9200273920772997,1.130870969468873,0.11441561384080857,0.8122942427368707,True,False,False,False,False,False,False,True,False,False,True,False,False,False,False,False,False,False,False,False,False,False,False,False,False,False,False,False,False,False,False,False,False,False,False,False,False,1
794.0,0.6335136713611853,0.4304388717715777,0.5579059020935627,-1.3652671477371168,False,False,False,True,False,False,False,True,False,True,False,False,False,False,False,False,False,False,False,True,False,False,False,False,False,False,False,False,False,False,False,False,False,False,False,False,False,0
795.0,0.2037430902870139,-0.4100796454651764,-0.04389274479650619,0.8790540163824402,False,False,True,False,False,False,False,False,True,False,False,False,False,False,False,False,False,False,False,False,False,False,True,False,False,False,False,False,False,False,False,False,False,False,False,False,False,2
796.0,0.9200273920772997,-0.8303389040835536,1.3888801463459413,-1.585056305000999,True,False,False,False,False,False,False,False,True,True,False,False,False,False,False,False,False,False,False,False,False,False,False,False,False,False,False,False,False,False,False,False,False,False,False,True,False,0
797.0,1.349797973151471,-1.3906845822413896,1.2352569437184588,-1.0397602353553803,True,False,False,False,False,False,True,False,False,True,False,False,False,False,False,False,False,False,False,False,False,False,False,False,False,False,False,False,False,False,False,False,False,False,False,True,False,0
798.0,1.6363116938675855,-0.48012285523490594,-1.5481114290380442,1.0182642080094009,False,False,False,False,False,False,True,False,False,True,False,False,True,False,False,False,False,False,False,False,False,False,False,False,False,False,False,False,False,False,False,False,False,False,False,False,False,1
799.0,0.06048622992895674,-0.26999322592571723,-0.43336193639351733,0.8466712867316192,False,False,False,False,True,False,False,True,False,True,False,False,False,False,False,False,False,False,False,False,False,False,False,False,False,False,False,False,True,False,False,False,False,False,False,False,False,1
800.0,-0.0827706304291004,0.6405685010807668,0.2890596253937617,-0.0828385664256846,False,False,False,False,False,True,False,False,False,True,False,False,False,False,False,False,True,False,False,False,False,False,False,False,False,False,False,False,False,False,False,False,False,False,False,False,False,2
801.0,-0.9423117925774434,0.5705252913110368,0.8120047143556346,-1.570132914292617,False,False,False,False,True,False,False,True,False,False,False,False,False,False,False,False,False,False,False,False,False,False,False,False,False,False,False,False,False,True,False,False,False,False,False,False,False,2
804.0,0.9200273920772997,-1.1105117431624716,0.9592978514783072,-0.6402922054505628,False,False,False,False,False,False,True,False,False,True,False,False,False,False,False,False,False,False,False,False,False,False,False,False,False,False,False,False,False,False,False,False,False,True,False,False,False,0
805.0,0.4902568110031282,-1.180554952932201,0.20329744758666032,0.489568574479772,True,False,False,False,False,False,False,True,False,True,True,False,False,False,False,False,False,False,False,False,False,False,False,False,False,False,False,False,False,False,False,False,False,False,False,False,False,0
806.0,0.06048622992895674,1.130870969468873,-0.06459591602639508,-0.22137199109704656,False,False,False,True,False,False,False,False,False,True,False,False,False,False,False,False,False,False,False,False,False,False,False,False,True,False,False,False,False,False,False,False,False,False,False,False,False,2
807.0,-1.2288255132935577,-1.6008142115505781,-0.35839944023619913,-1.42208729688233,False,False,False,False,False,True,False,True,False,False,False,False,False,False,False,False,False,False,True,False,False,False,False,False,False,False,False,False,False,False,False,False,False,False,False,False,False,2
809.0,0.6335136713611853,-1.180554952932201,-0.14020503177829066,0.9712676451887603,True,False,False,False,False,False,False,False,False,True,False,False,False,False,False,False,False,False,False,False,False,False,False,False,False,False,False,False,False,False,False,False,False,False,False,False,False,2
810.0,1.4930548335095282,1.341000598778062,0.7164978658162184,-1.5478223717417028,False,False,False,False,False,True,True,False,False,False,False,False,False,False,False,False,False,False,False,False,False,False,False,False,False,False,False,False,False,False,False,True,False,False,False,False,False,0
811.0,-1.6585960943677291,0.22030924246238925,0.8589810606915085,0.08718269854717886,False,False,False,False,False,True,False,False,False,True,False,False,False,False,False,False,False,False,False,False,False,False,False,False,False,False,False,False,False,False,False,True,False,False,False,False,False,1
812.0,0.7767705317192425,-0.9003821138532828,0.3585655597091202,-1.4536353595282259,False,False,False,False,False,True,False,False,True,False,False,False,False,False,False,False,False,False,True,False,False,False,False,False,False,False,False,False,False,False,False,False,False,False,False,False,False,0
813.0,1.0632842524353567,0.010179613153200814,-0.5537579672224547,1.1763798092630922,False,False,False,True,False,False,False,False,True,False,False,False,False,False,False,False,False,False,False,False,False,False,False,False,True,False,False,False,False,False,False,False,False,False,False,False,False,1
814.0,0.6335136713611853,0.8506981303899552,1.3447171624566496,0.393995713926398,False,False,False,False,False,False,False,False,True,False,False,False,False,False,False,False,False,False,False,False,False,False,False,False,False,False,False,False,False,False,False,False,False,True,False,False,False,1
815.0,0.34699995064507105,1.6211734378569798,1.4476204316217576,-1.1429100950198952,False,False,False,True,False,False,True,False,False,False,False,False,False,False,True,False,False,False,False,False,False,False,False,False,False,False,False,False,False,False,False,False,False,False,False,False,False,0
816.0,-0.22602749078715756,-0.9704253236230124,-0.04883881748485225,-1.672141119879564,False,False,True,False,False,False,False,False,True,True,False,False,False,False,False,True,False,False,False,False,False,False,False,False,False,False,False,False,False,False,False,False,False,False,False,False,False,2
817.0,1.349797973151471,1.341000598778062,-0.37073058934682335,-1.6343269957413495,True,False,False,False,False,False,True,False,False,True,True,False,False,False,False,False,False,False,False,False,False,False,False,False,False,False,False,False,False,False,False,False,False,False,False,False,False,2
818.0,0.06048622992895674,1.5511302280872503,0.8877839931587347,0.025441943213670448,False,False,False,False,False,False,True,False,False,False,False,False,False,False,False,False,False,False,False,False,False,False,False,False,False,False,False,False,False,False,False,False,False,True,False,False,False,2
819.0,-1.6585960943677291,1.4810870183175204,1.1862953617851983,0.817356958969559,False,False,False,False,False,False,False,False,True,False,False,False,False,False,False,False,False,False,False,False,False,False,False,False,False,False,False,False,False,False,False,False,False,True,False,False,False,2
821.0,-0.9423117925774434,0.4304388717715777,-1.5339084863641699,-0.9725498957551064,False,False,False,False,True,False,False,True,False,False,False,False,False,False,False,False,False,False,False,False,False,False,False,False,False,False,False,True,False,False,False,False,False,False,False,False,False,1
822.0,-1.2288255132935577,-0.3400364356954468,0.5751377470788784,-0.6028544709648109,False,False,False,False,False,False,True,False,False,False,False,False,False,False,False,False,False,False,False,False,False,False,False,False,False,False,False,False,False,False,False,False,True,False,False,False,False,0
823.0,1.0632842524353567,0.9207413401596845,0.6124261436995057,-0.9837387666922225,False,False,False,True,False,False,False,False,True,False,False,False,False,False,False,False,False,False,False,False,False,False,False,False,True,False,False,False,False,False,False,False,False,False,False,False,False,2
824.0,0.4902568110031282,0.15026603269265998,-0.9741854899352833,-0.37932381695073936,False,False,False,False,False,False,True,False,False,True,False,False,False,False,False,False,False,False,False,False,False,False,False,False,False,False,False,False,False,False,False,False,False,True,False,False,False,2
825.0,0.34699995064507105,0.6405685010807668,1.3869743201724503,0.2077140487577209,False,True,False,False,False,False,False,False,False,False,False,False,False,False,False,False,False,False,False,False,True,False,False,False,False,False,False,False,False,False,False,False,False,False,False,False,False,0
826.0,0.34699995064507105,-0.26999322592571723,-0.5830373562330537,0.6448974234675703,True,False,False,False,False,False,False,False,False,True,True,False,False,False,False,False,False,False,False,False,False,False,False,False,False,False,False,False,False,False,False,False,False,False,False,False,False,1
827.0,-0.9423117925774434,0.8506981303899552,0.3385090080738086,1.6176223168688681,False,False,False,False,False,False,False,False,True,True,False,True,False,False,False,False,False,False,False,False,False,False,False,False,False,False,False,False,False,False,False,False,False,False,False,False,False,0
828.0,0.34699995064507105,1.130870969468873,1.089767534938555,1.5027412179582735,True,False,False,False,False,False,True,False,False,True,True,False,False,False,False,False,False,False,False,False,False,False,False,False,False,False,False,False,False,False,False,False,False,False,False,False,False,0
829.0,0.2037430902870139,-1.2505981627019307,0.1196793242247365,0.24438468277128228,False,True,False,False,False,False,False,True,False,False,False,False,False,False,False,False,False,False,False,False,True,False,False,False,False,False,False,False,False,False,False,False,False,False,False,False,False,0
830.0,-0.22602749078715756,1.2009141792386029,-1.5092121555326805,0.8165777405866065,False,True,False,False,False,False,False,True,False,False,False,False,False,False,False,False,False,False,False,False,True,False,False,False,False,False,False,False,False,False,False,False,False,False,False,False,False,1
831.0,-0.7990549322193862,0.15026603269265998,1.2277811136688717,1.5726105209473122,True,False,False,False,False,False,True,False,False,True,False,False,False,False,False,False,False,False,False,False,False,False,False,False,False,False,False,False,False,False,False,False,False,False,False,True,False,0
832.0,-0.5125412115032719,1.2009141792386029,-1.4917193938688509,-1.4533063398905608,False,False,False,False,False,True,True,False,False,True,False,False,False,False,False,False,False,False,True,False,False,False,False,False,False,False,False,False,False,False,False,False,False,False,False,False,False,0
833.0,0.4902568110031282,-0.19995001615598762,1.3127265088301912,-1.7248404449467882,False,False,True,False,False,False,True,False,False,True,False,False,False,False,False,False,False,True,False,False,False,False,False,False,False,False,False,False,False,False,False,False,False,False,False,False,False,2
834.0,-1.0855686529355004,-0.4100796454651764,1.2259887295295169,-1.6405409134964488,False,False,False,False,True,False,False,False,True,False,False,False,False,False,False,False,False,False,False,False,False,False,False,False,False,False,False,False,False,True,False,False,False,False,False,False,False,0
835.0,1.0632842524353567,1.4810870183175204,-0.5715343339716251,0.220741170036524,False,False,False,False,False,True,False,False,False,False,False,False,False,False,False,False,False,False,True,False,False,False,False,False,False,False,False,False,False,False,False,False,False,False,False,False,False,2
836.0,-0.36928435114521474,-0.8303389040835536,0.6801510380789231,0.9166393690538405,False,False,False,False,False,True,False,True,False,True,False,False,False,False,False,False,False,False,False,False,False,False,False,False,False,False,False,False,False,False,False,False,False,False,True,False,False,2
837.0,0.7767705317192425,1.2009141792386029,1.5733368938516912,-0.4639600794365019,False,False,False,True,False,False,False,False,True,True,False,False,False,False,False,False,False,False,False,True,False,False,False,False,False,False,False,False,False,False,False,False,False,False,False,False,False,2
838.0,-1.3720823736516148,-0.05986359661652877,-0.3237088661972949,0.15756389146356692,False,False,False,False,True,False,True,False,False,False,False,False,False,False,False,False,False,False,False,False,False,False,False,False,False,False,False,False,False,True,False,False,False,False,False,False,False,1
839.0,0.06048622992895674,0.0802228229229304,1.3769460443547945,0.056841286045666475,False,False,False,False,True,False,True,False,False,True,False,False,False,False,False,False,False,False,False,False,False,False,False,False,False,False,False,False,False,True,False,False,False,False,False,False,False,2
841.0,0.6335136713611853,0.2903524522321188,-1.634395440202173,-0.6226397143547623,False,False,False,False,False,False,True,False,False,False,False,False,True,False,False,False,False,False,False,False,False,False,False,False,False,False,False,False,False,False,False,False,False,False,False,False,False,0
843.0,0.06048622992895674,-1.6008142115505781,1.0326154381406478,-1.3583015523053428,False,False,False,True,False,False,False,False,True,True,False,False,False,False,True,False,False,False,False,False,False,False,False,False,False,False,False,False,False,False,False,False,False,False,False,False,False,2
844.0,-0.9423117925774434,-0.7602956943138239,1.1195347246959402,1.087661646897547,False,True,False,False,False,False,False,False,False,False,False,False,False,False,False,False,False,False,False,False,False,True,False,False,False,False,False,False,False,False,False,False,False,False,False,False,False,0
845.0,0.6335136713611853,-1.7409006310900372,0.33106721063446226,1.1489029974238851,False,False,False,False,True,False,False,False,True,False,False,False,False,False,False,False,False,False,False,False,False,False,False,False,False,False,True,False,False,False,False,False,False,False,False,False,False,2
846.0,0.06048622992895674,1.6912166476267096,1.4867919660090487,1.053084106561096,False,False,False,False,False,True,False,True,False,False,False,False,False,False,False,False,True,False,False,False,False,False,False,False,False,False,False,False,False,False,False,False,False,False,False,False,False,1
847.0,0.9200273920772997,1.6211734378569798,-1.4748278749859445,0.7910019718993999,False,True,False,False,False,False,False,False,True,False,False,False,False,False,False,False,False,False,False,False,False,False,False,True,False,False,False,False,False,False,False,False,False,False,False,False,False,2
848.0,1.206541112793414,-0.3400364356954468,1.1370728631734242,1.0229663245945593,True,False,False,False,False,False,False,False,True,False,False,False,False,False,False,False,False,False,False,False,False,False,False,False,False,False,False,False,False,False,False,False,False,False,False,False,True,1
849.0,0.9200273920772997,0.7806549206202252,0.08885712354988273,0.5962175726792324,False,False,True,False,False,False,False,False,True,True,False,False,False,False,False,False,False,True,False,False,False,False,False,False,False,False,False,False,False,False,False,False,False,False,False,False,False,1
850.0,-0.36928435114521474,-0.5501660650046353,-1.4649357296092522,0.5922094818922736,False,False,False,True,False,False,False,True,False,False,False,False,False,False,False,False,False,False,False,False,False,False,False,False,False,True,False,False,False,False,False,False,False,False,False,False,False,1
851.0,-1.3720823736516148,0.6405685010807668,-1.24610604576018,0.5835874047802458,True,False,False,False,False,False,True,False,False,False,False,False,False,False,False,False,False,False,False,False,False,False,False,False,False,False,False,False,False,False,False,False,False,False,False,False,False,2
852.0,0.2037430902870139,1.0608277596991436,0.6432029675607049,0.048735872583409647,True,False,False,False,False,False,False,False,True,False,False,False,False,False,False,False,False,False,False,False,False,False,False,False,False,False,False,False,False,False,False,False,False,False,False,False,False,1
853.0,0.9200273920772997,1.5511302280872503,-0.8793252609904445,-0.47696406652203177,False,False,False,False,False,False,False,False,False,True,False,False,False,False,False,False,False,False,False,False,False,False,False,False,False,False,False,False,False,False,False,False,False,True,False,False,False,1
854.0,-1.0855686529355004,-0.3400364356954468,0.8628040572419045,0.8027813155791114,False,False,True,False,False,False,False,True,False,True,False,False,False,False,False,False,False,True,False,False,False,False,False,False,False,False,False,False,False,False,False,False,False,False,False,False,False,2
855.0,-1.0855686529355004,0.9907845499294143,0.45650006777905483,-0.7026737412168006,True,False,False,False,False,False,False,False,False,False,True,False,False,False,False,False,False,False,False,False,False,False,False,False,False,False,False,False,False,False,False,False,False,False,False,False,False,1
856.0,1.0632842524353567,-0.8303389040835536,0.17905488489171645,0.1494111079865123,True,False,False,False,False,False,False,False,True,False,False,False,False,False,False,False,False,False,False,False,False,False,False,False,False,False,False,False,False,False,False,False,False,False,False,False,True,2
857.0,0.6335136713611853,1.7612598573964389,1.5923611229763617,-0.23274079464851063,False,False,True,False,False,False,False,False,False,True,False,False,False,True,False,False,False,False,False,False,False,False,False,False,False,False,False,False,False,False,False,False,False,False,False,False,False,0
859.0,-0.36928435114521474,0.3603956620018484,0.3303184932091622,1.65569826132143,True,False,False,False,False,False,False,True,False,True,False,False,False,False,False,False,False,False,False,False,False,False,False,False,False,False,False,False,False,False,False,False,False,False,False,False,False,2
860.0,-1.0855686529355004,0.5705252913110368,-0.6637627077245,-0.8418446414361386,False,False,True,False,False,False,False,False,False,True,False,False,False,True,False,False,False,False,False,False,False,False,False,False,False,False,False,False,False,False,False,False,False,False,False,False,False,0
861.0,-1.2288255132935577,0.6405685010807668,0.7022382021252758,-0.6655316103117639,True,False,False,False,False,False,False,False,False,False,False,False,False,False,False,False,False,False,False,False,False,False,False,False,False,False,False,False,False,False,False,False,False,False,False,False,False,1
862.0,-0.9423117925774434,-1.32064137247166,-0.7312153412219901,-1.1808009659262704,True,False,False,False,False,False,False,False,True,True,False,False,False,False,False,False,False,False,False,False,False,False,False,False,False,False,False,False,False,False,False,False,False,False,False,False,False,1
863.0,-1.2288255132935577,1.5511302280872503,-1.669596503394691,1.126462095529923,False,False,False,False,False,False,False,False,True,False,False,False,True,False,False,False,False,False,False,False,False,False,False,False,False,False,False,False,False,False,False,False,False,False,False,False,False,2
864.0,-0.7990549322193862,-1.1105117431624716,-0.27714091118431194,0.3018136651299428,False,False,False,False,False,True,True,False,False,False,False,False,False,False,False,False,False,False,False,False,False,False,False,False,False,False,False,False,False,False,False,False,False,False,True,False,False,0
865.0,-0.7990549322193862,0.4304388717715777,1.4252723508968912,0.3940838441864869,True,False,False,False,False,False,False,False,True,True,False,False,False,False,False,False,False,False,False,False,False,False,False,False,False,False,False,False,False,False,False,False,False,False,False,False,False,2
866.0,0.7767705317192425,-0.9704253236230124,-0.38984557209880294,1.1180225214981625,False,True,False,False,False,False,False,False,True,True,False,False,False,False,False,False,False,False,False,False,True,False,False,False,False,False,False,False,False,False,False,False,False,False,False,False,False,1
868.0,-1.6585960943677291,0.15026603269265998,-1.1471278709761907,-1.0690088326317908,False,False,False,False,True,False,False,False,True,True,False,False,False,False,False,False,False,False,False,False,False,False,False,False,False,False,True,False,False,False,False,False,False,False,False,False,False,1
869.0,1.6363116938675855,-0.26999322592571723,-1.4056736109764087,-1.0523621281292546,False,False,False,False,False,True,False,False,True,False,False,False,False,False,False,False,False,False,False,False,False,False,False,False,False,False,False,False,False,False,False,False,False,False,True,False,False,1
870.0,-1.2288255132935577,-1.180554952932201,-1.5392402619685794,0.8112392500817236,False,False,False,False,False,True,True,False,False,False,False,False,False,False,False,False,False,False,False,False,False,False,False,False,False,False,False,False,False,False,False,False,False,False,True,False,False,0
871.0,-0.9423117925774434,-1.1105117431624716,1.5449196643005285,0.39783709163802156,False,False,False,False,False,True,False,True,False,False,False,False,False,False,False,False,False,False,False,False,False,False,False,False,False,False,False,False,False,False,False,True,False,False,False,False,False,0
872.0,-0.5125412115032719,-0.26999322592571723,-1.5325471819545333,-1.0246862887860133,False,False,False,False,False,False,False,True,False,True,False,False,False,False,False,False,False,False,False,False,False,False,False,False,False,False,False,False,False,False,False,False,False,True,False,False,False,2
873.0,1.349797973151471,0.9207413401596845,1.650840491573664,-1.238438156024391,True,False,False,False,False,False,False,False,True,False,False,False,False,False,False,False,False,False,False,False,False,False,False,False,False,False,False,False,False,False,False,False,False,False,False,True,False,2
875.0,-0.0827706304291004,-1.4607277920111192,0.49445777240108674,0.4455717453869065,True,False,False,False,False,False,True,False,False,False,False,False,False,False,False,False,False,False,False,False,False,False,False,False,False,False,False,False,False,False,False,False,False,False,False,True,False,1
876.0,1.0632842524353567,-0.3400364356954468,-0.4259995483780664,-1.7440833200277759,False,False,False,False,False,False,True,False,False,True,False,False,True,False,False,False,False,False,False,False,False,False,False,False,False,False,False,False,False,False,False,False,False,False,False,False,False,2
877.0,1.6363116938675855,-1.3906845822413896,1.5809261659354148,-1.6805902413561673,False,False,False,False,False,False,False,True,False,False,False,True,False,False,False,False,False,False,False,False,False,False,False,False,False,False,False,False,False,False,False,False,False,False,False,False,False,0
878.0,-1.2288255132935577,-1.6708574213203076,-1.1326640116238027,-0.3855450788941794,False,False,False,True,False,False,False,False,False,False,False,False,False,False,True,False,False,False,False,False,False,False,False,False,False,False,False,False,False,False,False,False,False,False,False,False,False,2
879.0,1.206541112793414,0.5705252913110368,-0.339738225620765,0.6672696572005469,False,True,False,False,False,False,False,False,True,True,False,False,False,False,False,False,False,False,False,False,True,False,False,False,False,False,False,False,False,False,False,False,False,False,False,False,False,2
880.0,1.6363116938675855,0.3603956620018484,0.6340935722195538,0.6801403472676921,False,False,False,False,False,False,False,False,False,False,False,True,False,False,False,False,False,False,False,False,False,False,False,False,False,False,False,False,False,False,False,False,False,False,False,False,False,0
881.0,-0.0827706304291004,-1.180554952932201,-0.41634563127306073,-0.24403395306006517,False,False,False,True,False,False,False,False,False,False,False,False,False,False,False,False,False,False,False,False,False,False,False,False,False,True,False,False,False,False,False,False,False,False,False,False,False,0
882.0,-0.36928435114521474,-0.9003821138532828,-0.08469784447536118,0.6663057324808248,False,False,True,False,False,False,True,False,False,True,False,False,False,False,False,True,False,False,False,False,False,False,False,False,False,False,False,False,False,False,False,False,False,False,False,False,False,1
883.0,1.349797973151471,-1.6708574213203076,1.0176978106517143,0.0733414739908049,False,True,False,False,False,False,False,False,True,True,False,False,False,False,False,False,False,False,False,False,False,False,False,False,False,False,False,False,False,False,True,False,False,False,False,False,False,0
884.0,-0.7990549322193862,1.2009141792386029,-0.7206425436404796,1.6635176186478149,False,False,False,False,False,False,False,False,True,True,False,False,False,False,False,False,False,False,False,False,False,False,False,False,False,False,False,False,False,False,False,False,True,False,False,False,False,0
885.0,-1.3720823736516148,1.6912166476267096,1.2963341348974846,-1.177756432649617,False,False,False,False,True,False,True,False,False,True,False,False,False,False,False,False,False,False,False,False,False,False,False,False,False,False,False,False,False,True,False,False,False,False,False,False,False,2
886.0,1.4930548335095282,-1.2505981627019307,0.8892587396025077,0.35092425256446524,False,False,False,False,False,True,False,False,False,True,False,False,False,False,False,False,False,False,False,False,False,False,False,False,False,False,False,False,False,False,False,True,False,False,False,False,False,0
888.0,1.6363116938675855,1.270957389008332,-1.203644692382934,-1.0661034717241946,False,False,True,False,False,False,False,True,False,True,False,False,False,False,False,True,False,False,False,False,False,False,False,False,False,False,False,False,False,False,False,False,False,False,False,False,False,2
889.0,-0.36928435114521474,1.4810870183175204,1.6985768995382517,0.8718365152905787,False,False,False,True,False,False,False,False,True,False,False,False,False,False,False,False,False,False,False,False,False,False,False,False,True,False,False,False,False,False,False,False,False,False,False,False,False,1
890.0,0.4902568110031282,-0.26999322592571723,-0.8970789393327876,-0.7833904103851109,False,False,True,False,False,False,False,True,False,False,False,False,False,True,False,False,False,False,False,False,False,False,False,False,False,False,False,False,False,False,False,False,False,False,False,False,False,0
891.0,0.4902568110031282,-1.5307710017808487,0.9860701715344922,-0.41290658697643706,False,True,False,False,False,False,True,False,False,True,False,False,False,False,False,False,False,False,False,False,False,True,False,False,False,False,False,False,False,False,False,False,False,False,False,False,False,1
893.0,-0.36928435114521474,0.2903524522321188,-1.143951494020372,-0.8925926156612288,False,False,False,False,False,False,False,True,False,False,False,False,False,False,False,False,False,False,False,False,False,False,False,False,False,False,False,False,False,False,False,False,False,True,False,False,False,0
894.0,0.06048622992895674,-0.3400364356954468,-1.3422935465044146,-0.24198602614124992,False,False,False,False,True,False,False,True,False,True,False,False,False,False,False,False,False,False,False,False,False,False,False,False,False,False,False,True,False,False,False,False,False,False,False,False,False,0
895.0,-0.9423117925774434,-1.6708574213203076,-1.0582914140439936,-0.09323499944083498,False,False,False,False,False,True,False,False,False,False,False,False,False,False,False,False,False,False,False,False,False,False,False,False,False,False,False,False,False,False,False,True,False,False,False,False,False,2
896.0,-0.0827706304291004,0.2903524522321188,-1.2007746089192837,0.8517123376087025,False,False,False,True,False,False,False,False,True,True,False,False,False,False,False,False,False,False,False,True,False,False,False,False,False,False,False,False,False,False,False,False,False,False,False,False,False,2
897.0,-0.5125412115032719,-1.6708574213203076,1.4567752037765633,0.9244363266057861,False,False,False,False,False,True,False,True,False,True,False,False,False,False,False,False,True,False,False,False,False,False,False,False,False,False,False,False,False,False,False,False,False,False,False,False,False,2
898.0,0.06048622992895674,0.9907845499294143,-0.4649668871039121,-1.1913762299275177,False,False,True,False,False,False,False,True,False,True,False,False,False,False,False,False,False,True,False,False,False,False,False,False,False,False,False,False,False,False,False,False,False,False,False,False,False,0
899.0,-1.2288255132935577,-0.6902524845440944,-1.6825402394896516,0.32338281186785967,False,False,False,False,True,False,False,False,False,False,False,False,False,False,False,False,False,False,False,False,False,False,False,False,False,False,True,False,False,False,False,False,False,False,False,False,False,1
900.0,1.6363116938675855,-1.6008142115505781,-0.10830513177914132,1.3818793792723982,False,False,False,False,False,True,False,True,False,False,False,False,False,False,False,False,False,False,True,False,False,False,False,False,False,False,False,False,False,False,False,False,False,False,False,False,False,1
901.0,-0.22602749078715756,0.2903524522321188,-1.3265704805731127,-1.3649961471873435,False,True,False,False,False,False,False,True,False,False,False,False,False,False,False,False,False,False,False,False,False,False,False,False,False,False,False,False,False,False,True,False,False,False,False,False,False,2
902.0,1.0632842524353567,-0.3400364356954468,0.9868188889597923,-0.09474165967893756,False,False,False,False,False,False,False,True,False,False,False,True,False,False,False,False,False,False,False,False,False,False,False,False,False,False,False,False,False,False,False,False,False,False,False,False,False,2
903.0,0.7767705317192425,1.6912166476267096,0.9471141770120601,0.8731019189416883,False,False,True,False,False,False,False,False,False,True,False,False,False,False,False,False,False,False,False,False,False,False,True,False,False,False,False,False,False,False,False,False,False,False,False,False,False,0
904.0,-0.22602749078715756,0.15026603269265998,1.4334968983717786,0.3886840297089584,False,False,False,False,True,False,False,True,False,False,False,False,False,False,False,False,False,False,False,False,False,False,False,False,False,False,False,False,True,False,False,False,False,False,False,False,False,1
905.0,1.206541112793414,-0.7602956943138239,-0.46099641590913887,-1.3936050656592756,False,False,False,False,False,True,False,True,False,True,False,False,False,False,False,False,True,False,False,False,False,False,False,False,False,False,False,False,False,False,False,False,False,False,False,False,False,2
906.0,-1.2288255132935577,0.710611710850496,-0.7545617118472565,-0.36094094632445234,False,False,False,True,False,False,False,False,True,False,False,False,False,False,False,False,False,False,False,False,False,False,False,False,False,True,False,False,False,False,False,False,False,False,False,False,False,0
907.0,0.7767705317192425,-0.7602956943138239,1.5444885845708103,0.02500239354147717,False,True,False,False,False,False,False,False,True,False,False,False,False,False,False,False,False,False,False,False,True,False,False,False,False,False,False,False,False,False,False,False,False,False,False,False,False,2
909.0,-0.7990549322193862,-0.4100796454651764,1.5155154890523794,-1.121425406447897,False,False,False,False,False,True,True,False,False,False,False,False,False,False,False,False,True,False,False,False,False,False,False,False,False,False,False,False,False,False,False,False,False,False,False,False,False,1
910.0,-0.9423117925774434,0.15026603269265998,-1.5690868611498605,1.682677871609969,False,False,False,False,False,False,False,False,True,False,False,False,False,False,False,False,False,False,False,False,False,False,False,False,False,False,False,False,False,False,False,False,False,True,False,False,False,0
911.0,0.34699995064507105,-1.5307710017808487,-1.6199996460702666,-0.43230258838432895,False,False,False,False,False,True,False,False,False,True,False,False,False,False,False,False,True,False,False,False,False,False,False,False,False,False,False,False,False,False,False,False,False,False,False,False,False,2
912.0,0.7767705317192425,-0.26999322592571723,-0.45069587920955584,-1.0456811199956841,False,False,True,False,False,False,False,True,False,False,False,False,False,False,False,False,False,True,False,False,False,False,False,False,False,False,False,False,False,False,False,False,False,False,False,False,False,2
913.0,1.6363116938675855,1.2009141792386029,0.8441314984230567,-0.2998820988783815,False,False,False,False,False,True,False,True,False,False,False,False,False,False,False,False,False,False,True,False,False,False,False,False,False,False,False,False,False,False,False,False,False,False,False,False,False,1
914.0,-0.22602749078715756,1.0608277596991436,0.16727960174836048,0.3974184729025994,False,True,False,False,False,False,False,False,False,False,False,False,False,False,False,False,False,False,False,False,False,False,False,True,False,False,False,False,False,False,False,False,False,False,False,False,False,1
915.0,1.0632842524353567,-0.9704253236230124,-0.3229941813822357,-0.9997138451709981,False,False,False,False,True,False,False,True,False,False,False,False,False,False,False,False,False,False,False,False,False,False,False,False,False,False,False,False,True,False,False,False,False,False,False,False,False,2
918.0,0.4902568110031282,1.5511302280872503,-0.4274402622115984,1.7405368561959798,False,False,False,False,True,False,False,True,False,True,False,False,False,False,False,False,False,False,False,False,False,False,False,False,False,False,False,True,False,False,False,False,False,False,False,False,False,1
919.0,-0.7990549322193862,-1.3906845822413896,-1.4999666297505656,-0.6345549255187772,False,False,False,True,False,False,False,False,True,False,False,False,False,False,True,False,False,False,False,False,False,False,False,False,False,False,False,False,False,False,False,False,False,False,False,False,False,2
920.0,1.206541112793414,-0.12990680638625834,-1.4610219794315473,-1.2252116400321367,True,False,False,False,False,False,False,True,False,True,False,False,False,False,False,False,False,False,False,False,False,False,False,False,False,False,False,False,False,False,False,False,False,False,False,False,False,1
921.0,-0.36928435114521474,-0.5501660650046353,0.5809459792266609,1.0224709590909762,False,False,False,False,False,True,False,False,False,True,False,False,False,False,False,False,False,False,True,False,False,False,False,False,False,False,False,False,False,False,False,False,False,False,False,False,False,2
922.0,-0.0827706304291004,1.341000598778062,-0.5442401805584127,0.350186161636221,False,False,False,False,False,False,True,False,False,True,False,False,False,False,False,False,False,False,False,False,False,False,False,False,False,False,False,False,False,False,False,False,True,False,False,False,False,0
923.0,1.6363116938675855,-1.4607277920111192,1.2758238151256276,-1.3942487837673414,False,False,False,False,True,False,False,True,False,True,False,False,False,False,False,False,False,False,False,False,False,False,False,False,False,False,False,False,True,False,False,False,False,False,False,False,False,0
925.0,-1.0855686529355004,0.9207413401596845,0.32371616682242504,-1.4722220313809684,False,False,False,True,False,False,False,False,True,False,False,False,False,False,False,False,False,False,False,False,False,False,False,False,False,True,False,False,False,False,False,False,False,False,False,False,False,0
926.0,1.206541112793414,-1.5307710017808487,-0.21960311147034126,0.437052119702232,False,True,False,False,False,False,False,True,False,True,False,False,False,False,False,False,False,False,False,False,True,False,False,False,False,False,False,False,False,False,False,False,False,False,False,False,False,1
927.0,0.7767705317192425,0.010179613153200814,-0.5796114068021352,-0.2655964900284751,False,False,False,False,False,False,True,False,False,False,False,True,False,False,False,False,False,False,False,False,False,False,False,False,False,False,False,False,False,False,False,False,False,False,False,False,False,0
928.0,-1.0855686529355004,-0.19995001615598762,-1.4254919343400339,0.19727942596319867,False,False,False,False,True,False,False,True,False,True,False,False,False,False,False,False,False,False,False,False,False,False,False,False,False,False,True,False,False,False,False,False,False,False,False,False,False,0
929.0,-1.3720823736516148,-0.5501660650046353,-0.8560015787720052,-1.0007016385028276,False,False,False,False,False,False,False,False,False,True,False,False,True,False,False,False,False,False,False,False,False,False,False,False,False,False,False,False,False,False,False,False,False,False,False,False,False,1
930.0,1.4930548335095282,-0.3400364356954468,-0.10854336005082771,0.6559687873912345,False,False,False,False,False,False,True,False,False,False,False,True,False,False,False,False,False,False,False,False,False,False,False,False,False,False,False,False,False,False,False,False,False,False,False,False,False,0
931.0,-1.0855686529355004,0.0802228229229304,-0.881469315435622,1.6034748396586853,False,False,False,False,False,False,False,True,False,True,False,False,False,False,False,False,False,False,False,False,False,False,False,False,False,False,False,False,False,False,False,False,False,True,False,False,False,0
932.0,1.6363116938675855,-1.180554952932201,1.3844105302009682,-0.14528326221165305,False,False,True,False,False,False,False,False,True,True,False,False,False,False,False,True,False,False,False,False,False,False,False,False,False,False,False,False,False,False,False,False,False,False,False,False,False,2
934.0,0.9200273920772997,1.0608277596991436,1.4010524766087746,-0.9079166318435978,False,True,False,False,False,False,False,False,True,True,False,False,False,False,False,False,False,False,False,False,False,True,False,False,False,False,False,False,False,False,False,False,False,False,False,False,False,1
935.0,0.9200273920772997,0.9207413401596845,-0.9629093517421274,1.3667749543214176,False,False,False,False,False,True,False,False,False,False,False,False,False,False,False,False,False,False,False,False,False,False,False,False,False,False,False,False,False,False,False,False,False,False,True,False,False,2
936.0,1.206541112793414,-1.180554952932201,-1.5571300707518863,1.643434568420647,False,False,False,False,False,False,False,True,False,True,False,False,False,False,False,False,False,False,False,False,False,False,False,False,False,False,False,False,False,False,False,False,True,False,False,False,False,2
937.0,-0.0827706304291004,-1.2505981627019307,0.538949738189374,0.998491082530212,False,False,False,True,False,False,False,False,True,True,False,False,False,False,True,False,False,False,False,False,False,False,False,False,False,False,False,False,False,False,False,False,False,False,False,False,False,0
938.0,-0.5125412115032719,-0.8303389040835536,1.1472372694320436,0.14896237807889337,False,False,False,False,False,True,False,False,False,False,False,False,False,False,False,False,False,False,False,False,False,False,False,False,False,False,False,False,False,False,False,False,False,False,True,False,False,0
939.0,-1.6585960943677291,-0.48012285523490594,-0.8598245753224012,1.5932785357758201,False,False,False,True,False,False,False,True,False,False,False,False,False,False,False,False,False,False,False,False,False,False,False,False,True,False,False,False,False,False,False,False,False,False,False,False,False,0
940.0,0.7767705317192425,-0.3400364356954468,0.030105494070652834,-1.207792694125572,False,False,False,False,False,True,False,False,False,True,False,False,False,False,False,False,False,False,False,False,False,False,False,False,False,False,False,False,False,False,False,True,False,False,False,False,False,2
942.0,-1.2288255132935577,-1.5307710017808487,-0.18729482014830096,0.13093459895888102,False,False,False,False,False,False,False,False,False,False,False,False,True,False,False,False,False,False,False,False,False,False,False,False,False,False,False,False,False,False,False,False,False,False,False,False,False,0
943.0,-0.36928435114521474,-1.6008142115505781,-1.3213521470028393,-0.02845191408717545,False,False,False,False,False,False,True,False,False,True,False,False,False,False,False,False,False,False,False,False,False,False,False,False,False,False,False,False,False,False,False,False,False,True,False,False,False,2
944.0,-0.7990549322193862,-0.3400364356954468,1.5440801932479193,1.05473067358709,True,False,False,False,False,False,False,True,False,False,True,False,False,False,False,False,False,False,False,False,False,False,False,False,False,False,False,False,False,False,False,False,False,False,False,False,False,1
945.0,1.349797973151471,0.710611710850496,-0.26009057345361436,0.5941960848384438,False,False,False,True,False,False,False,False,False,True,False,False,False,False,True,False,False,False,False,False,False,False,False,False,False,False,False,False,False,False,False,False,False,False,False,False,False,2
946.0,1.4930548335095282,-1.040468533392742,0.17882800082344372,-1.302650597943975,False,False,False,False,False,True,False,False,True,False,False,False,False,False,False,False,False,False,False,False,False,False,False,False,False,False,False,False,False,False,False,False,False,False,True,False,False,0
947.0,-1.6585960943677291,0.5004820815413076,0.3907490647936105,-0.5359055844694673,False,False,False,False,False,True,False,True,False,False,False,False,False,False,False,False,True,False,False,False,False,False,False,False,False,False,False,False,False,False,False,False,False,False,False,False,False,2
948.0,0.6335136713611853,-0.8303389040835536,-1.357721663146962,-0.5616311745988253,False,False,True,False,False,False,True,False,False,False,False,False,False,False,False,False,False,True,False,False,False,False,False,False,False,False,False,False,False,False,False,False,False,False,False,False,False,2
949.0,1.6363116938675855,1.341000598778062,-0.033558175486682204,0.22870484066380428,True,False,False,False,False,False,False,True,False,True,False,False,False,False,False,False,False,False,False,False,False,False,False,False,False,False,False,False,False,False,False,False,False,False,False,True,False,2
950.0,-1.5153392340096719,1.4110438085477912,-1.309179816740006,-0.7277475346309181,False,False,False,False,True,False,True,False,False,True,False,False,False,False,False,False,False,False,False,False,False,False,False,False,False,False,False,False,False,True,False,False,False,False,False,False,False,2
951.0,-0.22602749078715756,-0.6902524845440944,-1.2101222325321213,-1.3353957632894116,False,False,False,False,True,False,False,True,False,True,False,False,False,False,False,False,False,False,False,False,False,False,False,False,False,False,False,False,False,True,False,False,False,False,False,False,False,1
952.0,-0.5125412115032719,-0.9704253236230124,-1.4960188469626197,0.5358678066174598,False,False,True,False,False,False,False,False,False,True,False,False,False,False,False,False,False,True,False,False,False,False,False,False,False,False,False,False,False,False,False,False,False,False,False,False,False,0
953.0,-0.7990549322193862,-0.26999322592571723,-0.8595182818302329,1.2243362574998675,False,False,True,False,False,False,False,False,False,False,False,False,False,False,False,True,False,False,False,False,False,False,False,False,False,False,False,False,False,False,False,False,False,False,False,False,False,1
954.0,1.349797973151471,-0.9003821138532828,-1.4114478105139503,1.5054078927447962,False,False,True,False,False,False,False,False,True,False,False,False,False,False,False,False,False,False,False,False,False,False,True,False,False,False,False,False,False,False,False,False,False,False,False,False,False,2
955.0,0.6335136713611853,0.6405685010807668,1.2159377653050338,1.6483324076250856,False,False,False,True,False,False,True,False,False,False,False,False,False,False,False,False,False,False,False,True,False,False,False,False,False,False,False,False,False,False,False,False,False,False,False,False,False,2
956.0,0.6335136713611853,1.130870969468873,-0.04021722289048756,0.9804207071178237,False,False,False,True,False,False,False,False,True,True,False,False,False,False,False,False,False,False,False,False,False,False,False,False,False,True,False,False,False,False,False,False,False,False,False,False,False,0
957.0,-1.5153392340096719,0.6405685010807668,0.9535803729578337,-1.25714674140359,False,True,False,False,False,False,False,False,False,True,False,False,False,False,False,False,False,False,False,False,False,False,False,True,False,False,False,False,False,False,False,False,False,False,False,False,False,0
958.0,-0.9423117925774434,1.130870969468873,-0.6552091783506171,1.231574322319083,False,True,False,False,False,False,True,False,False,True,False,False,False,False,False,False,False,False,False,False,True,False,False,False,False,False,False,False,False,False,False,False,False,False,False,False,False,1
959.0,0.2037430902870139,-0.3400364356954468,-1.4000695744900715,-0.3492405526694039,False,False,True,False,False,False,False,False,True,False,False,False,False,False,False,True,False,False,False,False,False,False,False,False,False,False,False,False,False,False,False,False,False,False,False,False,False,1
960.0,-0.9423117925774434,-1.180554952932201,-1.6045034642072376,0.8017905845719459,True,False,False,False,False,False,False,False,True,True,True,False,False,False,False,False,False,False,False,False,False,False,False,False,False,False,False,False,False,False,False,False,False,False,False,False,False,0
961.0,-1.5153392340096719,0.8506981303899552,0.06782497042099835,0.10882565437791994,False,False,False,False,False,True,False,False,True,True,False,False,False,False,False,False,False,False,False,False,False,False,False,False,False,False,False,False,False,False,False,False,False,False,True,False,False,1
962.0,-1.6585960943677291,-0.48012285523490594,1.063017903289197,1.146086501195212,False,False,False,True,False,False,False,False,True,False,False,False,False,False,False,False,False,False,False,False,False,False,False,False,False,True,False,False,False,False,False,False,False,False,False,False,False,2
963.0,-0.36928435114521474,0.6405685010807668,0.9077951679803917,-0.26012506971462446,True,False,False,False,False,False,False,False,True,False,True,False,False,False,False,False,False,False,False,False,False,False,False,False,False,False,False,False,False,False,False,False,False,False,False,False,False,2
964.0,1.206541112793414,-0.7602956943138239,-0.23473627882413403,-1.5289301816539853,False,False,False,False,False,False,True,False,False,True,False,False,False,False,False,False,False,False,False,False,False,False,False,False,False,False,False,False,False,False,False,False,True,False,False,False,False,0
965.0,-1.0855686529355004,-1.4607277920111192,0.02289058069957923,0.19797638943673493,False,False,False,True,False,False,False,False,True,False,False,False,False,False,False,False,False,False,False,False,False,False,False,False,True,False,False,False,False,False,False,False,False,False,False,False,False,1
966.0,-1.5153392340096719,1.7612598573964389,1.174849060540838,-1.146951969073221,False,False,False,True,False,False,True,False,False,True,False,False,False,False,True,False,False,False,False,False,False,False,False,False,False,False,False,False,False,False,False,False,False,False,False,False,False,2
967.0,1.349797973151471,-1.180554952932201,-1.597504090701023,1.6237011015584977,False,True,False,False,False,False,False,False,True,False,False,False,False,False,False,False,False,False,False,False,False,False,False,True,False,False,False,False,False,False,False,False,False,False,False,False,False,0
968.0,0.4902568110031282,1.6912166476267096,-0.7101264670760374,0.09380789084935953,False,False,False,False,False,True,False,False,False,False,False,False,False,False,False,False,True,False,False,False,False,False,False,False,False,False,False,False,False,False,False,False,False,False,False,False,False,1
969.0,-1.5153392340096719,1.6912166476267096,-1.4949865244519787,0.1865870221579166,False,False,False,False,False,True,False,False,False,False,False,False,False,False,False,False,False,False,False,False,False,False,False,False,False,False,False,False,False,False,False,False,False,False,True,False,False,2
970.0,-0.36928435114521474,1.0608277596991436,0.5129942007789708,1.4204896134267493,False,False,False,False,True,False,False,False,True,True,False,False,False,False,False,False,False,False,False,False,False,False,False,False,False,False,False,False,False,True,False,False,False,False,False,False,False,1
971.0,-1.5153392340096719,0.5705252913110368,-0.4541218286404744,0.4343619435130192,False,False,False,False,True,False,False,True,False,True,False,False,False,False,False,False,False,False,False,False,False,False,False,False,False,False,False,False,False,True,False,False,False,False,False,False,False,1
972.0,0.4902568110031282,0.2903524522321188,-1.4981855898146246,-0.6884289535111031,False,False,False,False,True,False,False,False,False,True,False,False,False,False,False,False,False,False,False,False,False,False,False,False,False,False,True,False,False,False,False,False,False,False,False,False,False,1
973.0,0.4902568110031282,1.270957389008332,-1.5198643625380863,-0.7115741630669424,False,False,False,False,True,False,True,False,False,False,False,False,False,False,False,False,False,False,False,False,False,False,False,False,False,False,False,False,False,True,False,False,False,False,False,False,False,0
974.0,0.9200273920772997,-0.7602956943138239,1.5202006450622119,0.005254605512063835,False,False,False,False,False,False,False,False,True,False,False,False,False,False,False,False,False,False,False,False,False,False,False,False,False,False,False,False,False,False,False,False,True,False,False,False,False,2
975.0,-0.7990549322193862,-0.12990680638625834,-0.10794211726990491,1.2786564449338933,False,False,False,False,False,False,True,False,False,False,False,False,True,False,False,False,False,False,False,False,False,False,False,False,False,False,False,False,False,False,False,False,False,False,False,False,False,0
976.0,1.349797973151471,0.4304388717715777,-0.23643790933617967,1.0279078617196253,False,False,False,True,False,False,False,True,False,False,False,False,False,False,False,False,False,False,False,False,False,False,False,False,True,False,False,False,False,False,False,False,False,False,False,False,False,2
977.0,-0.0827706304291004,-0.26999322592571723,0.2481297394773567,1.614013382718229,False,False,True,False,False,False,False,False,True,True,False,False,False,False,False,False,False,False,False,False,False,False,True,False,False,False,False,False,False,False,False,False,False,False,False,False,False,2
978.0,1.6363116938675855,-0.26999322592571723,1.403423415122225,-1.4937232443767332,False,True,False,False,False,False,False,False,False,True,False,False,False,False,False,False,False,False,False,False,False,False,False,True,False,False,False,False,False,False,False,False,False,False,False,False,False,0
979.0,0.34699995064507105,-0.5501660650046353,1.1839130790683345,-0.8084443744907083,False,True,False,False,False,False,True,False,False,True,False,False,False,False,False,False,False,False,False,False,False,False,False,True,False,False,False,False,False,False,False,False,False,False,False,False,False,0
981.0,-0.9423117925774434,1.270957389008332,-0.8616623362754104,0.8756345622909922,False,False,False,True,False,False,False,False,False,False,False,False,False,False,True,False,False,False,False,False,False,False,False,False,False,False,False,False,False,False,False,False,False,False,False,False,False,2
982.0,-0.36928435114521474,-1.040468533392742,0.3050322638001636,-1.2532003417986937,True,False,False,False,False,False,False,False,True,True,False,False,False,False,False,False,False,False,False,False,False,False,False,False,False,False,False,False,False,False,False,False,False,False,False,True,False,2
983.0,-1.3720823736516148,1.5511302280872503,-0.5943815596466915,-1.3960448050260692,False,False,True,False,False,False,True,False,False,False,False,False,False,False,False,False,False,False,False,False,False,False,True,False,False,False,False,False,False,False,False,False,False,False,False,False,False,1
984.0,0.9200273920772997,0.6405685010807668,-0.2893926508710407,0.21489042239487413,False,False,False,True,False,False,False,True,False,True,False,False,False,False,False,False,False,False,False,True,False,False,False,False,False,False,False,False,False,False,False,False,False,False,False,False,False,2
985.0,0.6335136713611853,1.130870969468873,-0.8397113026700215,-0.3090369968545298,False,False,True,False,False,False,False,False,False,False,False,False,False,False,False,False,False,False,False,False,False,False,True,False,False,False,False,False,False,False,False,False,False,False,False,False,False,0
986.0,-0.7990549322193862,0.22030924246238925,-0.42344710260999796,0.7501264228513483,False,False,True,False,False,False,False,False,True,False,False,False,False,False,False,False,False,False,False,False,False,False,True,False,False,False,False,False,False,False,False,False,False,False,False,False,False,0
987.0,1.206541112793414,0.9907845499294143,1.394121168323042,-0.04554918454441603,False,False,True,False,False,False,False,False,True,True,False,False,False,False,False,False,False,False,False,False,False,False,True,False,False,False,False,False,False,False,False,False,False,False,False,False,False,0
988.0,1.0632842524353567,-1.6708574213203076,1.4100711183226167,-0.26072178501730947,False,False,False,True,False,False,False,True,False,True,False,False,False,False,True,False,False,False,False,False,False,False,False,False,False,False,False,False,False,False,False,False,False,False,False,False,False,2
990.0,0.2037430902870139,-1.6008142115505781,1.267508514023431,1.2970345418377587,False,True,False,False,False,False,False,False,False,True,False,False,False,False,False,False,False,False,False,False,True,False,False,False,False,False,False,False,False,False,False,False,False,False,False,False,False,1
991.0,1.0632842524353567,1.341000598778062,0.3716794588552854,-0.36575653061947494,False,True,False,False,False,False,False,False,True,True,False,False,False,False,False,False,False,False,False,False,False,True,False,False,False,False,False,False,False,False,False,False,False,False,False,False,False,1
992.0,1.349797973151471,1.7612598573964389,1.659337299930479,-0.5814446931138884,False,False,False,False,True,False,True,False,False,False,False,False,False,False,False,False,False,False,False,False,False,False,False,False,False,False,False,False,True,False,False,False,False,False,False,False,False,0
993.0,0.34699995064507105,-0.6902524845440944,1.1212136668011587,-0.5635212014683145,False,False,True,False,False,False,True,False,False,False,False,False,False,False,False,True,False,False,False,False,False,False,False,False,False,False,False,False,False,False,False,False,False,False,False,False,False,1
995.0,-0.655798071861329,0.9207413401596845,-1.2173825227168493,1.2580067905762373,False,False,False,False,False,True,True,False,False,True,False,False,False,False,False,False,False,False,False,False,False,False,False,False,False,False,False,False,False,False,False,False,False,False,True,False,False,0
996.0,1.206541112793414,-0.8303389040835536,0.4166932580006,-1.2329770175742174,False,False,False,True,False,False,False,True,False,False,False,False,False,False,False,False,False,False,False,True,False,False,False,False,False,False,False,False,False,False,False,False,False,False,False,False,False,2
997.0,0.34699995064507105,1.270957389008332,0.1778297109230436,1.4251818153576474,False,False,False,False,False,True,False,False,True,False,False,False,False,False,False,False,False,False,True,False,False,False,False,False,False,False,False,False,False,False,False,False,False,False,False,False,False,1
998.0,1.349797973151471,-1.3906845822413896,0.26194697923516747,-0.7556231358970273,False,False,False,False,True,False,False,False,False,False,False,False,False,False,False,False,False,False,False,False,False,False,False,False,False,False,False,False,False,True,False,False,False,False,False,False,False,2
1000.0,0.2037430902870139,1.6912166476267096,0.9084190991681418,1.0142722744367925,False,False,False,True,False,False,False,False,True,False,False,False,False,False,False,False,False,False,False,False,False,False,False,False,True,False,False,False,False,False,False,False,False,False,False,False,False,0
1001.0,-0.5125412115032719,0.6405685010807668,1.6498648900800914,0.2857600038359212,False,False,False,False,True,False,False,True,False,True,False,False,False,False,False,False,False,False,False,False,False,False,False,False,False,False,False,True,False,False,False,False,False,False,False,False,False,1
1002.0,-0.655798071861329,1.2009141792386029,-0.07059699963220945,0.590941874984662,False,False,True,False,False,False,False,False,False,False,False,False,False,True,False,False,False,False,False,False,False,False,False,False,False,False,False,False,False,False,False,False,False,False,False,False,False,0
1003.0,0.6335136713611853,-0.6202092747743648,-1.685376290343061,-0.607793437623958,False,True,False,False,False,False,False,False,False,False,False,False,False,False,False,False,False,False,False,False,False,True,False,False,False,False,False,False,False,False,False,False,False,False,False,False,False,0
1004.0,-1.5153392340096719,0.6405685010807668,0.7557261212205777,0.2586933649155444,False,False,False,False,False,True,False,True,False,True,False,False,False,False,False,False,False,False,False,False,False,False,False,False,False,False,False,False,False,False,False,False,False,False,True,False,False,0
1005.0,1.6363116938675855,0.3603956620018484,-1.071462034207227,-0.7244525645318455,False,False,False,False,False,False,False,False,True,False,False,False,True,False,False,False,False,False,False,False,False,False,False,False,False,False,False,False,False,False,False,False,False,False,False,False,False,1
1006.0,-1.3720823736516148,0.3603956620018484,0.36209360697076154,-0.341172594567685,False,False,False,False,False,False,True,False,False,False,False,False,False,False,False,False,False,False,False,False,False,False,False,False,False,False,False,False,False,False,False,False,False,True,False,False,False,1
1007.0,-0.655798071861329,0.6405685010807668,-1.4737615198650624,0.923019999884275,True,False,False,False,False,False,True,False,False,True,False,False,False,False,False,False,False,False,False,False,False,False,False,False,False,False,False,False,False,False,False,False,False,False,False,False,True,1
1008.0,-0.0827706304291004,0.2903524522321188,0.9105518094099057,-0.8935411175854352,False,False,True,False,False,False,False,True,False,False,False,False,False,False,False,True,False,False,False,False,False,False,False,False,False,False,False,False,False,False,False,False,False,False,False,False,False,0
1009.0,-1.6585960943677291,-0.26999322592571723,1.2139752181144745,1.1818082660751497,False,False,False,False,False,True,False,False,False,True,False,False,False,False,False,False,False,False,False,False,False,False,False,False,False,False,False,False,False,False,False,True,False,False,False,False,False,2
1010.0,-0.36928435114521474,-0.7602956943138239,-1.6360063170869095,-0.4332338314659347,False,False,True,False,False,False,False,False,True,False,False,False,False,False,False,True,False,False,False,False,False,False,False,False,False,False,False,False,False,False,False,False,False,False,False,False,False,0
1011.0,1.0632842524353567,0.9207413401596845,-0.41770693568269723,0.11197227187250969,False,False,False,False,False,True,False,False,True,True,False,False,False,False,False,False,False,False,True,False,False,False,False,False,False,False,False,False,False,False,False,False,False,False,False,False,False,1
1013.0,-0.9423117925774434,0.710611710850496,-1.6146451820590297,0.6320557429443707,True,False,False,False,False,False,True,False,False,False,False,False,False,False,False,False,False,False,False,False,False,False,False,False,False,False,False,False,False,False,False,False,False,False,False,False,False,2
1014.0,-0.7990549322193862,-0.9003821138532828,-0.9779063886549565,0.5076859526975415,False,False,False,False,False,False,False,False,True,True,False,False,True,False,False,False,False,False,False,False,False,False,False,False,False,False,False,False,False,False,False,False,False,False,False,False,False,1
1015.0,1.0632842524353567,0.4304388717715777,0.9236770527594845,0.7379387422998914,False,False,True,False,False,False,False,True,False,True,False,False,False,False,False,False,False,False,False,False,False,False,True,False,False,False,False,False,False,False,False,False,False,False,False,False,False,2
1016.0,1.4930548335095282,0.8506981303899552,-0.34260830908441536,1.4583246685017348,False,False,False,True,False,False,True,False,False,False,False,False,False,False,False,False,False,False,False,False,False,False,False,False,False,True,False,False,False,False,False,False,False,False,False,False,False,2
1017.0,0.7767705317192425,-0.9704253236230124,0.8011596558921968,-0.8775597965465699,False,False,False,False,False,False,False,True,False,False,False,True,False,False,False,False,False,False,False,False,False,False,False,False,False,False,False,False,False,False,False,False,False,False,False,False,False,1
1020.0,-1.0855686529355004,0.3603956620018484,0.9258778282217303,-1.7031402044469897,False,False,False,True,False,False,False,True,False,True,False,False,False,False,False,False,False,False,False,False,False,False,False,False,True,False,False,False,False,False,False,False,False,False,False,False,False,1
1021.0,0.9200273920772997,1.2009141792386029,1.3045927149826129,-1.3073861305860839,False,True,False,False,False,False,False,True,False,True,False,False,False,False,False,False,False,False,False,False,True,False,False,False,False,False,False,False,False,False,False,False,False,False,False,False,False,2
1022.0,-0.22602749078715756,-1.6008142115505781,1.5521799544852568,-0.6107663650642892,False,True,False,False,False,False,False,False,False,False,False,False,False,False,False,False,False,False,False,False,False,True,False,False,False,False,False,False,False,False,False,False,False,False,False,False,False,2
1023.0,1.6363116938675855,0.8506981303899552,0.4931531890085184,0.22649938090508043,False,True,False,False,False,False,False,True,False,False,False,False,False,False,False,False,False,False,False,False,False,True,False,False,False,False,False,False,False,False,False,False,False,False,False,False,False,2
1024.0,-0.0827706304291004,-0.5501660650046353,0.44970488993428587,1.3305181653208569,False,True,False,False,False,False,True,False,False,True,False,False,False,False,False,False,False,False,False,False,False,True,False,False,False,False,False,False,False,False,False,False,False,False,False,False,False,2
1025.0,-0.36928435114521474,-0.05986359661652877,-0.11083488914038254,1.0152960542914913,False,False,False,False,True,False,False,False,True,False,False,False,False,False,False,False,False,False,False,False,False,False,False,False,False,False,False,False,False,True,False,False,False,False,False,False,False,1
1026.0,-0.655798071861329,1.4810870183175204,-0.29194509663910917,0.18580156121487457,False,False,False,False,False,True,False,False,True,False,False,False,False,False,False,False,False,False,False,False,False,False,False,False,False,False,False,False,False,False,False,False,False,False,True,False,False,0
1027.0,1.6363116938675855,-0.5501660650046353,1.2477696000837013,-1.4868009796561696,False,False,False,False,True,False,False,False,False,True,False,False,False,False,False,False,False,False,False,False,False,False,False,False,False,False,False,True,False,False,False,False,False,False,False,False,False,0
1028.0,-0.5125412115032719,-0.12990680638625834,-0.6548575080447944,-0.7471159953325323,False,False,False,False,True,False,True,False,False,True,False,False,False,False,False,False,False,False,False,False,False,False,False,False,False,False,False,False,True,False,False,False,False,False,False,False,False,2
1029.0,-1.2288255132935577,-1.6708574213203076,-0.6412671523552563,-0.4652379682077906,False,False,False,False,True,False,False,True,False,True,False,False,False,False,False,False,False,False,False,False,False,False,False,False,False,False,False,False,False,True,False,False,False,False,False,False,False,1
1030.0,-1.0855686529355004,-1.4607277920111192,-0.5946311321217915,0.42435658852701325,False,True,False,False,False,False,False,True,False,True,False,False,False,False,False,False,False,False,False,False,False,True,False,False,False,False,False,False,False,False,False,False,False,False,False,False,False,1
1031.0,1.206541112793414,-0.8303389040835536,0.9684185910228719,-1.5180119440572257,False,False,False,True,False,False,False,False,True,True,False,False,False,False,False,False,False,False,False,False,False,False,False,False,False,True,False,False,False,False,False,False,False,False,False,False,False,2
1032.0,-0.655798071861329,-1.6708574213203076,-1.2924811493151311,0.10507754785822375,True,False,False,False,False,False,False,True,False,True,True,False,False,False,False,False,False,False,False,False,False,False,False,False,False,False,False,False,False,False,False,False,False,False,False,False,False,0
1033.0,1.4930548335095282,0.5004820815413076,-1.3928773495258253,1.4002523352444256,True,False,False,False,False,False,False,False,True,False,False,False,False,False,False,False,False,False,False,False,False,False,False,False,False,False,False,False,False,False,False,False,False,False,False,False,False,2
1034.0,-0.5125412115032719,-0.26999322592571723,0.5590970434519946,0.7163975034776697,False,False,False,False,False,True,False,False,False,True,False,False,False,False,False,False,False,False,True,False,False,False,False,False,False,False,False,False,False,False,False,False,False,False,False,False,False,1
1036.0,0.34699995064507105,-1.1105117431624716,0.8230312800736905,0.6335212757277654,False,True,False,False,False,False,True,False,False,False,False,False,False,False,False,False,False,False,False,False,False,True,False,False,False,False,False,False,False,False,False,False,False,False,False,False,False,0
1038.0,0.2037430902870139,0.5705252913110368,0.44042533154193014,-1.3590756297564566,False,False,False,False,False,False,False,False,True,False,False,False,True,False,False,False,False,False,False,False,False,False,False,False,False,False,False,False,False,False,False,False,False,False,False,False,False,1
1039.0,-0.655798071861329,1.6211734378569798,-0.6305241917225414,1.1491721619265733,False,False,True,False,False,False,False,False,False,True,False,False,False,True,False,False,False,False,False,False,False,False,False,False,False,False,False,False,False,False,False,False,False,False,False,False,False,1
1040.0,0.7767705317192425,-1.5307710017808487,1.4399517501141386,0.6817626784721611,False,False,False,False,False,False,False,False,True,False,False,False,True,False,False,False,False,False,False,False,False,False,False,False,False,False,False,False,False,False,False,False,False,False,False,False,False,0
1041.0,-0.36928435114521474,1.4110438085477912,1.350559427214673,0.26159909303255774,False,False,True,False,False,False,False,True,False,True,False,False,False,True,False,False,False,False,False,False,False,False,False,False,False,False,False,False,False,False,False,False,False,False,False,False,False,1
1043.0,-0.9423117925774434,0.22030924246238925,0.4155701818626499,0.3602653257150512,False,True,False,False,False,False,False,False,True,True,False,False,False,False,False,False,False,False,False,False,True,False,False,False,False,False,False,False,False,False,False,False,False,False,False,False,False,0
1044.0,-0.0827706304291004,0.010179613153200814,-0.8735737498597301,-1.6352314325355113,False,False,False,False,False,False,False,False,False,True,False,False,False,False,False,False,False,False,False,False,False,False,False,False,False,False,False,False,False,False,False,False,False,True,False,False,False,2
1045.0,-1.5153392340096719,-1.5307710017808487,0.05406445168025576,-1.3299280150697312,False,False,False,False,False,False,True,False,False,False,False,False,False,False,False,False,False,False,False,False,False,False,False,False,False,False,False,False,False,False,False,False,True,False,False,False,False,2
1046.0,-0.7990549322193862,-1.4607277920111192,-0.47757029709646365,-0.6564718195746281,False,False,True,False,False,False,False,True,False,False,False,False,False,True,False,False,False,False,False,False,False,False,False,False,False,False,False,False,False,False,False,False,False,False,False,False,False,0
1047.0,0.4902568110031282,0.3603956620018484,0.6450407285137142,-0.1965207265896535,True,False,False,False,False,False,False,False,False,False,False,False,False,False,False,False,False,False,False,False,False,False,False,False,False,False,False,False,False,False,False,False,False,False,False,True,False,2
1049.0,0.06048622992895674,1.4810870183175204,-1.0005153860583365,-1.3260870045675248,False,False,False,False,False,False,False,False,True,False,False,False,True,False,False,False,False,False,False,False,False,False,False,False,False,False,False,False,False,False,False,False,False,False,False,False,False,2
1050.0,-1.3720823736516148,-0.3400364356954468,-0.47155786928723564,0.7877753027518959,False,False,False,True,False,False,True,False,False,True,False,False,False,False,False,False,False,False,False,True,False,False,False,False,False,False,False,False,False,False,False,False,False,False,False,False,False,0
1052.0,-0.22602749078715756,0.7806549206202252,-1.0597888488945937,0.11745617730653946,False,False,False,True,False,False,False,False,True,True,False,False,False,False,False,False,False,False,False,True,False,False,False,False,False,False,False,False,False,False,False,False,False,False,False,False,False,1
1053.0,-0.655798071861329,-0.6902524845440944,0.7544442262348366,-0.1661840878105625,False,False,False,False,False,True,False,False,False,True,False,False,False,False,False,False,False,False,True,False,False,False,False,False,False,False,False,False,False,False,False,False,False,False,False,False,False,2
1054.0,-0.9423117925774434,0.0802228229229304,-0.42480840701963446,1.6621633503177828,False,False,False,False,False,False,False,False,True,True,False,True,False,False,False,False,False,False,False,False,False,False,False,False,False,False,False,False,False,False,False,False,False,False,False,False,False,1
1055.0,-1.6585960943677291,0.710611710850496,0.7854933109779632,-1.570769288212342,False,False,False,False,False,True,False,False,False,False,False,False,False,False,False,False,False,False,False,False,False,False,False,False,False,False,False,False,False,False,False,True,False,False,False,False,False,0
1056.0,-1.6585960943677291,1.4110438085477912,0.19747787123546418,-1.114381228200877,True,False,False,False,False,False,True,False,False,True,False,False,False,False,False,False,False,False,False,False,False,False,False,False,False,False,False,False,False,False,False,False,False,False,False,False,True,2
1057.0,1.4930548335095282,1.0608277596991436,0.39552497443075196,0.514326935004655,False,False,True,False,False,False,True,False,False,True,False,False,False,True,False,False,False,False,False,False,False,False,False,False,False,False,False,False,False,False,False,False,False,False,False,False,False,1
1058.0,-0.655798071861329,0.6405685010807668,1.069722327506657,-1.268786912714244,False,False,False,True,False,False,False,False,True,False,False,False,False,False,False,False,False,False,False,True,False,False,False,False,False,False,False,False,False,False,False,False,False,False,False,False,False,1
1060.0,0.4902568110031282,1.5511302280872503,0.9423836441885732,0.23613201833279382,False,False,False,False,False,True,False,False,True,True,False,False,False,False,False,False,True,False,False,False,False,False,False,False,False,False,False,False,False,False,False,False,False,False,False,False,False,1
1061.0,-0.22602749078715756,-0.6902524845440944,0.11388243628036761,1.6428440956780517,False,False,False,True,False,False,False,False,False,True,False,False,False,False,True,False,False,False,False,False,False,False,False,False,False,False,False,False,False,False,False,False,False,False,False,False,False,1
1063.0,-1.2288255132935577,-0.7602956943138239,-1.640691473096742,1.5540557963138522,False,False,False,False,False,False,False,False,False,True,False,False,False,False,False,False,False,False,False,False,False,False,False,False,False,False,False,False,False,False,False,False,False,True,False,False,False,1
1064.0,-0.9423117925774434,-0.9704253236230124,-1.1862540285498273,-1.348196316357903,False,True,False,False,False,False,True,False,False,True,False,False,False,False,False,False,False,False,False,False,True,False,False,False,False,False,False,False,False,False,False,False,False,False,False,False,False,1
1066.0,1.349797973151471,0.5004820815413076,0.96052302544698,-1.2941658571539192,False,False,True,False,False,False,True,False,False,False,False,False,False,False,False,True,False,False,False,False,False,False,False,False,False,False,False,False,False,False,False,False,False,False,False,False,False,1
1067.0,0.9200273920772997,0.3603956620018484,-1.0513374173514336,0.4634801814463816,False,False,False,False,False,True,False,False,False,True,False,False,False,False,False,False,False,False,False,False,False,False,False,False,False,False,False,False,False,False,False,True,False,False,False,False,False,2
1068.0,-0.5125412115032719,-1.6708574213203076,0.7301676309296519,0.7674880840888552,False,False,False,False,True,False,True,False,False,True,False,False,False,False,False,False,False,False,False,False,False,False,False,False,False,False,False,False,True,False,False,False,False,False,False,False,False,0
1069.0,-0.0827706304291004,0.7806549206202252,0.10494320399042105,-1.183361517191269,False,False,False,False,False,True,False,True,False,False,False,False,False,False,False,False,False,False,False,False,False,False,False,False,False,False,False,False,False,False,False,False,False,False,True,False,False,0
1070.0,-0.22602749078715756,-0.6202092747743648,0.3862681044452236,0.46252837463742186,False,False,False,True,False,False,True,False,False,False,False,False,False,False,True,False,False,False,False,False,False,False,False,False,False,False,False,False,False,False,False,False,False,False,False,False,False,1
1071.0,0.2037430902870139,0.5705252913110368,1.4736667226594697,-1.5614891718249841,False,False,False,False,True,False,True,False,False,False,False,False,False,False,False,False,False,False,False,False,False,False,False,False,False,False,False,False,False,True,False,False,False,False,False,False,False,1
1072.0,1.4930548335095282,0.22030924246238925,-0.3286435946822273,-0.7214414473121424,False,False,False,True,False,False,False,False,True,True,False,False,False,False,False,False,False,False,False,False,False,False,False,False,False,True,False,False,False,False,False,False,False,False,False,False,False,0
1073.0,0.4902568110031282,-0.5501660650046353,-1.662574441481649,1.4689546467061205,False,True,False,False,False,False,False,False,False,False,False,False,False,False,False,False,False,False,False,False,True,False,False,False,False,False,False,False,False,False,False,False,False,False,False,False,False,1
1074.0,-1.6585960943677291,-1.2505981627019307,-1.247047614643512,-1.1454148304535043,False,False,False,False,True,False,False,True,False,True,False,False,False,False,False,False,False,False,False,False,False,False,False,False,False,False,False,True,False,False,False,False,False,False,False,False,False,0
1075.0,0.06048622992895674,-1.3906845822413896,0.6336851808966628,-1.516803457865757,False,False,False,False,False,False,False,False,True,False,False,False,False,False,False,False,False,False,False,False,False,False,False,False,False,False,False,False,False,False,False,False,False,True,False,False,False,2
1076.0,1.4930548335095282,1.2009141792386029,0.2345734163980596,-0.19673040316678156,False,False,False,False,False,True,False,False,False,True,False,False,False,False,False,False,False,False,False,False,False,False,False,False,False,False,False,False,False,False,False,False,False,False,True,False,False,2
1077.0,1.206541112793414,1.4810870183175204,-1.6397045273997555,1.2228754984388945,False,False,True,False,False,False,False,True,False,False,False,False,False,False,False,False,False,True,False,False,False,False,False,False,False,False,False,False,False,False,False,False,False,False,False,False,False,2
1078.0,1.206541112793414,0.5004820815413076,0.8686916988135824,-1.477026232184063,True,False,False,False,False,False,False,True,False,True,False,False,False,False,False,False,False,False,False,False,False,False,False,False,False,False,False,False,False,False,False,False,False,False,False,True,False,2
1080.0,-1.5153392340096719,-0.3400364356954468,-1.4390596016227446,1.3943578896821482,False,False,False,False,False,True,False,False,False,False,False,False,False,False,False,False,False,False,True,False,False,False,False,False,False,False,False,False,False,False,False,False,False,False,False,False,False,2
1082.0,-0.9423117925774434,0.9907845499294143,0.488468032998686,-0.6607332848593418,False,False,False,False,False,False,False,True,False,True,False,False,True,False,False,False,False,False,False,False,False,False,False,False,False,False,False,False,False,False,False,False,False,False,False,False,False,1
1083.0,1.4930548335095282,-1.32064137247166,-0.19056195073142862,0.9710150051098392,True,False,False,False,False,False,False,False,True,False,False,False,False,False,False,False,False,False,False,False,False,False,False,False,False,False,False,False,False,False,False,False,False,False,False,False,False,0
1086.0,-1.6585960943677291,-0.48012285523490594,0.8137403774779212,-1.3551978983125466,False,False,False,False,True,False,True,False,False,False,False,False,False,False,False,False,False,False,False,False,False,False,False,False,False,False,False,False,False,True,False,False,False,False,False,False,False,1
1087.0,-1.2288255132935577,-0.8303389040835536,-0.4129877470626239,1.4668464974429112,False,False,False,True,False,False,False,False,True,True,False,False,False,False,False,False,False,False,False,True,False,False,False,False,False,False,False,False,False,False,False,False,False,False,False,False,False,2
1088.0,1.0632842524353567,-1.6708574213203076,-1.0028296035547186,1.5169327602985008,False,False,False,True,False,False,True,False,False,False,False,False,False,False,True,False,False,False,False,False,False,False,False,False,False,False,False,False,False,False,False,False,False,False,False,False,False,2
1089.0,-1.5153392340096719,0.15026603269265998,1.631646099397789,-1.202689217647592,False,False,True,False,False,False,False,True,False,False,False,False,False,False,False,False,False,False,False,False,False,False,True,False,False,False,False,False,False,False,False,False,False,False,False,False,False,2
1090.0,-1.0855686529355004,1.270957389008332,1.1888364633498534,-1.626322932078195,True,False,False,False,False,False,False,True,False,True,False,False,False,False,False,False,False,False,False,False,False,False,False,False,False,False,False,False,False,False,False,False,False,False,False,False,False,2
1092.0,-0.5125412115032719,0.22030924246238925,1.507041369102392,-0.06216761392184039,False,False,False,True,False,False,False,False,False,False,False,False,False,False,False,False,False,False,False,False,False,False,False,False,False,True,False,False,False,False,False,False,False,False,False,False,False,2
1093.0,1.0632842524353567,0.0802228229229304,1.0610893887088786,0.2511817290806365,False,False,True,False,False,False,False,False,False,True,False,False,False,False,False,False,False,False,False,False,False,False,True,False,False,False,False,False,False,False,False,False,False,False,False,False,False,1
1094.0,-0.9423117925774434,-1.4607277920111192,-1.4910387416640327,0.4040800189370667,False,False,False,False,False,False,False,False,True,False,False,True,False,False,False,False,False,False,False,False,False,False,False,False,False,False,False,False,False,False,False,False,False,False,False,False,False,2
1095.0,0.7767705317192425,0.15026603269265998,-1.0640429251747079,1.0102528001579059,False,False,True,False,False,False,False,False,False,False,False,False,False,True,False,False,False,False,False,False,False,False,False,False,False,False,False,False,False,False,False,False,False,False,False,False,False,2
1096.0,-0.9423117925774434,-0.4100796454651764,-0.25768560232992316,1.0881144161087537,False,False,False,True,False,False,False,False,True,True,False,False,False,False,False,False,False,False,False,False,False,False,False,False,True,False,False,False,False,False,False,False,False,False,False,False,False,1
1097.0,0.9200273920772997,0.3603956620018484,-0.3279515982739954,-1.0679909281277644,False,True,False,False,False,False,False,True,False,True,False,False,False,False,False,False,False,False,False,False,False,False,False,False,False,False,False,False,False,False,True,False,False,False,False,False,False,0
1098.0,-0.0827706304291004,-0.4100796454651764,-1.1410927547601355,-0.9189924022802665,False,True,False,False,False,False,True,False,False,True,False,False,False,False,False,False,False,False,False,False,False,True,False,False,False,False,False,False,False,False,False,False,False,False,False,False,False,2
1099.0,-0.22602749078715756,-0.9003821138532828,1.6071539642277453,1.314325698867195,False,False,False,False,True,False,False,True,False,True,False,False,False,False,False,False,False,False,False,False,False,False,False,False,False,False,False,False,True,False,False,False,False,False,False,False,False,1
1100.0,-1.5153392340096719,-1.3906845822413896,1.637851378665049,1.114381272918824,False,True,False,False,False,False,False,True,False,True,False,False,False,False,False,False,False,False,False,False,False,False,False,False,False,False,False,False,False,False,True,False,False,False,False,False,False,1
1101.0,0.34699995064507105,-0.6202092747743648,1.201621380597023,0.4100614931311816,False,False,False,False,True,False,False,True,False,True,False,False,False,False,False,False,False,False,False,False,False,False,False,False,False,False,False,True,False,False,False,False,False,False,False,False,False,0
1102.0,-0.0827706304291004,-1.3906845822413896,0.21936083962037137,1.7255003649871508,False,False,False,False,True,False,False,False,False,False,False,False,False,False,False,False,False,False,False,False,False,False,False,False,False,False,False,True,False,False,False,False,False,False,False,False,False,2
1103.0,-0.0827706304291004,-1.1105117431624716,-1.0553419211564479,0.8201841042713267,False,False,False,True,False,False,False,False,False,False,False,False,False,False,False,False,False,False,False,False,False,False,False,False,True,False,False,False,False,False,False,False,False,False,False,False,False,2
1105.0,1.206541112793414,-0.19995001615598762,-0.18091937782983655,1.2090118741080815,False,False,False,False,True,False,True,False,False,False,False,False,False,False,False,False,False,False,False,False,False,False,False,False,False,False,False,True,False,False,False,False,False,False,False,False,False,1
1106.0,1.6363116938675855,0.15026603269265998,0.03298692173771682,-0.29770675029185467,True,False,False,False,False,False,False,False,False,False,True,False,False,False,False,False,False,False,False,False,False,False,False,False,False,False,False,False,False,False,False,False,False,False,False,False,False,2
1107.0,-1.5153392340096719,1.341000598778062,-0.6404730581163017,-1.6183790907594344,False,False,False,False,False,False,False,False,True,False,False,False,False,False,False,False,False,False,False,False,False,False,False,False,False,False,False,False,False,False,False,False,False,True,False,False,False,2
1108.0,1.349797973151471,1.7612598573964389,-0.229381814812897,-0.6232224756996,False,False,True,False,False,False,False,True,False,False,False,False,False,False,False,False,False,False,False,False,False,False,True,False,False,False,False,False,False,False,False,False,False,False,False,False,False,2
1109.0,-1.3720823736516148,0.2903524522321188,-0.294361411966214,0.9191433700686156,False,False,True,False,False,False,True,False,False,True,False,False,False,False,False,False,False,False,False,False,False,False,True,False,False,False,False,False,False,False,False,False,False,False,False,False,False,2
1110.0,-0.0827706304291004,1.130870969468873,0.2038306251471013,1.60517208158423,False,False,False,True,False,False,True,False,False,False,False,False,False,False,False,False,False,False,False,False,False,False,False,False,False,True,False,False,False,False,False,False,False,False,False,False,False,0
1111.0,0.4902568110031282,-0.6202092747743648,-0.4499471617842557,-0.7811981701654003,False,True,False,False,False,False,True,False,False,False,False,False,False,False,False,False,False,False,False,False,False,False,False,False,False,False,False,False,False,False,True,False,False,False,False,False,False,0
1112.0,1.206541112793414,-0.6902524845440944,-0.3347240877119371,-0.8845275952348461,False,True,False,False,False,False,True,False,False,True,False,False,False,False,False,False,False,False,False,False,True,False,False,False,False,False,False,False,False,False,False,False,False,False,False,False,False,0
1113.0,1.6363116938675855,-0.3400364356954468,-0.9761707255326699,0.2216735147463808,False,False,False,False,True,False,True,False,False,True,False,False,False,False,False,False,False,False,False,False,False,False,False,False,False,False,False,False,False,True,False,False,False,False,False,False,False,2
1114.0,-1.6585960943677291,0.6405685010807668,1.3257723427558745,1.087053548102934,False,False,False,False,False,True,False,False,True,True,False,False,False,False,False,False,True,False,False,False,False,False,False,False,False,False,False,False,False,False,False,False,False,False,False,False,False,2
1116.0,-1.3720823736516148,-0.6202092747743648,0.9919464689027565,0.20891372192318058,False,False,False,False,False,False,True,False,False,False,False,True,False,False,False,False,False,False,False,False,False,False,False,False,False,False,False,False,False,False,False,False,False,False,False,False,False,1
1117.0,1.0632842524353567,-1.2505981627019307,1.2168906783917794,0.458099094649122,True,False,False,False,False,False,False,True,False,True,False,False,False,False,False,False,False,False,False,False,False,False,False,False,False,False,False,False,False,False,False,False,False,False,False,False,True,1
1119.0,-0.5125412115032719,-1.32064137247166,0.9980723387461209,-0.23546622294175895,False,False,False,False,True,False,True,False,False,False,False,False,False,False,False,False,False,False,False,False,False,False,False,False,False,False,False,False,True,False,False,False,False,False,False,False,False,0
1120.0,0.9200273920772997,0.2903524522321188,1.472373483470315,-0.8536570339633833,False,False,False,False,False,True,True,False,False,True,False,False,False,False,False,False,True,False,False,False,False,False,False,False,False,False,False,False,False,False,False,False,False,False,False,False,False,0
1121.0,0.34699995064507105,0.710611710850496,-1.366456699775463,1.3407857078306271,False,False,False,False,False,True,False,True,False,True,False,False,False,False,False,False,True,False,False,False,False,False,False,False,False,False,False,False,False,False,False,False,False,False,False,False,False,0
1122.0,0.7767705317192425,0.710611710850496,-0.024789106247940226,-1.3518518861045057,False,False,False,False,True,False,True,False,False,True,False,False,False,False,False,False,False,False,False,False,False,False,False,False,False,False,False,False,True,False,False,False,False,False,False,False,False,2
1123.0,-0.22602749078715756,0.9207413401596845,1.6523265822208508,0.6267704978049581,False,False,False,True,False,False,True,False,False,True,False,False,False,False,False,False,False,False,False,True,False,False,False,False,False,False,False,False,False,False,False,False,False,False,False,False,False,0
1126.0,1.349797973151471,0.8506981303899552,-1.7036744904492587,-0.6999989878231035,True,False,False,False,False,False,False,False,True,False,False,False,False,False,False,False,False,False,False,False,False,False,False,False,False,False,False,False,False,False,False,False,False,False,False,True,False,0
1127.0,0.6335136713611853,0.4304388717715777,1.6263597006070338,-0.6168591037117666,False,False,False,False,False,True,True,False,False,False,False,False,False,False,False,False,False,False,False,False,False,False,False,False,False,False,False,False,False,False,False,True,False,False,False,False,False,1
1128.0,-1.0855686529355004,-1.1105117431624716,-0.19810584600149772,-0.8361187449962812,False,False,False,False,False,True,False,False,True,False,False,False,False,False,False,False,False,False,False,False,False,False,False,False,False,False,False,False,False,False,False,True,False,False,False,False,False,0
1129.0,-0.0827706304291004,-1.6708574213203076,0.4221951966562143,0.8816130988097708,False,False,False,False,False,False,False,False,False,False,False,True,False,False,False,False,False,False,False,False,False,False,False,False,False,False,False,False,False,False,False,False,False,False,False,False,False,0
1130.0,-0.22602749078715756,-0.7602956943138239,0.3547765957689652,-0.4687011202198661,True,False,False,False,False,False,True,False,False,True,False,False,False,False,False,False,False,False,False,False,False,False,False,False,False,False,False,False,False,False,False,False,False,False,False,True,False,1
1131.0,0.34699995064507105,-0.19995001615598762,-0.789558579378329,0.7893917586056927,False,False,False,False,False,True,False,False,False,True,False,False,False,False,False,False,False,False,False,False,False,False,False,False,False,False,False,False,False,False,False,False,False,False,True,False,False,1
1133.0,-1.6585960943677291,1.2009141792386029,-1.4716968748437804,0.16456473899937654,False,False,True,False,False,False,False,False,False,False,False,False,False,True,False,False,False,False,False,False,False,False,False,False,False,False,False,False,False,False,False,False,False,False,False,False,False,1
1134.0,1.0632842524353567,-1.040468533392742,-1.3239953463982168,0.15075546166228462,False,True,False,False,False,False,False,True,False,False,False,False,False,False,False,False,False,False,False,False,False,False,False,True,False,False,False,False,False,False,False,False,False,False,False,False,False,0
1135.0,0.4902568110031282,-1.32064137247166,0.6946943068552066,1.6597526204949349,False,False,False,False,False,True,True,False,False,True,False,False,False,False,False,False,False,False,False,False,False,False,False,False,False,False,False,False,False,False,False,False,False,False,True,False,False,1
1136.0,-1.5153392340096719,1.6211734378569798,-0.6151754845038895,-0.4640037773571294,False,False,False,False,False,False,False,True,False,True,False,False,True,False,False,False,False,False,False,False,False,False,False,False,False,False,False,False,False,False,False,False,False,False,False,False,False,1
1137.0,-1.5153392340096719,-1.3906845822413896,-1.2012170328524157,-1.019993352436281,False,False,True,False,False,False,False,True,False,True,False,False,False,True,False,False,False,False,False,False,False,False,False,False,False,False,False,False,False,False,False,False,False,False,False,False,False,2
1138.0,-1.3720823736516148,-0.05986359661652877,0.5901574723985348,1.436279251149921,False,False,False,False,True,False,False,False,False,False,False,False,False,False,False,False,False,False,False,False,False,False,False,False,False,False,True,False,False,False,False,False,False,False,False,False,False,1
1139.0,-0.655798071861329,0.2903524522321188,1.3520114852516187,-1.134572237996654,True,False,False,False,False,False,False,False,False,False,True,False,False,False,False,False,False,False,False,False,False,False,False,False,False,False,False,False,False,False,False,False,False,False,False,False,False,1
1140.0,1.6363116938675855,0.15026603269265998,0.6398677717570954,1.166378126371257,False,False,False,False,True,False,False,False,False,True,False,False,False,False,False,False,False,False,False,False,False,False,False,False,False,False,True,False,False,False,False,False,False,False,False,False,False,0
1141.0,0.34699995064507105,-1.4607277920111192,-0.1773005769408861,-1.2204739041335262,False,False,False,True,False,False,True,False,False,True,False,False,False,False,True,False,False,False,False,False,False,False,False,False,False,False,False,False,False,False,False,False,False,False,False,False,False,0
1142.0,-0.7990549322193862,-1.5307710017808487,0.7244388082057648,0.5534556688558615,False,False,True,False,False,False,True,False,False,False,False,False,False,True,False,False,False,False,False,False,False,False,False,False,False,False,False,False,False,False,False,False,False,False,False,False,False,2
1143.0,-0.9423117925774434,-1.3906845822413896,-0.48869896064524226,-1.2193370237783794,False,False,False,False,True,False,False,False,False,False,False,False,False,False,False,False,False,False,False,False,False,False,False,False,False,False,True,False,False,False,False,False,False,False,False,False,False,1
1144.0,-0.5125412115032719,0.2903524522321188,-1.6940092291408393,1.4756778839226499,False,False,False,False,False,True,True,False,False,True,False,False,False,False,False,False,False,False,False,False,False,False,False,False,False,False,False,False,False,False,False,True,False,False,False,False,False,1
1145.0,1.0632842524353567,0.15026603269265998,1.1578214112169676,0.22652839044902637,True,False,False,False,False,False,True,False,False,False,False,False,False,False,False,False,False,False,False,False,False,False,False,False,False,False,False,False,False,False,False,False,False,False,False,False,True,1
1146.0,-1.6585960943677291,-0.9003821138532828,0.5784275660688334,-0.59582902039806,False,True,False,False,False,False,False,True,False,True,False,False,False,False,False,False,False,False,False,False,False,False,False,False,False,False,False,False,False,False,True,False,False,False,False,False,False,1
1147.0,-0.655798071861329,0.5004820815413076,-0.47514263756594516,-1.2549827763089907,False,False,True,False,False,False,False,True,False,True,False,False,False,True,False,False,False,False,False,False,False,False,False,False,False,False,False,False,False,False,False,False,False,False,False,False,False,1
1148.0,1.4930548335095282,1.130870969468873,-0.6156405968438486,-0.4495970502985185,False,False,False,False,False,True,False,False,False,False,False,False,False,False,False,False,True,False,False,False,False,False,False,False,False,False,False,False,False,False,False,False,False,False,False,False,False,1
1149.0,1.4930548335095282,-1.6008142115505781,-1.306366454293424,0.7149576753534677,False,False,False,False,False,False,True,False,False,False,False,False,True,False,False,False,False,False,False,False,False,False,False,False,False,False,False,False,False,False,False,False,False,False,False,False,False,2
1150.0,-1.3720823736516148,0.010179613153200814,0.7077855175945446,-0.4016002090258692,False,False,False,True,False,False,False,True,False,False,False,False,False,False,False,False,False,False,False,False,False,False,False,False,False,True,False,False,False,False,False,False,False,False,False,False,False,1
1151.0,-1.2288255132935577,0.6405685010807668,-0.43501819009190845,-0.8860004722065814,True,False,False,False,False,False,False,False,True,True,False,False,False,False,False,False,False,False,False,False,False,False,False,False,False,False,False,False,False,False,False,False,False,False,False,False,True,1
1152.0,0.34699995064507105,-0.8303389040835536,1.2685862133477266,0.2697896990795671,False,False,True,False,False,False,True,False,False,False,False,False,False,False,False,True,False,False,False,False,False,False,False,False,False,False,False,False,False,False,False,False,False,False,False,False,False,1
1153.0,-0.9423117925774434,-0.6902524845440944,-1.1812852674546541,-0.28692988832065397,False,False,True,False,False,False,False,False,True,False,False,False,False,False,False,False,False,False,False,False,False,False,True,False,False,False,False,False,False,False,False,False,False,False,False,False,False,2
1154.0,0.34699995064507105,0.4304388717715777,-0.1960185125733884,-1.1660839469102633,False,True,False,False,False,False,False,False,False,True,False,False,False,False,False,False,False,False,False,False,False,True,False,False,False,False,False,False,False,False,False,False,False,False,False,False,False,1
1155.0,1.206541112793414,1.4110438085477912,-1.6924096964595163,-1.2073116497892533,False,True,False,False,False,False,True,False,False,True,False,False,False,False,False,False,False,False,False,False,False,False,False,False,False,False,False,False,False,False,True,False,False,False,False,False,False,2
1156.0,-1.3720823736516148,1.0608277596991436,-1.0998792637583896,0.7234765666193081,False,False,False,False,False,False,False,False,False,False,False,False,False,False,False,False,False,False,False,False,False,False,False,False,False,False,False,False,False,False,False,False,False,True,False,False,False,0
1157.0,1.206541112793414,0.2903524522321188,-0.9476854307610255,1.6556354685111168,False,False,False,True,False,False,False,False,False,True,False,False,False,False,True,False,False,False,False,False,False,False,False,False,False,False,False,False,False,False,False,False,False,False,False,False,False,1
1158.0,1.206541112793414,0.8506981303899552,-1.289860638326581,-0.9313508352106453,False,False,False,False,False,False,False,False,False,True,False,False,False,False,False,False,False,False,False,False,False,False,False,False,False,False,False,False,False,False,False,False,False,True,False,False,False,2
1159.0,0.2037430902870139,-0.48012285523490594,-0.6489131454560482,0.9526236886669599,False,False,False,False,False,True,False,False,False,True,False,False,False,False,False,False,False,False,False,False,False,False,False,False,False,False,False,False,False,False,False,True,False,False,False,False,False,0
1160.0,1.0632842524353567,0.5004820815413076,-1.0452455801183103,-1.4388819867799323,False,False,False,False,False,True,False,False,False,False,False,False,False,False,False,False,True,False,False,False,False,False,False,False,False,False,False,False,False,False,False,False,False,False,False,False,False,2
1161.0,0.2037430902870139,-0.12990680638625834,0.39306328228999254,-0.41337367735490815,False,False,False,False,False,False,True,False,False,False,False,False,False,False,False,False,False,False,False,False,False,False,False,False,False,False,False,False,False,False,False,False,False,True,False,False,False,2
1162.0,-1.2288255132935577,-1.1105117431624716,1.5535299146914796,0.023078950615037695,False,False,False,True,False,False,False,False,True,True,False,False,False,False,False,False,False,False,False,False,False,False,False,False,False,True,False,False,False,False,False,False,False,False,False,False,False,0
1163.0,-0.0827706304291004,0.710611710850496,-1.394862585123212,-0.8069762712413945,False,False,False,False,False,False,True,False,False,True,False,False,False,False,False,False,False,False,False,False,False,False,False,False,False,False,False,False,False,False,False,False,False,True,False,False,False,1
1164.0,0.6335136713611853,0.22030924246238925,-0.12356308537048409,0.1029315760250597,False,False,False,True,False,False,True,False,False,True,False,False,False,False,True,False,False,False,False,False,False,False,False,False,False,False,False,False,False,False,False,False,False,False,False,False,False,1
1165.0,-0.7990549322193862,-0.48012285523490594,-0.8730405722992891,1.3344939416791155,False,False,False,True,False,False,True,False,False,False,False,False,False,False,True,False,False,False,False,False,False,False,False,False,False,False,False,False,False,False,False,False,False,False,False,False,False,2
1166.0,-0.5125412115032719,1.4810870183175204,-1.6510600750168067,1.5501648453309285,False,False,False,False,True,False,False,True,False,True,False,False,False,False,False,False,False,False,False,False,False,False,False,False,False,False,True,False,False,False,False,False,False,False,False,False,False,0
1167.0,-1.3720823736516148,-1.6708574213203076,-1.0446443373373873,-1.3937053138301265,True,False,False,False,False,False,False,True,False,True,False,False,False,False,False,False,False,False,False,False,False,False,False,False,False,False,False,False,False,False,False,False,False,False,False,False,False,1
1168.0,0.06048622992895674,-0.6202092747743648,-0.9389163615222835,-0.7961656260038265,False,False,False,True,False,False,True,False,False,False,False,False,False,False,False,False,False,False,False,False,False,False,False,False,True,False,False,False,False,False,False,False,False,False,False,False,False,2
1169.0,0.34699995064507105,-1.5307710017808487,-1.4597741170560472,1.6712011084898963,False,True,False,False,False,False,False,False,True,True,False,False,False,False,False,False,False,False,False,False,True,False,False,False,False,False,False,False,False,False,False,False,False,False,False,False,False,0
1170.0,0.7767705317192425,0.9207413401596845,0.5139698022725436,-0.8011453529082646,False,False,False,True,False,False,True,False,False,False,False,False,False,False,False,False,False,False,False,False,False,False,False,False,False,True,False,False,False,False,False,False,False,False,False,False,False,2
1171.0,0.9200273920772997,0.710611710850496,-1.1474681970785998,0.6720051898426551,False,False,False,True,False,False,False,False,False,False,False,False,False,False,True,False,False,False,False,False,False,False,False,False,False,False,False,False,False,False,False,False,False,False,False,False,False,0
1172.0,-1.6585960943677291,-0.5501660650046353,-0.002917482066446647,-0.8603266586050256,False,False,False,True,False,False,False,True,False,False,False,False,False,False,False,False,False,False,False,True,False,False,False,False,False,False,False,False,False,False,False,False,False,False,False,False,False,1
1173.0,-0.9423117925774434,0.6405685010807668,1.1135790179037806,-0.5013195983164247,False,False,False,False,True,False,False,True,False,True,False,False,False,False,False,False,False,False,False,False,False,False,False,False,False,False,True,False,False,False,False,False,False,False,False,False,False,1
1174.0,1.4930548335095282,-0.3400364356954468,0.33264405490895793,-1.0772225728720735,False,False,False,False,True,False,True,False,False,True,False,False,False,False,False,False,False,False,False,False,False,False,False,False,False,False,False,True,False,False,False,False,False,False,False,False,False,2
1175.0,-1.5153392340096719,0.9207413401596845,-0.5759245406927029,1.2426970955611327,False,False,False,False,False,True,True,False,False,False,False,False,False,False,False,False,True,False,False,False,False,False,False,False,False,False,False,False,False,False,False,False,False,False,False,False,False,1
1177.0,0.2037430902870139,-0.26999322592571723,-0.9260747232580456,-0.7087209458965652,False,True,False,False,False,False,False,False,True,False,False,False,False,False,False,False,False,False,False,False,False,False,False,True,False,False,False,False,False,False,False,False,False,False,False,False,False,0
1178.0,-0.9423117925774434,1.5511302280872503,-1.6764030254428735,1.1285871364263156,False,True,False,False,False,False,False,False,False,True,False,False,False,False,False,False,False,False,False,False,False,False,False,False,False,False,False,False,False,False,True,False,False,False,False,False,False,1
1179.0,0.2037430902870139,-0.8303389040835536,-0.8834885836432496,-0.4947748248765752,False,False,False,False,True,False,True,False,False,False,False,False,False,False,False,False,False,False,False,False,False,False,False,False,False,False,False,True,False,False,False,False,False,False,False,False,False,0
1181.0,1.206541112793414,0.2903524522321188,-1.5206357683702136,0.9000444410791064,True,False,False,False,False,False,True,False,False,True,False,False,False,False,False,False,False,False,False,False,False,False,False,False,False,False,False,False,False,False,False,False,False,False,False,False,True,2
1182.0,-0.655798071861329,1.6211734378569798,-0.7442384867408461,0.33619915494128333,False,False,False,False,True,False,False,True,False,True,False,False,False,False,False,False,False,False,False,False,False,False,False,False,False,False,False,True,False,False,False,False,False,False,False,False,False,0
1183.0,-1.3720823736516148,-0.4100796454651764,1.0829837012971995,-0.7873169806814869,False,False,False,True,False,False,False,False,False,True,False,False,False,False,False,False,False,False,False,True,False,False,False,False,False,False,False,False,False,False,False,False,False,False,False,False,False,1
1184.0,0.9200273920772997,-1.5307710017808487,1.3889482115664231,-0.8619100656112889,False,False,True,False,False,False,False,False,True,True,False,False,False,False,False,False,False,False,False,False,False,False,True,False,False,False,False,False,False,False,False,False,False,False,False,False,False,0
1185.0,0.2037430902870139,-0.5501660650046353,-1.3393100210066278,1.6589546744317138,True,False,False,False,False,False,False,True,False,False,False,False,False,False,False,False,False,False,False,False,False,False,False,False,False,False,False,False,False,False,False,False,False,False,False,False,False,0
1186.0,1.0632842524353567,0.010179613153200814,1.4700138891602785,1.2643286678999457,True,False,False,False,False,False,False,True,False,False,True,False,False,False,False,False,False,False,False,False,False,False,False,False,False,False,False,False,False,False,False,False,False,False,False,False,False,2
1187.0,0.6335136713611853,-1.180554952932201,0.07727469186455858,1.0804757258155506,False,True,False,False,False,False,False,True,False,True,False,False,False,False,False,False,False,False,False,False,False,False,False,True,False,False,False,False,False,False,False,False,False,False,False,False,False,1
1189.0,1.6363116938675855,1.7612598573964389,-0.9916555631922854,0.889965644209693,False,False,False,False,True,False,False,False,False,False,False,False,False,False,False,False,False,False,False,False,False,False,False,False,False,False,False,False,False,True,False,False,False,False,False,False,False,1
1190.0,0.2037430902870139,-0.12990680638625834,-1.5658651073803873,-0.9960759014764131,False,False,False,True,False,False,True,False,False,True,False,False,False,False,True,False,False,False,False,False,False,False,False,False,False,False,False,False,False,False,False,False,False,False,False,False,False,0
1191.0,-0.9423117925774434,-0.48012285523490594,1.3533841338646688,1.6651138779836745,False,False,False,True,False,False,False,False,True,True,False,False,False,False,False,False,False,False,False,False,False,False,False,False,True,False,False,False,False,False,False,False,False,False,False,False,False,1
1192.0,1.4930548335095282,-0.3400364356954468,1.0916279842983914,-1.5627846866482904,False,False,False,False,False,True,False,False,True,True,False,False,False,False,False,False,False,False,False,False,False,False,False,False,False,False,False,False,False,False,False,False,False,False,True,False,False,1
1193.0,1.349797973151471,-1.32064137247166,-1.3232239405660895,-0.5160656268763777,False,False,False,True,False,False,False,True,False,True,False,False,False,False,False,False,False,False,False,True,False,False,False,False,False,False,False,False,False,False,False,False,False,False,False,False,False,0
1194.0,0.4902568110031282,1.341000598778062,0.6582340370837749,-0.24916386861607134,False,False,False,True,False,False,False,True,False,False,False,False,False,False,False,False,False,False,False,False,False,False,False,False,False,True,False,False,False,False,False,False,False,False,False,False,False,2
1195.0,0.9200273920772997,-0.26999322592571723,-0.3990003442536086,1.1307261312805559,False,True,False,False,False,False,False,False,False,False,False,False,False,False,False,False,False,False,False,False,False,False,False,False,False,False,False,False,False,False,True,False,False,False,False,False,False,2
1196.0,0.2037430902870139,-0.4100796454651764,-1.098926350671644,0.9284631450730135,False,False,False,True,False,False,False,True,False,True,False,False,False,False,False,False,False,False,False,True,False,False,False,False,False,False,False,False,False,False,False,False,False,False,False,False,False,0
1198.0,-1.3720823736516148,-0.19995001615598762,0.797211873104251,0.22845403663196825,False,False,True,False,False,False,False,False,True,True,False,False,False,False,False,True,False,False,False,False,False,False,False,False,False,False,False,False,False,False,False,False,False,False,False,False,False,2
1199.0,-0.36928435114521474,0.5004820815413076,0.6436113588835959,1.1704677376487973,False,False,False,False,True,False,True,False,False,True,False,False,False,False,False,False,False,False,False,False,False,False,False,False,False,False,False,False,True,False,False,False,False,False,False,False,False,2
1200.0,0.9200273920772997,-1.5307710017808487,-0.5279158718461879,-1.6810081256727554,False,True,False,False,False,False,True,False,False,True,False,False,False,False,False,False,False,False,False,False,False,False,False,False,False,False,False,False,False,False,True,False,False,False,False,False,False,1
1201.0,-0.5125412115032719,1.130870969468873,-0.9301019154698871,1.0538927016974116,False,False,True,False,False,False,False,False,True,False,False,False,False,True,False,False,False,False,False,False,False,False,False,False,False,False,False,False,False,False,False,False,False,False,False,False,False,2
1202.0,1.0632842524353567,1.5511302280872503,0.36749344779565307,1.5587395524281582,False,True,False,False,False,False,False,False,True,False,False,False,False,False,False,False,False,False,False,False,False,True,False,False,False,False,False,False,False,False,False,False,False,False,False,False,False,1
1203.0,0.06048622992895674,0.5004820815413076,0.06844890160874842,-1.6326404028888988,False,False,False,False,False,False,False,False,False,False,False,True,False,False,False,False,False,False,False,False,False,False,False,False,False,False,False,False,False,False,False,False,False,False,False,False,False,2
1204.0,-0.7990549322193862,1.6211734378569798,0.037706110357790125,-1.5854885104848513,True,False,False,False,False,False,False,False,False,False,False,False,False,False,False,False,False,False,False,False,False,False,False,False,False,False,False,False,False,False,False,False,False,False,False,True,False,1
1205.0,0.2037430902870139,-1.180554952932201,0.2195196584681623,-0.5426637065806156,False,False,False,False,False,False,False,False,True,False,False,True,False,False,False,False,False,False,False,False,False,False,False,False,False,False,False,False,False,False,False,False,False,False,False,False,False,0
1206.0,-0.5125412115032719,-0.05986359661652877,1.5859856806578971,-1.438313913811776,False,False,False,True,False,False,False,True,False,True,False,False,False,False,True,False,False,False,False,False,False,False,False,False,False,False,False,False,False,False,False,False,False,False,False,False,False,0
1207.0,1.4930548335095282,0.3603956620018484,0.3506019289127465,-0.07254752251322394,False,False,True,False,False,False,True,False,False,True,False,False,False,False,False,True,False,False,False,False,False,False,False,False,False,False,False,False,False,False,False,False,False,False,False,False,False,2
1208.0,0.9200273920772997,0.2903524522321188,-0.994015157502322,0.7976025611706392,False,False,False,True,False,False,False,False,True,False,False,False,False,False,False,False,False,False,False,False,False,False,False,False,False,True,False,False,False,False,False,False,False,False,False,False,False,1
1209.0,0.34699995064507105,-0.3400364356954468,-0.6072458863177568,0.2331249404166782,True,False,False,False,False,False,False,True,False,False,True,False,False,False,False,False,False,False,False,False,False,False,False,False,False,False,False,False,False,False,False,False,False,False,False,False,False,0
1210.0,1.0632842524353567,-0.5501660650046353,-1.1710981727892074,-1.0592465702798635,False,True,False,False,False,False,False,False,True,False,False,False,False,False,False,False,False,False,False,False,False,False,False,False,False,False,False,False,False,False,True,False,False,False,False,False,False,0
1211.0,0.2037430902870139,-1.32064137247166,-1.1543654727540917,0.5398050259869301,True,False,False,False,False,False,True,False,False,True,False,False,False,False,False,False,False,False,False,False,False,False,False,False,False,False,False,False,False,False,False,False,False,False,False,False,True,0
1212.0,1.6363116938675855,-0.3400364356954468,-1.034661438333386,0.644610632912864,False,False,False,False,False,True,True,False,False,False,False,False,False,False,False,False,False,False,False,False,False,False,False,False,False,False,False,False,False,False,False,False,False,False,True,False,False,0
1213.0,-0.9423117925774434,-1.180554952932201,0.38453244132293696,1.5083308797044102,True,False,False,False,False,False,False,False,False,True,False,False,False,False,False,False,False,False,False,False,False,False,False,False,False,False,False,False,False,False,False,False,False,False,False,False,False,2
1214.0,1.206541112793414,0.8506981303899552,-0.04895225951898863,-1.2323975611141331,False,False,False,False,False,True,False,False,False,True,False,False,False,False,False,False,False,False,False,False,False,False,False,False,False,False,False,False,False,False,False,False,False,False,True,False,False,1
1215.0,-1.2288255132935577,-1.040468533392742,1.0881793464606455,0.6707104094381829,True,False,False,False,False,False,False,False,False,False,True,False,False,False,False,False,False,False,False,False,False,False,False,False,False,False,False,False,False,False,False,False,False,False,False,False,False,0
1216.0,-0.655798071861329,-1.5307710017808487,1.3312742814114888,1.435007237729305,False,False,False,False,True,False,False,False,False,True,False,False,False,False,False,False,False,False,False,False,False,False,False,False,False,False,True,False,False,False,False,False,False,False,False,False,False,2
1217.0,0.6335136713611853,0.22030924246238925,-0.012752906426070574,0.005203930612512564,False,False,False,False,False,True,True,False,False,True,False,False,False,False,False,False,False,False,False,False,False,False,False,False,False,False,False,False,False,False,False,False,False,False,True,False,False,0
1218.0,-0.5125412115032719,0.3603956620018484,1.2722957678639861,-0.482362779371309,False,False,True,False,False,False,False,True,False,False,False,False,False,False,False,True,False,False,False,False,False,False,False,False,False,False,False,False,False,False,False,False,False,False,False,False,False,0
1219.0,-1.6585960943677291,1.341000598778062,-1.3509037968953657,-1.1488394254767909,False,False,False,True,False,False,False,True,False,True,False,False,False,False,True,False,False,False,False,False,False,False,False,False,False,False,False,False,False,False,False,False,False,False,False,False,False,0
1220.0,1.6363116938675855,0.2903524522321188,1.3286310820161114,1.279279599314605,False,False,False,True,False,False,False,True,False,False,False,False,False,False,False,False,False,False,False,False,False,False,False,False,False,True,False,False,False,False,False,False,False,False,False,False,False,0
1221.0,1.0632842524353567,-0.5501660650046353,-0.1795240408099591,-0.3691726798261697,False,False,False,False,False,False,False,False,True,True,False,True,False,False,False,False,False,False,False,False,False,False,False,False,False,False,False,False,False,False,False,False,False,False,False,False,False,2
1223.0,-0.22602749078715756,0.15026603269265998,1.6620939413599929,1.2128987857874174,False,True,False,False,False,False,False,False,False,False,False,False,False,False,False,False,False,False,False,False,False,True,False,False,False,False,False,False,False,False,False,False,False,False,False,False,False,2
1225.0,-1.3720823736516148,0.22030924246238925,-0.518738411284555,0.25759687759627203,True,False,False,False,False,False,True,False,False,False,False,False,False,False,False,False,False,False,False,False,False,False,False,False,False,False,False,False,False,False,False,False,False,False,False,False,True,2
1226.0,-0.5125412115032719,1.4110438085477912,-0.16754456200515763,-1.6497009524044357,False,False,False,False,False,False,False,False,True,True,False,False,False,False,False,False,False,False,False,False,False,False,False,False,False,False,False,False,False,False,False,False,True,False,False,False,False,0
1227.0,0.2037430902870139,-0.3400364356954468,-0.2593078234180734,-0.8262521951699154,False,True,False,False,False,False,False,False,True,True,False,False,False,False,False,False,False,False,False,False,True,False,False,False,False,False,False,False,False,False,False,False,False,False,False,False,False,1
1228.0,-0.5125412115032719,-0.6902524845440944,-0.7095706011087692,0.7332821596824459,False,True,False,False,False,False,False,True,False,False,False,False,False,False,False,False,False,False,False,False,False,True,False,False,False,False,False,False,False,False,False,False,False,False,False,False,False,0
1229.0,-1.2288255132935577,-1.2505981627019307,-0.5398045970236803,0.6203880309274383,False,False,False,False,False,True,True,False,False,True,False,False,False,False,False,False,False,False,False,False,False,False,False,False,False,False,False,False,False,False,False,True,False,False,False,False,False,2
1230.0,-1.2288255132935577,-1.180554952932201,-1.0716095088516042,-0.5117714799535477,False,False,False,True,False,False,False,False,False,False,False,False,False,False,True,False,False,False,False,False,False,False,False,False,False,False,False,False,False,False,False,False,False,False,False,False,False,0
1231.0,-0.655798071861329,-0.19995001615598762,0.5947972515947126,1.0763233217276968,False,False,True,False,False,False,False,True,False,True,False,False,False,True,False,False,False,False,False,False,False,False,False,False,False,False,False,False,False,False,False,False,False,False,False,False,False,1
1232.0,-1.5153392340096719,0.3603956620018484,-1.3913912588786388,-0.9217857643156667,False,False,True,False,False,False,False,False,False,True,False,False,False,True,False,False,False,False,False,False,False,False,False,False,False,False,False,False,False,False,False,False,False,False,False,False,False,1
1233.0,-0.5125412115032719,-1.4607277920111192,1.0738969943628756,-0.13535979492564645,False,False,False,False,False,False,False,True,False,False,False,False,True,False,False,False,False,False,False,False,False,False,False,False,False,False,False,False,False,False,False,False,False,False,False,False,False,0
1234.0,0.2037430902870139,1.5511302280872503,1.307372044818954,-0.09607903637578609,False,False,False,False,True,False,False,False,False,True,False,False,False,False,False,False,False,False,False,False,False,False,False,False,False,False,False,True,False,False,False,False,False,False,False,False,False,2
1235.0,1.349797973151471,0.9207413401596845,-0.9941512879432858,-0.5555615701446217,False,False,True,False,False,False,False,False,True,True,False,False,False,False,False,False,False,False,False,False,False,False,True,False,False,False,False,False,False,False,False,False,False,False,False,False,False,0
1236.0,-0.5125412115032719,0.2903524522321188,-0.15515669187746522,1.585845482756158,True,False,False,False,False,False,False,True,False,True,True,False,False,False,False,False,False,False,False,False,False,False,False,False,False,False,False,False,False,False,False,False,False,False,False,False,False,2
1237.0,1.6363116938675855,1.130870969468873,-1.2927193775868175,0.6858776271994772,False,False,True,False,False,False,False,False,False,True,False,False,False,False,False,False,False,True,False,False,False,False,False,False,False,False,False,False,False,False,False,False,False,False,False,False,False,1
1238.0,1.4930548335095282,-1.4607277920111192,0.861034361509377,0.13649414953282055,False,False,False,False,False,False,False,False,False,True,False,False,False,False,False,False,False,False,False,False,False,False,False,False,False,False,False,False,False,False,False,False,True,False,False,False,False,0
1239.0,0.4902568110031282,-0.05986359661652877,-0.6175577672207534,0.036429216180833154,False,False,True,False,False,False,True,False,False,True,False,False,False,True,False,False,False,False,False,False,False,False,False,False,False,False,False,False,False,False,False,False,False,False,False,False,False,1
1240.0,0.6335136713611853,0.5004820815413076,-0.21863885418018206,-1.1887943805163308,True,False,False,False,False,False,False,True,False,True,False,False,False,False,False,False,False,False,False,False,False,False,False,False,False,False,False,False,False,False,False,False,False,False,False,False,True,2
1241.0,0.4902568110031282,1.130870969468873,0.10935609911832614,-0.44612692130751924,False,False,False,False,False,True,False,False,False,True,False,False,False,False,False,False,False,False,False,False,False,False,False,False,False,False,False,False,False,False,False,False,False,False,True,False,False,2
1242.0,-0.0827706304291004,0.9907845499294143,-0.10492455916187728,0.6024652737006991,False,False,False,False,True,False,True,False,False,False,False,False,False,False,False,False,False,False,False,False,False,False,False,False,False,False,False,False,False,True,False,False,False,False,False,False,False,0
1243.0,-1.3720823736516148,-0.7602956943138239,1.3960837155136012,1.4808562711217053,False,False,False,False,False,False,False,False,False,True,False,False,True,False,False,False,False,False,False,False,False,False,False,False,False,False,False,False,False,False,False,False,False,False,False,False,False,0
1244.0,-0.22602749078715756,1.5511302280872503,0.6238497565370389,1.103729262149416,False,False,False,False,False,True,False,True,False,True,False,False,False,False,False,False,False,False,False,False,False,False,False,False,False,False,False,False,False,False,False,True,False,False,False,False,False,0
1245.0,0.2037430902870139,-1.32064137247166,-1.5846624524367852,-0.6965905500141665,False,False,False,False,False,True,False,False,True,False,False,False,False,False,False,False,True,False,False,False,False,False,False,False,False,False,False,False,False,False,False,False,False,False,False,False,False,1
1246.0,0.7767705317192425,1.341000598778062,1.2974004900183664,-0.23064402887722965,False,False,False,False,False,True,False,True,False,False,False,False,False,False,False,False,True,False,False,False,False,False,False,False,False,False,False,False,False,False,False,False,False,False,False,False,False,2
1247.0,1.206541112793414,1.6912166476267096,-0.9879686970828532,-1.4552404318900942,False,True,False,False,False,False,False,True,False,False,False,False,False,False,False,False,False,False,False,False,False,True,False,False,False,False,False,False,False,False,False,False,False,False,False,False,False,2
1248.0,1.206541112793414,-1.1105117431624716,-0.4818470617834051,-1.3880701181162776,False,False,False,False,True,False,False,False,False,True,False,False,False,False,False,False,False,False,False,False,False,False,False,False,False,False,True,False,False,False,False,False,False,False,False,False,False,1
1249.0,-1.0855686529355004,0.7806549206202252,-0.7630812086108985,-0.10410329655687779,False,False,False,True,False,False,False,False,False,False,False,False,False,False,False,False,False,False,False,False,False,False,False,False,False,True,False,False,False,False,False,False,False,False,False,False,False,0
1250.0,0.4902568110031282,-1.6008142115505781,0.47251808299911136,0.1051675141653977,False,False,False,False,True,False,False,True,False,False,False,False,False,False,False,False,False,False,False,False,False,False,False,False,False,False,False,False,True,False,False,False,False,False,False,False,False,0
1251.0,1.0632842524353567,-0.3400364356954468,0.2164794119533074,-0.8234415742919146,False,True,False,False,False,False,True,False,False,True,False,False,False,False,False,False,False,False,False,False,False,False,False,False,False,False,False,False,False,False,True,False,False,False,False,False,False,1
1253.0,-1.3720823736516148,0.2903524522321188,-1.3007170409934323,0.7092391231019513,False,False,False,False,True,False,True,False,False,False,False,False,False,False,False,False,False,False,False,False,False,False,False,False,False,False,False,True,False,False,False,False,False,False,False,False,False,2
1254.0,-0.0827706304291004,1.5511302280872503,-1.6711733476691866,-0.7010337839603137,False,False,False,False,False,True,False,False,False,False,False,False,False,False,False,False,False,False,False,False,False,False,False,False,False,False,False,False,False,False,False,True,False,False,False,False,False,2
1255.0,-1.6585960943677291,0.6405685010807668,-0.06467532545029055,0.9012595370400821,False,False,False,False,False,False,False,False,False,True,False,True,False,False,False,False,False,False,False,False,False,False,False,False,False,False,False,False,False,False,False,False,False,False,False,False,False,2
1256.0,1.206541112793414,-0.05986359661652877,0.07157990175091244,-1.0272464728415949,False,False,False,True,False,False,False,True,False,True,False,False,False,False,False,False,False,False,False,False,False,False,False,False,False,True,False,False,False,False,False,False,False,False,False,False,False,1
1257.0,-0.5125412115032719,1.0608277596991436,-0.28022653451282137,0.154117998294092,True,False,False,False,False,False,False,False,True,True,False,False,False,False,False,False,False,False,False,False,False,False,False,False,False,False,False,False,False,False,False,False,False,False,False,False,True,2
1258.0,-0.5125412115032719,1.6211734378569798,1.209698453427533,1.0612288114309758,True,False,False,False,False,False,False,False,False,True,True,False,False,False,False,False,False,False,False,False,False,False,False,False,False,False,False,False,False,False,False,False,False,False,False,False,False,1
1260.0,-1.3720823736516148,1.6912166476267096,-0.30161035794752855,1.4229212741863682,False,False,False,True,False,False,False,True,False,False,False,False,False,False,False,False,False,False,False,False,False,False,False,False,True,False,False,False,False,False,False,False,False,False,False,False,False,1
1262.0,-1.5153392340096719,1.130870969468873,0.7922431120090776,0.3078296570092593,False,True,False,False,False,False,True,False,False,True,False,False,False,False,False,False,False,False,False,False,False,True,False,False,False,False,False,False,False,False,False,False,False,False,False,False,False,0
1263.0,1.6363116938675855,-0.7602956943138239,0.8299058673423549,0.21518088504375021,False,False,False,False,False,True,False,True,False,True,False,False,False,False,False,False,True,False,False,False,False,False,False,False,False,False,False,False,False,False,False,False,False,False,False,False,False,1
1264.0,-1.6585960943677291,-1.2505981627019307,-0.7222534205252162,0.5591386017939258,False,False,True,False,False,False,False,True,False,True,False,False,False,False,False,True,False,False,False,False,False,False,False,False,False,False,False,False,False,False,False,False,False,False,False,False,False,1
1266.0,0.06048622992895674,0.5004820815413076,0.10579401924644388,0.7876335599169195,False,True,False,False,False,False,True,False,False,False,False,False,False,False,False,False,False,False,False,False,False,False,False,True,False,False,False,False,False,False,False,False,False,False,False,False,False,0
1268.0,0.34699995064507105,-1.5307710017808487,-1.0939235569662298,-0.7369630221608775,False,False,False,False,False,True,False,False,True,False,False,False,False,False,False,False,False,False,False,False,False,False,False,False,False,False,False,False,False,False,False,True,False,False,False,False,False,2
1269.0,-0.655798071861329,0.3603956620018484,-0.8422410600312626,-0.3927166788089112,False,False,False,True,False,False,False,False,False,True,False,False,False,False,False,False,False,False,False,False,False,False,False,False,False,True,False,False,False,False,False,False,False,False,False,False,False,0
1270.0,-0.0827706304291004,1.4110438085477912,1.5227077140166259,0.4420076107851456,True,False,False,False,False,False,True,False,False,False,False,False,False,False,False,False,False,False,False,False,False,False,False,False,False,False,False,False,False,False,False,False,False,False,False,True,False,0
1271.0,1.349797973151471,-0.4100796454651764,1.2321599761865358,0.1862473534471574,False,False,False,False,False,False,False,False,False,False,False,False,True,False,False,False,False,False,False,False,False,False,False,False,False,False,False,False,False,False,False,False,False,False,False,False,False,1
1272.0,-0.0827706304291004,-0.9704253236230124,0.26069911685966735,1.6083036434927211,False,True,False,False,False,False,False,False,False,True,False,False,False,False,False,False,False,False,False,False,False,True,False,False,False,False,False,False,False,False,False,False,False,False,False,False,False,2
1273.0,0.2037430902870139,-0.19995001615598762,0.5050872909996653,-1.0927268888782078,False,False,False,False,False,True,True,False,False,True,False,False,False,False,False,False,False,False,False,False,False,False,False,False,False,False,False,False,False,False,False,True,False,False,False,False,False,0
1275.0,0.34699995064507105,1.130870969468873,-0.912064632042203,0.2535535347052781,False,False,False,True,False,False,False,False,True,True,False,False,False,False,False,False,False,False,False,False,False,False,False,False,False,True,False,False,False,False,False,False,False,False,False,False,False,2
1276.0,-0.5125412115032719,1.130870969468873,-0.1356446620060083,1.2833853678064953,True,False,False,False,False,False,False,False,False,True,False,False,False,False,False,False,False,False,False,False,False,False,False,False,False,False,False,False,False,False,False,False,False,False,False,True,False,1
1277.0,0.9200273920772997,0.2903524522321188,0.7779267273010668,1.4975253753986808,False,False,False,True,False,False,False,True,False,False,False,False,False,False,True,False,False,False,False,False,False,False,False,False,False,False,False,False,False,False,False,False,False,False,False,False,False,1
1278.0,1.0632842524353567,-0.48012285523490594,-0.40222209802308173,-0.572238018609938,False,True,False,False,False,False,True,False,False,True,False,False,False,False,False,False,False,False,False,False,False,False,False,False,False,False,False,False,False,False,True,False,False,False,False,False,False,0
1279.0,1.349797973151471,1.0608277596991436,-0.7164451883774337,-1.5103901453972064,False,False,False,False,False,False,False,False,False,True,False,False,True,False,False,False,False,False,False,False,False,False,False,False,False,False,False,False,False,False,False,False,False,False,False,False,False,0
1280.0,-0.655798071861329,0.22030924246238925,1.5419474830061555,-0.27368133976337766,False,False,False,False,False,False,False,False,False,False,False,True,False,False,False,False,False,False,False,False,False,False,False,False,False,False,False,False,False,False,False,False,False,False,False,False,False,1
1281.0,1.206541112793414,1.130870969468873,-0.43263590737504454,-0.36883190948715944,False,False,False,False,False,False,False,False,False,True,False,False,False,False,False,False,False,False,False,False,False,False,False,False,False,False,False,False,False,False,False,False,True,False,False,False,False,0
1283.0,-0.9423117925774434,0.9907845499294143,1.2913313411920704,-0.24074449110224808,False,True,False,False,False,False,False,True,False,True,False,False,False,False,False,False,False,False,False,False,False,False,False,False,False,False,False,False,False,False,True,False,False,False,False,False,False,2
1285.0,0.9200273920772997,-0.26999322592571723,-0.5133158820528362,-0.46988206570505703,False,False,True,False,False,False,False,False,False,True,False,False,False,True,False,False,False,False,False,False,False,False,False,False,False,False,False,False,False,False,False,False,False,False,False,False,False,1
1286.0,-1.2288255132935577,1.6211734378569798,-1.0879451617672427,-0.359823895277826,False,False,False,True,False,False,False,False,False,False,False,False,False,False,False,False,False,False,False,False,False,False,False,False,False,True,False,False,False,False,False,False,False,False,False,False,False,1
1287.0,1.4930548335095282,0.15026603269265998,0.7407063959009214,1.1214379362860232,True,False,False,False,False,False,False,False,True,False,True,False,False,False,False,False,False,False,False,False,False,False,False,False,False,False,False,False,False,False,False,False,False,False,False,False,False,1
1288.0,-0.7990549322193862,0.3603956620018484,0.305554097157191,-1.4618777421030373,False,False,False,False,False,True,False,False,True,True,False,False,False,False,False,False,False,False,False,False,False,False,False,False,False,False,False,False,False,False,False,True,False,False,False,False,False,1
1291.0,-0.0827706304291004,0.2903524522321188,0.6388694818566952,-1.2104006154053681,False,False,False,False,False,True,True,False,False,False,False,False,False,False,False,False,False,False,False,False,False,False,False,False,False,False,False,False,False,False,False,True,False,False,False,False,False,2
1292.0,0.06048622992895674,-1.1105117431624716,-0.9128587262811576,0.8460598830522529,False,False,True,False,False,False,False,True,False,False,False,False,False,True,False,False,False,False,False,False,False,False,False,False,False,False,False,False,False,False,False,False,False,False,False,False,False,1
1293.0,-1.3720823736516148,-1.5307710017808487,-0.5207463352887689,-0.50122228782091,False,False,False,False,True,False,False,False,True,False,False,False,False,False,False,False,False,False,False,False,False,False,False,False,False,False,False,False,True,False,False,False,False,False,False,False,False,1
1295.0,-0.0827706304291004,0.9207413401596845,-1.6324328930116137,-1.397225016092426,False,True,False,False,False,False,False,False,True,True,False,False,False,False,False,False,False,False,False,False,True,False,False,False,False,False,False,False,False,False,False,False,False,False,False,False,False,2
1296.0,-1.5153392340096719,0.0802228229229304,0.6352960577813994,-0.6755832336843163,False,False,False,False,False,False,False,False,False,False,False,False,True,False,False,False,False,False,False,False,False,False,False,False,False,False,False,False,False,False,False,False,False,False,False,False,False,1
1297.0,1.6363116938675855,-0.9704253236230124,1.4652606679299642,0.0027649256645531713,False,False,False,True,False,False,False,False,False,True,False,False,False,False,False,False,False,False,False,False,False,False,False,False,True,False,False,False,False,False,False,False,False,False,False,False,False,0
1298.0,-1.5153392340096719,0.5705252913110368,0.9107219724611103,-0.9362119534733805,False,False,False,False,False,True,False,True,False,False,False,False,False,False,False,False,False,False,False,False,False,False,False,False,False,False,False,False,False,False,False,True,False,False,False,False,False,1
1299.0,1.4930548335095282,-1.4607277920111192,0.34773184544909613,0.14581025244304802,False,False,False,False,True,False,True,False,False,True,False,False,False,False,False,False,False,False,False,False,False,False,False,False,False,False,False,False,False,True,False,False,False,False,False,False,False,2
1300.0,-0.5125412115032719,-0.19995001615598762,1.6520202887286826,-0.9778692913703038,False,False,False,False,True,False,True,False,False,True,False,False,False,False,False,False,False,False,False,False,False,False,False,False,False,False,False,False,True,False,False,False,False,False,False,False,False,1
1301.0,-1.6585960943677291,-1.180554952932201,-1.1858342930235228,0.5233716701556922,False,False,False,False,True,False,True,False,False,False,False,False,False,False,False,False,False,False,False,False,False,False,False,False,False,False,False,False,True,False,False,False,False,False,False,False,False,1
1302.0,-0.655798071861329,-1.1105117431624716,1.609978670877741,1.4103333353703411,False,False,False,False,False,True,False,False,False,True,False,False,False,False,False,False,False,False,False,False,False,False,False,False,False,False,False,False,False,False,False,False,False,False,True,False,False,0
1303.0,1.4930548335095282,-1.040468533392742,0.8695084814593643,-1.44627097466955,False,False,False,False,False,True,False,False,True,True,False,False,False,False,False,False,False,False,True,False,False,False,False,False,False,False,False,False,False,False,False,False,False,False,False,False,False,1
1304.0,-0.9423117925774434,-0.4100796454651764,0.19979208873184626,-0.9888345317724443,False,False,False,False,False,True,False,False,True,True,False,False,False,False,False,False,True,False,False,False,False,False,False,False,False,False,False,False,False,False,False,False,False,False,False,False,False,1
1305.0,-0.9423117925774434,-1.5307710017808487,1.383627780165427,1.2012637554086019,False,False,False,False,False,True,False,False,False,True,False,False,False,False,False,False,False,False,True,False,False,False,False,False,False,False,False,False,False,False,False,False,False,False,False,False,False,1
1306.0,1.349797973151471,-0.3400364356954468,0.7821354267675263,0.4586704725020317,False,False,False,False,True,False,True,False,False,True,False,False,False,False,False,False,False,False,False,False,False,False,False,False,False,False,True,False,False,False,False,False,False,False,False,False,False,2
1307.0,0.7767705317192425,0.0802228229229304,-0.8130751130548001,-1.469921831592649,False,False,False,False,True,False,True,False,False,False,False,False,False,False,False,False,False,False,False,False,False,False,False,False,False,False,False,True,False,False,False,False,False,False,False,False,False,2
1308.0,0.6335136713611853,-0.05986359661652877,-0.17168519625113543,-0.04786994806008948,False,False,True,False,False,False,False,True,False,True,False,False,False,False,False,True,False,False,False,False,False,False,False,False,False,False,False,False,False,False,False,False,False,False,False,False,False,0
1309.0,-0.0827706304291004,-0.4100796454651764,-0.685838527567439,-1.0127567564547337,False,False,False,True,False,False,False,True,False,False,False,False,False,False,False,False,False,False,False,False,False,False,False,False,False,True,False,False,False,False,False,False,False,False,False,False,False,1
1310.0,-0.9423117925774434,1.2009141792386029,0.16023485142849145,-1.049951398306407,False,False,False,False,False,False,True,False,False,True,False,False,False,False,False,False,False,False,False,False,False,False,False,False,False,False,False,False,False,False,False,False,False,True,False,False,False,2
1311.0,-0.655798071861329,-1.2505981627019307,-0.5732473086870844,1.5369342900350869,False,True,False,False,False,False,False,False,False,True,False,False,False,False,False,False,False,False,False,False,False,True,False,False,False,False,False,False,False,False,False,False,False,False,False,False,False,0
1313.0,-0.36928435114521474,-1.5307710017808487,-0.4537928467414789,0.6842960562402992,False,True,False,False,False,False,False,True,False,False,False,False,False,False,False,False,False,False,False,False,True,False,False,False,False,False,False,False,False,False,False,False,False,False,False,False,False,0
1314.0,-1.6585960943677291,-1.4607277920111192,-1.2903484390733673,-0.9109964172242868,False,False,False,True,False,False,True,False,False,True,False,False,False,False,False,False,False,False,False,True,False,False,False,False,False,False,False,False,False,False,False,False,False,False,False,False,False,0
1315.0,0.06048622992895674,0.2903524522321188,0.8665249559615776,-1.3308548516383327,False,False,False,True,False,False,False,False,False,True,False,False,False,False,False,False,False,False,False,False,False,False,False,False,True,False,False,False,False,False,False,False,False,False,False,False,False,0
1316.0,0.6335136713611853,0.22030924246238925,-1.4723434944383578,1.2933932932584207,False,True,False,False,False,False,False,False,True,False,False,False,False,False,False,False,False,False,False,False,False,False,False,True,False,False,False,False,False,False,False,False,False,False,False,False,False,0
1317.0,-1.3720823736516148,1.341000598778062,-1.1451086027685633,-1.7239863158427606,False,False,False,False,True,False,False,False,False,False,False,False,False,False,False,False,False,False,False,False,False,False,False,False,False,False,False,False,False,True,False,False,False,False,False,False,False,0
1318.0,-0.655798071861329,0.22030924246238925,1.5127928802331065,-0.39062689001655376,False,True,False,False,False,False,False,False,False,False,False,False,False,False,False,False,False,False,False,False,False,True,False,False,False,False,False,False,False,False,False,False,False,False,False,False,False,0
1319.0,0.2037430902870139,1.6211734378569798,0.7512678492790181,-0.776048792510291,False,False,True,False,False,False,False,True,False,False,False,False,False,False,False,False,False,True,False,False,False,False,False,False,False,False,False,False,False,False,False,False,False,False,False,False,False,0
1320.0,-1.3720823736516148,-1.6008142115505781,-0.7330757905818266,0.2452542346708258,True,False,False,False,False,False,False,False,False,True,False,False,False,False,False,False,False,False,False,False,False,False,False,False,False,False,False,False,False,False,False,False,False,False,False,False,True,1
1321.0,0.4902568110031282,-1.3906845822413896,-1.5103125432638032,-0.8706011780937196,False,False,False,False,True,False,False,False,False,True,False,False,False,False,False,False,False,False,False,False,False,False,False,False,False,False,True,False,False,False,False,False,False,False,False,False,False,1
1323.0,1.0632842524353567,-1.1105117431624716,-0.0026338769811057035,1.2208580499016934,False,False,False,False,False,False,False,True,False,True,False,True,False,False,False,False,False,False,False,False,False,False,False,False,False,False,False,False,False,False,False,False,False,False,False,False,False,1
1324.0,1.6363116938675855,0.15026603269265998,-0.6778748967710654,0.35972075414958565,False,False,False,False,False,True,False,False,True,True,False,False,False,False,False,False,True,False,False,False,False,False,False,False,False,False,False,False,False,False,False,False,False,False,False,False,False,0
1325.0,0.6335136713611853,0.5004820815413076,-1.105313137193522,-1.2362852072123034,True,False,False,False,False,False,True,False,False,False,False,False,False,False,False,False,False,False,False,False,False,False,False,False,False,False,False,False,False,False,False,False,False,False,False,False,False,1
1327.0,-0.9423117925774434,1.5511302280872503,0.6780296720405727,-1.020778078960489,False,False,False,False,True,False,False,True,False,False,False,False,False,False,False,False,False,False,False,False,False,False,False,False,False,False,False,False,False,True,False,False,False,False,False,False,False,0
1328.0,0.6335136713611853,1.2009141792386029,0.07030935096858501,-0.23396396921666063,False,True,False,False,False,False,False,False,True,True,False,False,False,False,False,False,False,False,False,False,False,False,False,False,False,False,False,False,False,False,True,False,False,False,False,False,False,2
1329.0,0.2037430902870139,-0.6902524845440944,-1.1615803861251652,0.5111854584419038,True,False,False,False,False,False,True,False,False,False,False,False,False,False,False,False,False,False,False,False,False,False,False,False,False,False,False,False,False,False,False,False,False,False,False,True,False,0
1330.0,0.6335136713611853,-1.4607277920111192,-1.1763618831731353,-0.7958736945172821,False,False,False,False,False,False,False,True,False,True,False,False,False,False,False,False,False,False,False,False,False,False,False,False,False,False,False,False,False,False,False,False,False,True,False,False,False,0
1331.0,-0.655798071861329,-1.180554952932201,-1.3218172593427984,-0.4045444941316715,False,False,False,True,False,False,True,False,False,True,False,False,False,False,False,False,False,False,False,False,False,False,False,False,True,False,False,False,False,False,False,False,False,False,False,False,False,2
1332.0,-0.22602749078715756,-1.32064137247166,1.0895519950736958,0.8165759045395218,False,False,False,False,False,True,True,False,False,True,False,False,False,False,False,False,False,False,False,False,False,False,False,False,False,False,False,False,False,False,False,False,False,False,True,False,False,2
1333.0,1.0632842524353567,-1.32064137247166,0.40879769242470815,1.5273952910087176,False,False,False,False,False,True,False,False,False,False,False,False,False,False,False,False,False,False,True,False,False,False,False,False,False,False,False,False,False,False,False,False,False,False,False,False,False,2
1335.0,-0.7990549322193862,-0.9003821138532828,-0.25313657676105444,-1.709713620221368,False,False,False,False,False,False,False,True,False,True,False,False,True,False,False,False,False,False,False,False,False,False,False,False,False,False,False,False,False,False,False,False,False,False,False,False,False,2
1336.0,1.206541112793414,-0.48012285523490594,-0.6555721928598536,-0.5637698022436487,False,True,False,False,False,False,True,False,False,False,False,False,False,False,False,False,False,False,False,False,False,False,False,True,False,False,False,False,False,False,False,False,False,False,False,False,False,2
1338.0,0.6335136713611853,0.6405685010807668,-1.5588430454673456,-0.5612937091445686,False,False,False,False,False,True,False,True,False,False,False,False,False,False,False,False,False,False,False,False,False,False,False,False,False,False,False,False,False,False,False,False,False,False,True,False,False,1
1339.0,-0.36928435114521474,1.5511302280872503,-1.3641424822790809,-0.22257790682259576,False,False,False,True,False,False,True,False,False,True,False,False,False,False,False,False,False,False,False,True,False,False,False,False,False,False,False,False,False,False,False,False,False,False,False,False,False,2
1340.0,-0.22602749078715756,-1.2505981627019307,-0.323924406062154,0.4625522432495293,True,False,False,False,False,False,False,True,False,False,True,False,False,False,False,False,False,False,False,False,False,False,False,False,False,False,False,False,False,False,False,False,False,False,False,False,False,2
1341.0,1.349797973151471,-0.4100796454651764,-0.9745938812581743,-1.3219434135056796,False,False,False,True,False,False,True,False,False,True,False,False,False,False,False,False,False,False,False,True,False,False,False,False,False,False,False,False,False,False,False,False,False,False,False,False,False,2
1343.0,-0.5125412115032719,-1.4607277920111192,-1.048943790431156,0.02642790049841462,False,False,True,False,False,False,True,False,False,False,False,False,False,False,False,False,False,True,False,False,False,False,False,False,False,False,False,False,False,False,False,False,False,False,False,False,False,1
1344.0,1.6363116938675855,-1.7409006310900372,-1.0806848715825146,-0.643623162072505,False,False,False,False,False,False,True,False,False,True,False,True,False,False,False,False,False,False,False,False,False,False,False,False,False,False,False,False,False,False,False,False,False,False,False,False,False,0
1345.0,-1.0855686529355004,0.6405685010807668,-0.05075598786175703,1.7128936984908552,False,True,False,False,False,False,False,False,True,False,False,False,False,False,False,False,False,False,False,False,False,True,False,False,False,False,False,False,False,False,False,False,False,False,False,False,False,2
1346.0,0.6335136713611853,0.5004820815413076,-1.0476165186317605,-0.23945301558252916,False,False,True,False,False,False,True,False,False,True,False,False,False,False,False,True,False,False,False,False,False,False,False,False,False,False,False,False,False,False,False,False,False,False,False,False,False,2
1347.0,-0.5125412115032719,-0.26999322592571723,-1.5800226732406073,1.2897880312019516,False,False,False,False,False,True,False,False,False,False,False,False,False,False,False,False,True,False,False,False,False,False,False,False,False,False,False,False,False,False,False,False,False,False,False,False,False,1
1348.0,0.6335136713611853,-0.05986359661652877,-0.719190485603534,1.3829677879844957,False,False,False,True,False,False,False,False,False,True,False,False,False,False,False,False,False,False,False,True,False,False,False,False,False,False,False,False,False,False,False,False,False,False,False,False,False,2
1349.0,1.6363116938675855,-0.26999322592571723,0.1970354473023323,1.1719042608882462,False,False,False,True,False,False,False,False,False,True,False,False,False,False,False,False,False,False,False,False,False,False,False,False,True,False,False,False,False,False,False,False,False,False,False,False,False,2
1350.0,1.206541112793414,-1.6708574213203076,-0.5570591304158233,-1.580893251840051,False,False,False,False,False,False,True,False,False,True,False,False,False,False,False,False,False,False,False,False,False,False,False,False,False,False,False,False,False,False,False,False,False,True,False,False,False,1
1351.0,0.9200273920772997,-0.5501660650046353,0.4280941824313059,1.5617073389366511,False,False,False,False,True,False,False,False,False,False,False,False,False,False,False,False,False,False,False,False,False,False,False,False,False,False,False,False,False,True,False,False,False,False,False,False,False,2
1352.0,-0.7990549322193862,-1.1105117431624716,-1.5736358867187292,-1.2953802186960603,False,False,False,False,True,False,False,False,True,False,False,False,False,False,False,False,False,False,False,False,False,False,False,False,False,False,False,False,False,True,False,False,False,False,False,False,False,2
1353.0,1.4930548335095282,-1.3906845822413896,0.13557255320724299,-1.6244806424329206,True,False,False,False,False,False,False,True,False,False,False,False,False,False,False,False,False,False,False,False,False,False,False,False,False,False,False,False,False,False,False,False,False,False,False,False,True,1
1354.0,-0.5125412115032719,1.6211734378569798,-1.683527185186638,-0.29897325557121507,False,False,False,False,False,False,True,False,False,False,False,False,False,False,False,False,False,False,False,False,False,False,False,False,False,False,False,False,False,False,False,False,False,True,False,False,False,0
1355.0,-0.7990549322193862,0.3603956620018484,-0.4119554245519829,-1.0655185071228546,True,False,False,False,False,False,False,False,False,False,False,False,False,False,False,False,False,False,False,False,False,False,False,False,False,False,False,False,False,False,False,False,False,False,False,False,True,2
1357.0,-0.22602749078715756,-0.6202092747743648,-0.9134486248586668,-0.7404415969684686,False,False,False,False,False,False,False,True,False,True,False,False,False,False,False,False,False,False,False,False,False,False,False,False,False,False,False,False,False,False,False,False,False,True,False,False,False,0
1359.0,0.9200273920772997,-0.9003821138532828,-1.2781080435900523,0.6444042612204894,False,False,False,False,False,False,False,False,False,True,False,False,False,False,False,False,False,False,False,False,False,False,False,False,False,False,False,False,False,False,False,False,False,True,False,False,False,0
1360.0,-0.22602749078715756,-1.3906845822413896,-0.14236043042688185,-1.092926650801076,False,False,False,False,True,False,False,False,True,True,False,False,False,False,False,False,False,False,False,False,False,False,False,False,False,False,False,True,False,False,False,False,False,False,False,False,False,2
1361.0,0.06048622992895674,-1.1105117431624716,-1.2697019888605467,0.15016535612910623,True,False,False,False,False,False,False,True,False,False,False,False,False,False,False,False,False,False,False,False,False,False,False,False,False,False,False,False,False,False,False,False,False,False,False,False,False,0
1362.0,0.2037430902870139,1.0608277596991436,-0.5337354481973842,1.6966413769022166,True,False,False,False,False,False,False,False,False,True,False,False,False,False,False,False,False,False,False,False,False,False,False,False,False,False,False,False,False,False,False,False,False,False,False,False,True,1
1363.0,0.06048622992895674,0.6405685010807668,1.5353451566194183,-0.23613564570901716,False,False,False,False,False,False,False,True,False,False,False,False,False,False,False,False,False,False,False,False,False,False,False,False,False,False,False,False,False,False,False,False,True,False,False,False,False,2
1364.0,-1.6585960943677291,0.15026603269265998,-0.7187367174669885,0.4946705821200835,False,False,True,False,False,False,False,False,True,True,False,False,False,False,False,False,False,False,False,False,False,False,True,False,False,False,False,False,False,False,False,False,False,False,False,False,False,1
1366.0,-0.0827706304291004,1.4810870183175204,-0.9533008114507763,-1.2643451476057652,False,False,False,False,True,False,True,False,False,False,False,False,False,False,False,False,False,False,False,False,False,False,False,False,False,False,False,False,False,True,False,False,False,False,False,False,False,0
1368.0,-0.0827706304291004,-0.7602956943138239,0.8423618026905292,1.2213901363469801,False,True,False,False,False,False,True,False,False,True,False,False,False,False,False,False,False,False,False,False,False,False,False,False,False,False,False,False,False,False,True,False,False,False,False,False,False,1
1369.0,-0.655798071861329,-0.5501660650046353,-0.8013225183182713,1.5078413895515,True,False,False,False,False,False,False,True,False,True,False,False,False,False,False,False,False,False,False,False,False,False,False,False,False,False,False,False,False,False,False,False,False,False,False,False,True,1
1370.0,-0.655798071861329,0.9907845499294143,0.16431876465740103,0.352908652254133,True,False,False,False,False,False,True,False,False,True,False,False,False,False,False,False,False,False,False,False,False,False,False,False,False,False,False,False,False,False,False,False,False,False,False,False,True,2
1371.0,1.206541112793414,1.7612598573964389,0.9211472953982434,-1.2441758031655934,False,False,True,False,False,False,False,True,False,True,False,False,False,True,False,False,False,False,False,False,False,False,False,False,False,False,False,False,False,False,False,False,False,False,False,False,False,1
1372.0,0.06048622992895674,-0.9003821138532828,-0.3796471332299426,1.400276938275367,False,True,False,False,False,False,False,False,False,False,False,False,False,False,False,False,False,False,False,False,False,False,False,True,False,False,False,False,False,False,False,False,False,False,False,False,False,1
1373.0,-0.0827706304291004,1.341000598778062,0.3341641781663854,-1.135942296331619,False,True,False,False,False,False,True,False,False,False,False,False,False,False,False,False,False,False,False,False,False,True,False,False,False,False,False,False,False,False,False,False,False,False,False,False,False,0
1374.0,0.4902568110031282,1.2009141792386029,1.2571058794931254,-0.5134863479311101,False,False,False,False,False,False,False,True,False,False,False,True,False,False,False,False,False,False,False,False,False,False,False,False,False,False,False,False,False,False,False,False,False,False,False,False,False,1
1375.0,-1.6585960943677291,-0.9704253236230124,-0.40766731566162784,-0.43454146420000334,True,False,False,False,False,False,True,False,False,False,True,False,False,False,False,False,False,False,False,False,False,False,False,False,False,False,False,False,False,False,False,False,False,False,False,False,False,1
1376.0,0.06048622992895674,-0.3400364356954468,0.46256921660535105,-0.18412520550815412,False,True,False,False,False,False,True,False,False,True,False,False,False,False,False,False,False,False,False,False,False,False,False,False,False,False,False,False,False,False,True,False,False,False,False,False,False,0
1377.0,-0.7990549322193862,-0.3400364356954468,0.24457900380888808,1.0119878646534053,False,False,False,True,False,False,True,False,False,False,False,False,False,False,False,False,False,False,False,False,False,False,False,False,False,True,False,False,False,False,False,False,False,False,False,False,False,2
1378.0,-1.0855686529355004,1.6912166476267096,0.1422542890178756,1.0537751946839597,False,False,True,False,False,False,False,True,False,True,False,False,False,False,False,False,False,False,False,False,False,False,True,False,False,False,False,False,False,False,False,False,False,False,False,False,False,0
1379.0,-0.655798071861329,-1.1105117431624716,1.0403294964619216,0.7660119022323667,False,False,False,True,False,False,False,False,True,False,False,False,False,False,False,False,False,False,False,False,False,False,False,False,True,False,False,False,False,False,False,False,False,False,False,False,False,0
1380.0,0.2037430902870139,1.0608277596991436,-1.6756543080175734,-1.6673016669724339,False,False,False,True,False,False,True,False,False,False,False,False,False,False,False,False,False,False,False,False,False,False,False,False,True,False,False,False,False,False,False,False,False,False,False,False,False,1
1381.0,1.4930548335095282,-0.5501660650046353,1.3440818870654858,0.22595884864320198,False,False,False,False,True,False,True,False,False,False,False,False,False,False,False,False,False,False,False,False,False,False,False,False,False,False,True,False,False,False,False,False,False,False,False,False,False,1
1382.0,0.06048622992895674,0.8506981303899552,1.3685740222355298,0.8631241046619601,False,False,False,False,True,False,False,False,False,True,False,False,False,False,False,False,False,False,False,False,False,False,False,False,False,False,False,False,False,True,False,False,False,False,False,False,False,2
1383.0,0.34699995064507105,-0.26999322592571723,-1.295339888575368,-0.19342662004170003,False,False,True,False,False,False,False,False,True,True,False,False,False,False,False,True,False,False,False,False,False,False,False,False,False,False,False,False,False,False,False,False,False,False,False,False,False,1
1384.0,1.4930548335095282,0.2903524522321188,-1.5238348337328596,1.5519021130829302,False,False,False,True,False,False,False,True,False,False,False,False,False,False,False,False,False,False,False,False,False,False,False,False,True,False,False,False,False,False,False,False,False,False,False,False,False,2
1385.0,0.6335136713611853,1.2009141792386029,-0.8269717622365063,1.1293571745738422,False,True,False,False,False,False,False,False,False,False,False,False,False,False,False,False,False,False,False,False,False,False,False,True,False,False,False,False,False,False,False,False,False,False,False,False,False,2
1386.0,0.34699995064507105,1.0608277596991436,1.5886515684601021,0.4817000110915041,True,False,False,False,False,False,True,False,False,False,False,False,False,False,False,False,False,False,False,False,False,False,False,False,False,False,False,False,False,False,False,False,False,False,False,False,False,2
1387.0,1.0632842524353567,1.270957389008332,0.36762957823661674,-1.5267276595705979,False,False,True,False,False,False,False,False,False,True,False,False,False,False,False,True,False,False,False,False,False,False,False,False,False,False,False,False,False,False,False,False,False,False,False,False,False,2
1388.0,0.7767705317192425,-1.5307710017808487,-0.8074143555513947,0.5312057158587584,False,False,False,False,False,False,False,False,False,True,False,False,False,False,False,False,False,False,False,False,False,False,False,False,False,False,False,False,False,False,False,False,True,False,False,False,False,1
1389.0,0.7767705317192425,0.710611710850496,0.3601083713733749,1.4355385897557575,False,False,False,True,False,False,True,False,False,True,False,False,False,False,True,False,False,False,False,False,False,False,False,False,False,False,False,False,False,False,False,False,False,False,False,False,False,0
1390.0,-1.5153392340096719,-1.2505981627019307,-1.1205597465814512,-0.42080599595573615,False,False,True,False,False,False,False,False,True,False,False,False,False,False,False,False,False,True,False,False,False,False,False,False,False,False,False,False,False,False,False,False,False,False,False,False,False,0
1391.0,-1.2288255132935577,-0.26999322592571723,0.815907120329926,1.1793193206464732,False,False,False,False,False,True,False,False,True,True,False,False,False,False,False,False,False,False,False,False,False,False,False,False,False,False,False,False,False,False,False,True,False,False,False,False,False,1
1392.0,-1.6585960943677291,0.15026603269265998,1.5564907517824391,-0.6520377658639068,False,False,False,False,False,True,False,False,False,False,False,False,False,False,False,False,False,False,True,False,False,False,False,False,False,False,False,False,False,False,False,False,False,False,False,False,False,1
1393.0,-1.2288255132935577,-0.3400364356954468,0.9269328391391985,0.24430206065244894,False,False,False,False,True,False,True,False,False,True,False,False,False,False,False,False,False,False,False,False,False,False,False,False,False,False,False,False,True,False,False,False,False,False,False,False,False,2
1394.0,0.7767705317192425,0.0802228229229304,0.03433688194393972,0.5175245946082129,True,False,False,False,False,False,False,True,False,False,False,False,False,False,False,False,False,False,False,False,False,False,False,False,False,False,False,False,False,False,False,False,False,False,False,True,False,1
1395.0,-1.0855686529355004,1.7612598573964389,0.1580000433560048,0.6206814312516511,False,True,False,False,False,False,False,False,False,False,False,False,False,False,False,False,False,False,False,False,False,False,False,True,False,False,False,False,False,False,False,False,False,False,False,False,False,0
1397.0,0.34699995064507105,0.6405685010807668,0.6363283802920404,-0.9260196888941028,True,False,False,False,False,False,False,False,False,False,False,False,False,False,False,False,False,False,False,False,False,False,False,False,False,False,False,False,False,False,False,False,False,False,False,True,False,1
1398.0,-0.655798071861329,-0.3400364356954468,-0.9951495778436859,-0.8292236537725783,True,False,False,False,False,False,False,False,False,False,False,False,False,False,False,False,False,False,False,False,False,False,False,False,False,False,False,False,False,False,False,False,False,False,False,False,True,2
1399.0,1.0632842524353567,-1.2505981627019307,-0.05400043003805743,0.7115422605656071,True,False,False,False,False,False,True,False,False,False,True,False,False,False,False,False,False,False,False,False,False,False,False,False,False,False,False,False,False,False,False,False,False,False,False,False,False,2
1400.0,0.6335136713611853,-1.180554952932201,-1.3050164940872009,-1.1263584977563714,False,False,False,False,False,False,True,False,False,True,False,False,False,False,False,False,False,False,False,False,False,False,False,False,False,False,False,False,False,False,False,False,False,True,False,False,False,2
1401.0,-1.6585960943677291,1.5511302280872503,0.8514825422350939,-0.12489469374951008,False,False,False,False,False,False,False,True,False,False,False,False,False,False,False,False,False,False,False,False,False,False,False,False,False,False,False,False,False,False,False,False,True,False,False,False,False,2
1402.0,-0.0827706304291004,1.341000598778062,1.294224113062548,-1.674607298324384,False,False,False,False,True,False,False,True,False,True,False,False,False,False,False,False,False,False,False,False,False,False,False,False,False,False,False,False,False,True,False,False,False,False,False,False,False,0
1403.0,0.9200273920772997,1.4110438085477912,-1.6814058191482877,-1.2526921239655144,False,False,True,False,False,False,False,False,True,True,False,False,False,False,False,False,False,True,False,False,False,False,False,False,False,False,False,False,False,False,False,False,False,False,False,False,False,1
1404.0,0.34699995064507105,1.7612598573964389,-0.7802676767825597,0.6236514210166462,False,False,False,False,False,True,True,False,False,False,False,False,False,False,False,False,False,False,True,False,False,False,False,False,False,False,False,False,False,False,False,False,False,False,False,False,False,1
1405.0,-0.5125412115032719,-1.040468533392742,0.7495662187669724,0.8630146762556832,True,False,False,False,False,False,False,False,False,True,False,False,False,False,False,False,False,False,False,False,False,False,False,False,False,False,False,False,False,False,False,False,False,False,False,False,False,2
1406.0,-0.7990549322193862,-0.48012285523490594,-0.00522035535941511,-1.3422078651848641,False,False,False,False,True,False,False,False,False,False,False,False,False,False,False,False,False,False,False,False,False,False,False,False,False,False,False,True,False,False,False,False,False,False,False,False,False,0
1408.0,-0.5125412115032719,-0.05986359661652877,-1.6655125901657812,-1.39947013446819,False,False,False,False,False,True,True,False,False,False,False,False,False,False,False,False,False,False,True,False,False,False,False,False,False,False,False,False,False,False,False,False,False,False,False,False,False,1
1409.0,-0.36928435114521474,-0.26999322592571723,0.323182989261984,-0.23254103272564244,False,False,False,True,False,False,False,False,False,True,False,False,False,False,True,False,False,False,False,False,False,False,False,False,False,False,False,False,False,False,False,False,False,False,False,False,False,2
1410.0,-1.5153392340096719,-0.48012285523490594,-1.5144078006961266,-1.3045424608605496,False,True,False,False,False,False,False,False,True,False,False,False,False,False,False,False,False,False,False,False,False,False,False,False,False,False,False,False,False,False,True,False,False,False,False,False,False,1
1411.0,0.9200273920772997,0.3603956620018484,-0.5042178309150988,-0.2189946773311491,False,False,False,False,False,False,False,False,True,False,False,False,False,False,False,False,False,False,False,False,False,False,False,False,False,False,False,False,False,False,False,False,False,True,False,False,False,1
1412.0,-0.22602749078715756,0.2903524522321188,-1.4834948463939637,0.8094197274203054,False,False,False,True,False,False,False,False,False,False,False,False,False,False,False,False,False,False,False,True,False,False,False,False,False,False,False,False,False,False,False,False,False,False,False,False,False,0
1413.0,0.06048622992895674,-1.180554952932201,-1.6574468615386848,0.6394968745712076,False,False,False,False,False,True,False,False,False,False,False,False,False,False,False,False,False,False,True,False,False,False,False,False,False,False,False,False,False,False,False,False,False,False,False,False,False,0
1414.0,-0.36928435114521474,-0.05986359661652877,-1.5834713110783531,-0.7661135745229392,False,False,False,True,False,False,False,True,False,True,False,False,False,False,False,False,False,False,False,True,False,False,False,False,False,False,False,False,False,False,False,False,False,False,False,False,False,1
1416.0,0.7767705317192425,0.2903524522321188,1.078298545287367,1.4918167378014242,False,False,False,False,True,False,False,True,False,False,False,False,False,False,False,False,False,False,False,False,False,False,False,False,False,False,False,False,False,True,False,False,False,False,False,False,False,2
1417.0,0.9200273920772997,-0.9704253236230124,-0.6907959444591988,-0.5321618844627757,False,False,False,False,False,True,False,False,True,True,False,False,False,False,False,False,False,False,True,False,False,False,False,False,False,False,False,False,False,False,False,False,False,False,False,False,False,1
1418.0,1.349797973151471,0.8506981303899552,1.4869848174670806,-0.5963684510316873,False,False,False,True,False,False,False,False,False,False,False,False,False,False,True,False,False,False,False,False,False,False,False,False,False,False,False,False,False,False,False,False,False,False,False,False,False,1
1419.0,-0.5125412115032719,-1.6708574213203076,0.75966255980511,0.2489604793169798,False,False,False,False,False,False,False,True,False,False,False,True,False,False,False,False,False,False,False,False,False,False,False,False,False,False,False,False,False,False,False,False,False,False,False,False,False,2
1420.0,-0.7990549322193862,-0.48012285523490594,1.2431411650909372,-0.8880667595962483,False,False,False,False,False,False,False,False,True,True,False,False,True,False,False,False,False,False,False,False,False,False,False,False,False,False,False,False,False,False,False,False,False,False,False,False,False,2
1421.0,-1.3720823736516148,0.9907845499294143,0.4143790405042179,0.5285291264179761,False,False,True,False,False,False,True,False,False,True,False,False,False,True,False,False,False,False,False,False,False,False,False,False,False,False,False,False,False,False,False,False,False,False,False,False,False,2
1422.0,1.0632842524353567,0.22030924246238925,-1.040208753802655,1.158839317039488,False,False,False,True,False,False,False,False,False,False,False,False,False,False,True,False,False,False,False,False,False,False,False,False,False,False,False,False,False,False,False,False,False,False,False,False,False,1
1423.0,-0.9423117925774434,-0.8303389040835536,-1.596880159513273,-0.14216932635517956,True,False,False,False,False,False,False,True,False,True,False,False,False,False,False,False,False,False,False,False,False,False,False,False,False,False,False,False,False,False,False,False,False,False,False,True,False,0
1424.0,1.206541112793414,0.710611710850496,0.47849647819809843,0.6259571289462209,False,False,False,True,False,False,True,False,False,False,False,False,False,False,False,False,False,False,False,True,False,False,False,False,False,False,False,False,False,False,False,False,False,False,False,False,False,2
1425.0,-1.5153392340096719,0.22030924246238925,-1.2016708009889612,0.5295984402403875,False,False,False,False,True,False,False,True,False,True,False,False,False,False,False,False,False,False,False,False,False,False,False,False,False,False,True,False,False,False,False,False,False,False,False,False,False,2
1426.0,-0.9423117925774434,1.0608277596991436,-0.1652530329156028,-1.6096127003465113,False,False,False,False,False,True,False,False,True,True,False,False,False,False,False,False,True,False,False,False,False,False,False,False,False,False,False,False,False,False,False,False,False,False,False,False,False,2
1427.0,-1.3720823736516148,0.8506981303899552,-0.5376718867819165,-1.104651280277649,False,False,False,False,False,True,True,False,False,True,False,False,False,False,False,False,False,False,True,False,False,False,False,False,False,False,False,False,False,False,False,False,False,False,False,False,False,1
1429.0,-0.655798071861329,-0.05986359661652877,-1.1430326135438675,1.5308180499849193,False,False,False,True,False,False,True,False,False,True,False,False,False,False,False,False,False,False,False,False,False,False,False,False,False,True,False,False,False,False,False,False,False,False,False,False,False,0
1430.0,-1.5153392340096719,-1.2505981627019307,-0.4761749600765862,0.978058448938025,False,False,False,False,True,False,False,False,True,False,False,False,False,False,False,False,False,False,False,False,False,False,False,False,False,False,False,False,False,True,False,False,False,False,False,False,False,2
1431.0,0.6335136713611853,-0.8303389040835536,-0.5419146188586169,1.4692671419200192,False,True,False,False,False,False,True,False,False,True,False,False,False,False,False,False,False,False,False,False,False,False,False,True,False,False,False,False,False,False,False,False,False,False,False,False,False,1
1432.0,-0.5125412115032719,-0.26999322592571723,1.6446692449166453,-0.6765008900174916,False,False,False,False,True,False,False,True,False,True,False,False,False,False,False,False,False,False,False,False,False,False,False,False,False,False,False,True,False,False,False,False,False,False,False,False,False,0
1433.0,-0.0827706304291004,0.3603956620018484,-0.903862772974143,-0.8803601355608937,False,False,False,False,False,False,False,False,True,False,False,False,True,False,False,False,False,False,False,False,False,False,False,False,False,False,False,False,False,False,False,False,False,False,False,False,False,1
1434.0,-1.3720823736516148,0.0802228229229304,1.1929090323753493,-0.4038699304325748,False,False,False,False,True,False,False,False,False,False,False,False,False,False,False,False,False,False,False,False,False,False,False,False,False,False,False,False,False,True,False,False,False,False,False,False,False,0
1435.0,-0.22602749078715756,-0.7602956943138239,1.259681013668021,-1.5514371812430146,False,False,False,False,False,True,False,True,False,False,False,False,False,False,False,False,False,False,False,False,False,False,False,False,False,False,False,False,False,False,False,True,False,False,False,False,False,2
1436.0,-1.6585960943677291,-1.7409006310900372,0.1841711206312671,1.0807313035698087,False,False,False,False,False,False,False,True,False,True,False,True,False,False,False,False,False,False,False,False,False,False,False,False,False,False,False,False,False,False,False,False,False,False,False,False,False,1
1437.0,1.4930548335095282,0.010179613153200814,1.0683610230970204,1.688788603518881,False,False,False,False,False,True,False,False,True,True,False,False,False,False,False,False,False,False,False,False,False,False,False,False,False,False,False,False,False,False,False,False,False,False,True,False,False,2
1438.0,0.06048622992895674,-0.7602956943138239,0.434197363867843,1.130120235742445,False,False,True,False,False,False,False,False,True,False,False,False,False,True,False,False,False,False,False,False,False,False,False,False,False,False,False,False,False,False,False,False,False,False,False,False,False,0
1439.0,0.34699995064507105,0.8506981303899552,-1.6774353479535145,0.19152855928298315,True,False,False,False,False,False,False,False,False,False,False,False,False,False,False,False,False,False,False,False,False,False,False,False,False,False,False,False,False,False,False,False,False,False,False,False,True,0
1440.0,-1.0855686529355004,-1.6708574213203076,0.8893041164161622,-0.7144090197664676,False,False,False,False,False,True,False,True,False,False,False,False,False,False,False,False,False,False,False,False,False,False,False,False,False,False,False,False,False,False,False,True,False,False,False,False,False,2
1441.0,1.206541112793414,0.2903524522321188,1.275494833226632,-1.05483014262116,False,False,False,False,False,False,False,False,True,False,False,False,False,False,False,False,False,False,False,False,False,False,False,False,False,False,False,False,False,False,False,False,True,False,False,False,False,0
1442.0,0.6335136713611853,1.5511302280872503,-0.4699923692161536,-0.47446777690501446,False,False,True,False,False,False,False,False,False,True,False,False,False,False,False,True,False,False,False,False,False,False,False,False,False,False,False,False,False,False,False,False,False,False,False,False,False,2
1443.0,1.4930548335095282,-1.1105117431624716,0.12648584627291914,0.5822191824923664,False,False,False,False,False,True,False,False,False,True,False,False,False,False,False,False,True,False,False,False,False,False,False,False,False,False,False,False,False,False,False,False,False,False,False,False,False,2
1444.0,1.6363116938675855,-0.05986359661652877,-0.5360950425074208,-0.1849275580843798,False,True,False,False,False,False,False,False,True,True,False,False,False,False,False,False,False,False,False,False,True,False,False,False,False,False,False,False,False,False,False,False,False,False,False,False,False,2
1445.0,-0.9423117925774434,-1.3906845822413896,1.4935304228367496,1.5139605672770036,False,False,False,False,True,False,False,True,False,True,False,False,False,False,False,False,False,False,False,False,False,False,False,False,False,False,False,False,False,True,False,False,False,False,False,False,False,0
1446.0,1.206541112793414,0.4304388717715777,-1.3060261281910146,1.235441404689899,True,False,False,False,False,False,True,False,False,True,False,False,False,False,False,False,False,False,False,False,False,False,False,False,False,False,False,False,False,False,False,False,False,False,False,False,False,1
1447.0,1.349797973151471,0.22030924246238925,-1.5464097985259986,-1.3872736408907245,False,False,False,False,False,True,True,False,False,False,False,False,False,False,False,False,True,False,False,False,False,False,False,False,False,False,False,False,False,False,False,False,False,False,False,False,False,2
1449.0,0.7767705317192425,0.0802228229229304,-0.9052127331803658,0.6145560109660577,False,True,False,False,False,False,True,False,False,False,False,False,False,False,False,False,False,False,False,False,False,False,False,True,False,False,False,False,False,False,False,False,False,False,False,False,False,0
1452.0,0.06048622992895674,-1.6708574213203076,-1.1709053213311755,0.31844935334996793,False,False,False,False,True,False,False,False,False,True,False,False,False,False,False,False,False,False,False,False,False,False,False,False,False,False,False,False,False,True,False,False,False,False,False,False,False,2
1453.0,1.4930548335095282,1.270957389008332,0.6250862747091254,-0.942735795976459,False,False,True,False,False,False,False,True,False,False,False,False,False,False,False,True,False,False,False,False,False,False,False,False,False,False,False,False,False,False,False,False,False,False,False,False,False,0
1454.0,-0.5125412115032719,0.2903524522321188,1.5209039856738573,-0.07460316082979693,False,True,False,False,False,False,False,False,False,True,False,False,False,False,False,False,False,False,False,False,False,False,False,True,False,False,False,False,False,False,False,False,False,False,False,False,False,2
1455.0,1.206541112793414,1.4110438085477912,-1.3896442515529386,-0.32790421670188863,False,False,True,False,False,False,False,False,True,False,False,False,False,False,False,True,False,False,False,False,False,False,False,False,False,False,False,False,False,False,False,False,False,False,False,False,False,2
1457.0,-0.0827706304291004,1.130870969468873,-1.0559545081407842,-1.6322985309216371,False,False,False,False,False,True,False,True,False,False,False,False,False,False,False,False,False,False,True,False,False,False,False,False,False,False,False,False,False,False,False,False,False,False,False,False,False,0
1458.0,-1.5153392340096719,-0.26999322592571723,0.7235766487463283,1.3806448212123201,False,True,False,False,False,False,False,False,False,True,False,False,False,False,False,False,False,False,False,False,False,True,False,False,False,False,False,False,False,False,False,False,False,False,False,False,False,1
1459.0,-1.3720823736516148,0.8506981303899552,-1.012211259777797,0.5302862234784981,False,True,False,False,False,False,True,False,False,False,False,False,False,False,False,False,False,False,False,False,False,False,False,False,False,False,False,False,False,False,True,False,False,False,False,False,False,0
1461.0,-0.0827706304291004,0.2903524522321188,1.3806442546676403,-1.7354010205713544,False,True,False,False,False,False,False,True,False,False,False,False,False,False,False,False,False,False,False,False,False,False,False,False,False,False,False,False,False,False,True,False,False,False,False,False,False,0
1462.0,0.34699995064507105,-1.1105117431624716,-0.8881850838564955,0.44710961842545716,False,True,False,False,False,False,False,False,False,False,False,False,False,False,False,False,False,False,False,False,False,False,False,True,False,False,False,False,False,False,False,False,False,False,False,False,False,0
1463.0,-0.5125412115032719,-0.8303389040835536,-0.36495638980928174,0.3084307788249489,False,False,False,True,False,False,False,False,False,True,False,False,False,False,False,False,False,False,False,True,False,False,False,False,False,False,False,False,False,False,False,False,False,False,False,False,False,0
1464.0,1.4930548335095282,-1.040468533392742,1.4279268944956824,0.12953883596472346,False,False,False,False,False,True,False,False,False,True,False,False,False,False,False,False,False,False,False,False,False,False,False,False,False,False,False,False,False,False,False,True,False,False,False,False,False,2
1465.0,-0.655798071861329,-0.9003821138532828,1.4252950393037185,0.9969910320616163,False,False,False,False,True,False,True,False,False,True,False,False,False,False,False,False,False,False,False,False,False,False,False,False,False,False,False,True,False,False,False,False,False,False,False,False,False,2
1467.0,0.4902568110031282,0.22030924246238925,0.10911787084663975,1.2454772380575192,False,False,False,True,False,False,False,True,False,False,False,False,False,False,True,False,False,False,False,False,False,False,False,False,False,False,False,False,False,False,False,False,False,False,False,False,False,1
1469.0,-1.2288255132935577,-0.26999322592571723,0.19545860302783663,1.0671647516573786,False,False,False,False,False,True,True,False,False,False,False,False,False,False,False,False,False,False,False,False,False,False,False,False,False,False,False,False,False,False,False,True,False,False,False,False,False,0
1470.0,-1.6585960943677291,0.4304388717715777,0.517656668381976,-1.1189665721914175,False,False,False,False,False,True,True,False,False,False,False,False,False,False,False,False,True,False,False,False,False,False,False,False,False,False,False,False,False,False,False,False,False,False,False,False,False,2
1471.0,1.6363116938675855,-1.4607277920111192,1.5903985757858023,1.0920556747818113,False,False,False,False,False,False,False,False,True,False,False,False,True,False,False,False,False,False,False,False,False,False,False,False,False,False,False,False,False,False,False,False,False,False,False,False,False,2
1472.0,-0.7990549322193862,-1.4607277920111192,-0.7729052887671087,1.536299752162447,False,False,False,False,True,False,False,False,False,True,False,False,False,False,False,False,False,False,False,False,False,False,False,False,False,False,True,False,False,False,False,False,False,False,False,False,False,2
1474.0,1.6363116938675855,0.0802228229229304,0.8073422467526294,0.10400566356989278,False,False,False,True,False,False,False,True,False,True,False,False,False,False,False,False,False,False,False,False,False,False,False,False,False,True,False,False,False,False,False,False,False,False,False,False,False,2
1475.0,-1.0855686529355004,-0.9704253236230124,1.3056704143069084,0.5520767974948877,False,False,True,False,False,False,False,False,False,True,False,False,False,False,False,False,False,False,False,False,False,False,True,False,False,False,False,False,False,False,False,False,False,False,False,False,False,1
1476.0,-0.7990549322193862,-0.7602956943138239,-0.6696616934995916,-1.4672610321567994,True,False,False,False,False,False,False,False,True,True,True,False,False,False,False,False,False,False,False,False,False,False,False,False,False,False,False,False,False,False,False,False,False,False,False,False,False,2
1477.0,-1.2288255132935577,-0.3400364356954468,0.9311869154193128,-0.02090172126347859,False,False,True,False,False,False,True,False,False,True,False,False,False,False,False,False,False,True,False,False,False,False,False,False,False,False,False,False,False,False,False,False,False,False,False,False,False,2
1478.0,-1.0855686529355004,1.130870969468873,-0.14065879991483618,-0.4866003760439155,False,False,False,False,False,False,False,True,False,True,False,True,False,False,False,False,False,False,False,False,False,False,False,False,False,False,False,False,False,False,False,False,False,False,False,False,False,0
1479.0,1.6363116938675855,-1.6708574213203076,0.7889079162054682,1.299054928050296,False,False,False,False,False,True,False,True,False,True,False,False,False,False,False,False,False,False,False,False,False,False,False,False,False,False,False,False,False,False,False,False,False,False,True,False,False,1
1480.0,-1.6585960943677291,0.5004820815413076,-0.0948055297169124,1.3137899403277382,False,False,False,False,True,False,False,False,False,False,False,False,False,False,False,False,False,False,False,False,False,False,False,False,False,False,False,True,False,False,False,False,False,False,False,False,False,2
1481.0,-1.6585960943677291,0.5705252913110368,-1.5885535142076628,0.700165011197551,False,False,False,False,False,True,False,True,False,False,False,False,False,False,False,False,False,False,False,False,False,False,False,False,False,False,False,False,False,False,False,True,False,False,False,False,False,0
1482.0,0.34699995064507105,1.0608277596991436,0.8330935885015872,0.5429909348891425,True,False,False,False,False,False,True,False,False,False,False,False,False,False,False,False,False,False,False,False,False,False,False,False,False,False,False,False,False,False,False,False,False,False,False,False,True,1
1483.0,1.0632842524353567,1.5511302280872503,0.4399261865917301,0.8149671600834824,False,False,False,False,False,True,False,True,False,False,False,False,False,False,False,False,False,False,True,False,False,False,False,False,False,False,False,False,False,False,False,False,False,False,False,False,False,1
1484.0,0.9200273920772997,-1.6708574213203076,-0.5369572019668573,-0.4677555559709959,False,False,False,False,False,True,True,False,False,False,False,False,False,False,False,False,False,False,False,False,False,False,False,False,False,False,False,False,False,False,False,True,False,False,False,False,False,2
1485.0,-0.36928435114521474,-1.180554952932201,1.6901595006053327,-0.3333359783986992,True,False,False,False,False,False,False,False,True,False,False,False,False,False,False,False,False,False,False,False,False,False,False,False,False,False,False,False,False,False,False,False,False,False,False,True,False,1
1486.0,0.7767705317192425,1.341000598778062,1.2075997757960102,0.18709597440992984,False,False,False,True,False,False,False,False,True,False,False,False,False,False,False,False,False,False,False,True,False,False,False,False,False,False,False,False,False,False,False,False,False,False,False,False,False,0
1487.0,-1.3720823736516148,-0.12990680638625834,-1.3074214652108922,1.52780399508988,False,False,False,True,False,False,True,False,False,True,False,False,False,False,True,False,False,False,False,False,False,False,False,False,False,False,False,False,False,False,False,False,False,False,False,False,False,0
1488.0,-0.22602749078715756,0.22030924246238925,-1.1336509573207891,0.7811688381299844,True,False,False,False,False,False,False,False,False,True,False,False,False,False,False,False,False,False,False,False,False,False,False,False,False,False,False,False,False,False,False,False,False,False,False,False,False,1
1489.0,0.34699995064507105,0.5705252913110368,-1.2507004481427033,0.1776230730786277,False,False,False,False,True,False,False,True,False,False,False,False,False,False,False,False,False,False,False,False,False,False,False,False,False,False,False,True,False,False,False,False,False,False,False,False,False,0
1490.0,-0.22602749078715756,0.6405685010807668,-0.6652487983716865,0.9430806503370038,False,False,False,False,False,False,False,False,False,True,False,True,False,False,False,False,False,False,False,False,False,False,False,False,False,False,False,False,False,False,False,False,False,False,False,False,False,1
1492.0,0.6335136713611853,1.7612598573964389,1.5895704489366067,0.8037283486656495,False,False,False,False,True,False,False,False,True,True,False,False,False,False,False,False,False,False,False,False,False,False,False,False,False,False,False,True,False,False,False,False,False,False,False,False,False,1
1493.0,-0.9423117925774434,0.7806549206202252,0.26527083083536335,-0.3118575323867908,False,False,False,False,False,True,False,False,True,True,False,False,False,False,False,False,False,False,False,False,False,False,False,False,False,False,False,False,False,False,False,True,False,False,False,False,False,1
1494.0,-1.0855686529355004,-0.7602956943138239,-0.09623489934703076,-0.7689014284170836,False,False,False,False,False,False,False,False,True,True,False,False,False,False,False,False,False,False,False,False,False,False,False,False,False,False,False,False,False,False,False,False,False,True,False,False,False,1
1496.0,-1.5153392340096719,-1.6008142115505781,0.0954594499366199,0.6516680306988973,False,False,False,False,True,False,False,False,True,True,False,False,False,False,False,False,False,False,False,False,False,False,False,False,False,False,False,False,True,False,False,False,False,False,False,False,False,1
1497.0,0.4902568110031282,-0.9003821138532828,0.9541702715353428,-0.14225635498701744,False,True,False,False,False,False,False,False,True,False,False,False,False,False,False,False,False,False,False,False,False,False,False,True,False,False,False,False,False,False,False,False,False,False,False,False,False,1
1498.0,1.0632842524353567,1.4110438085477912,0.40576879011326683,0.2282461961019252,False,True,False,False,False,False,False,False,True,False,False,False,False,False,False,False,False,False,False,False,False,True,False,False,False,False,False,False,False,False,False,False,False,False,False,False,False,2
1499.0,1.6363116938675855,-0.8303389040835536,0.1397245316566344,0.6767451289977682,False,True,False,False,False,False,False,False,True,False,False,False,False,False,False,False,False,False,False,False,False,True,False,False,False,False,False,False,False,False,False,False,False,False,False,False,False,2
1500.0,-0.0827706304291004,-0.9704253236230124,-1.6936008378179483,0.9336510797169116,False,False,False,True,False,False,False,False,False,True,False,False,False,False,True,False,False,False,False,False,False,False,False,False,False,False,False,False,False,False,False,False,False,False,False,False,False,1
1501.0,-0.9423117925774434,-1.2505981627019307,-0.6380340543823696,1.3796944832410283,False,False,False,True,False,False,False,False,True,False,False,False,False,False,False,False,False,False,False,False,False,False,False,False,False,True,False,False,False,False,False,False,False,False,False,False,False,2
1502.0,-1.6585960943677291,1.270957389008332,1.3728961637361257,-0.5076734228594153,False,False,False,False,False,False,False,False,True,False,False,True,False,False,False,False,False,False,False,False,False,False,False,False,False,False,False,False,False,False,False,False,False,False,False,False,False,1
1504.0,0.6335136713611853,0.6405685010807668,0.6657212113367759,0.47864666478884205,False,False,False,False,False,False,False,False,False,False,False,False,True,False,False,False,False,False,False,False,False,False,False,False,False,False,False,False,False,False,False,False,False,False,False,False,False,0
1505.0,0.06048622992895674,-0.9003821138532828,1.2089383917988195,1.003392593828821,False,False,False,False,False,False,False,True,False,True,False,True,False,False,False,False,False,False,False,False,False,False,False,False,False,False,False,False,False,False,False,False,False,False,False,False,False,0
1506.0,0.7767705317192425,0.9207413401596845,1.6392807482951672,0.6966398007939963,False,False,False,True,False,False,True,False,False,False,False,False,False,False,False,False,False,False,False,False,False,False,False,False,False,True,False,False,False,False,False,False,False,False,False,False,False,1
1507.0,-1.0855686529355004,0.9207413401596845,-0.5235256651251101,-1.0273625110173787,False,True,False,False,False,False,False,False,True,False,False,False,False,False,False,False,False,False,False,False,False,False,False,True,False,False,False,False,False,False,False,False,False,False,False,False,False,1
1508.0,1.6363116938675855,-0.6202092747743648,1.3478595068022272,-1.4952849860273913,False,False,True,False,False,False,False,False,True,False,False,False,False,False,False,False,False,False,False,False,False,False,True,False,False,False,False,False,False,False,False,False,False,False,False,False,False,0
1509.0,1.6363116938675855,-0.26999322592571723,1.1888591517566807,0.7891453610868612,False,False,False,False,False,True,False,False,True,False,False,False,False,False,False,False,False,False,True,False,False,False,False,False,False,False,False,False,False,False,False,False,False,False,False,False,False,0
1510.0,-1.3720823736516148,-1.040468533392742,0.10152859876291609,0.03830455467364087,False,False,False,True,False,False,False,True,False,True,False,False,False,False,True,False,False,False,False,False,False,False,False,False,False,False,False,False,False,False,False,False,False,False,False,False,False,2
1511.0,-0.22602749078715756,1.6912166476267096,1.5532122769958978,0.7051667706670117,False,True,False,False,False,False,False,False,True,False,False,False,False,False,False,False,False,False,False,False,True,False,False,False,False,False,False,False,False,False,False,False,False,False,False,False,False,1
1513.0,-1.2288255132935577,1.5511302280872503,1.484999581869694,-0.6552703103620832,False,False,True,False,False,False,False,False,False,False,False,False,False,False,False,False,False,True,False,False,False,False,False,False,False,False,False,False,False,False,False,False,False,False,False,False,False,0
1514.0,0.2037430902870139,-0.6902524845440944,1.5958437934243483,-0.7502152428123241,False,False,True,False,False,False,False,True,False,False,False,False,False,True,False,False,False,False,False,False,False,False,False,False,False,False,False,False,False,False,False,False,False,False,False,False,False,1
1516.0,-0.22602749078715756,0.9207413401596845,-0.5464863328343129,-0.7789526845802192,True,False,False,False,False,False,False,False,True,False,False,False,False,False,False,False,False,False,False,False,False,False,False,False,False,False,False,False,False,False,False,False,False,False,False,True,False,2
1517.0,-0.36928435114521474,0.710611710850496,-1.4308917751649255,0.7486454672724382,False,False,False,False,False,True,False,False,True,True,False,False,False,False,False,False,False,False,False,False,False,False,False,False,False,False,False,False,False,False,False,True,False,False,False,False,False,2
1518.0,0.9200273920772997,1.6211734378569798,-1.6559494266880848,-0.4050563840590211,False,False,True,False,False,False,False,False,True,False,False,False,False,False,False,False,False,True,False,False,False,False,False,False,False,False,False,False,False,False,False,False,False,False,False,False,False,2
1519.0,0.7767705317192425,-0.3400364356954468,-0.93927937603152,0.9447738529589613,False,False,False,True,False,False,True,False,False,True,False,False,False,False,False,False,False,False,False,False,False,False,False,False,False,True,False,False,False,False,False,False,False,False,False,False,False,0
1520.0,-0.9423117925774434,-1.2505981627019307,-0.6111936691057027,-1.2463063522032416,False,False,False,True,False,False,True,False,False,True,False,False,False,False,False,False,False,False,False,False,False,False,False,False,True,False,False,False,False,False,False,False,False,False,False,False,False,1
1521.0,0.34699995064507105,0.6405685010807668,-0.22671592701069213,-1.0294269623599603,False,True,False,False,False,False,False,True,False,False,False,False,False,False,False,False,False,False,False,False,False,False,False,False,False,False,False,False,False,False,True,False,False,False,False,False,False,1
1522.0,1.206541112793414,0.7806549206202252,0.245928964015111,0.6482981498787496,False,False,False,False,True,False,False,False,False,True,False,False,False,False,False,False,False,False,False,False,False,False,False,False,False,False,False,True,False,False,False,False,False,False,False,False,False,0
1523.0,-0.36928435114521474,0.2903524522321188,-1.3901887733167932,0.20986332547563816,True,False,False,False,False,False,False,False,True,False,False,False,False,False,False,False,False,False,False,False,False,False,False,False,False,False,False,False,False,False,False,False,False,False,False,True,False,0
1524.0,-1.0855686529355004,-1.040468533392742,-1.670345220819991,-1.0332698089092522,False,False,False,False,False,True,False,False,True,True,False,False,False,False,False,False,False,False,True,False,False,False,False,False,False,False,False,False,False,False,False,False,False,False,False,False,False,0
1525.0,-1.0855686529355004,0.010179613153200814,-0.5298103538162655,1.4050054939385521,False,False,False,False,False,False,False,False,True,False,False,False,False,False,False,False,False,False,False,False,False,False,False,False,False,False,False,False,False,False,False,False,True,False,False,False,False,1
1526.0,-0.36928435114521474,-0.6202092747743648,-0.9380542020628471,-0.7818690617703268,False,False,False,False,True,False,False,False,True,True,False,False,False,False,False,False,False,False,False,False,False,False,False,False,False,False,True,False,False,False,False,False,False,False,False,False,False,1
1527.0,-1.0855686529355004,-0.26999322592571723,-1.404062734091672,-0.2755941336167233,False,False,False,False,True,False,True,False,False,True,False,False,False,False,False,False,False,False,False,False,False,False,False,False,False,False,False,False,True,False,False,False,False,False,False,False,False,1
1528.0,-1.3720823736516148,0.5004820815413076,1.0930573539285098,-1.0388179759912637,False,True,False,False,False,False,False,False,False,False,False,False,False,False,False,False,False,False,False,False,True,False,False,False,False,False,False,False,False,False,False,False,False,False,False,False,False,2
1529.0,1.4930548335095282,0.8506981303899552,-0.21685781424424092,-0.390867044975296,False,False,True,False,False,False,False,False,False,True,False,False,False,False,False,False,False,False,False,False,False,False,True,False,False,False,False,False,False,False,False,False,False,False,False,False,False,0
1530.0,-0.9423117925774434,-0.9003821138532828,0.20208361782140108,-0.029392704613623956,False,False,True,False,False,False,False,True,False,True,False,False,False,False,False,False,False,False,False,False,False,False,True,False,False,False,False,False,False,False,False,False,False,False,False,False,False,0
1531.0,-1.2288255132935577,-0.3400364356954468,-0.8714864164316208,-0.7145309332929239,False,True,False,False,False,False,True,False,False,True,False,False,False,False,False,False,False,False,False,False,False,False,False,False,False,False,False,False,False,False,True,False,False,False,False,False,False,0
1532.0,0.7767705317192425,-0.8303389040835536,0.3409820444179817,0.9384780475038623,False,False,False,True,False,False,False,False,True,True,False,False,False,False,False,False,False,False,False,False,False,False,False,False,False,True,False,False,False,False,False,False,False,False,False,False,False,1
1533.0,-0.5125412115032719,-1.040468533392742,-1.1584834185932422,-0.37026622947010596,False,False,True,False,False,False,False,False,False,True,False,False,False,False,False,False,False,False,False,False,False,False,True,False,False,False,False,False,False,False,False,False,False,False,False,False,False,0
1534.0,0.6335136713611853,0.9907845499294143,-1.2432019296862888,0.8003907822742006,True,False,False,False,False,False,False,False,False,False,False,False,False,False,False,False,False,False,False,False,False,False,False,False,False,False,False,False,False,False,False,False,False,False,False,False,False,0
1535.0,0.06048622992895674,1.4110438085477912,-1.0848368500319059,-1.0221279407775168,False,False,False,False,False,True,True,False,False,True,False,False,False,False,False,False,False,False,True,False,False,False,False,False,False,False,False,False,False,False,False,False,False,False,False,False,False,2
1536.0,0.34699995064507105,-0.4100796454651764,-1.4547826675540465,-0.42921288834938004,False,False,False,False,True,False,False,True,False,True,False,False,False,False,False,False,False,False,False,False,False,False,False,False,False,False,False,False,True,False,False,False,False,False,False,False,False,1
1537.0,1.0632842524353567,0.9207413401596845,-0.7548339727291838,-1.7163858153289295,False,False,False,False,True,False,False,True,False,False,False,False,False,False,False,False,False,False,False,False,False,False,False,False,False,False,False,True,False,False,False,False,False,False,False,False,False,0
1539.0,0.06048622992895674,1.2009141792386029,1.0091102486675905,0.43890175353584726,False,False,True,False,False,False,False,True,False,False,False,False,False,False,False,True,False,False,False,False,False,False,False,False,False,False,False,False,False,False,False,False,False,False,False,False,False,1
1541.0,1.349797973151471,1.6211734378569798,0.788442803865509,-0.15510391086088948,False,False,False,False,False,False,False,True,False,True,False,True,False,False,False,False,False,False,False,False,False,False,False,False,False,False,False,False,False,False,False,False,False,False,False,False,False,2
1542.0,-1.2288255132935577,-0.4100796454651764,0.8076598844482114,1.045389600436504,False,False,False,False,False,True,False,False,True,True,False,False,False,False,False,False,False,False,False,False,False,False,False,False,False,False,False,False,False,False,False,True,False,False,False,False,False,1
1543.0,-1.0855686529355004,-0.5501660650046353,1.4661341715928145,0.5145876536907509,False,False,False,False,False,True,False,False,False,True,False,False,False,False,False,False,False,False,False,False,False,False,False,False,False,False,False,False,False,False,False,True,False,False,False,False,False,1
1544.0,-1.0855686529355004,-1.5307710017808487,-1.2918912507376221,-1.7318934362198173,False,False,False,False,True,False,False,True,False,False,False,False,False,False,False,False,False,False,False,False,False,False,False,False,False,False,False,False,False,True,False,False,False,False,False,False,False,1
1545.0,-0.5125412115032719,-0.05986359661652877,0.9103816463587011,-0.8594872178776791,False,True,False,False,False,False,False,True,False,False,False,False,False,False,False,False,False,False,False,False,True,False,False,False,False,False,False,False,False,False,False,False,False,False,False,False,False,0
1546.0,0.6335136713611853,-1.3906845822413896,-0.23312540193939746,-0.021562331004728,False,False,False,False,True,False,True,False,False,True,False,False,False,False,False,False,False,False,False,False,False,False,False,False,False,False,False,False,False,True,False,False,False,False,False,False,False,2
1547.0,0.06048622992895674,-0.9003821138532828,0.1359128793096521,0.4137871998764388,False,True,False,False,False,False,False,False,True,True,False,False,False,False,False,False,False,False,False,False,False,True,False,False,False,False,False,False,False,False,False,False,False,False,False,False,False,0
1548.0,-1.5153392340096719,-0.6202092747743648,1.1272260946103867,-1.5156842035626286,False,False,False,False,True,False,False,True,False,True,False,False,False,False,False,False,False,False,False,False,False,False,False,False,False,False,True,False,False,False,False,False,False,False,False,False,False,2
1549.0,0.06048622992895674,1.0608277596991436,1.1253202684368955,0.7151666175117618,False,False,False,False,False,False,True,False,False,True,False,False,False,False,False,False,False,False,False,False,False,False,False,False,False,False,False,False,False,False,False,False,False,True,False,False,False,2
1550.0,1.349797973151471,1.341000598778062,0.3481515809754007,0.151622810305326,False,False,False,True,False,False,False,False,False,False,False,False,False,False,False,False,False,False,False,False,False,False,False,False,False,True,False,False,False,False,False,False,False,False,False,False,False,1
1551.0,1.206541112793414,-0.6902524845440944,-0.9367155860600378,0.08967825374536197,False,False,False,False,False,True,True,False,False,False,False,False,False,False,False,False,False,False,False,False,False,False,False,False,False,False,False,False,False,False,False,True,False,False,False,False,False,1
1552.0,1.4930548335095282,1.270957389008332,-0.7269726091452895,-0.7256992405026859,False,False,False,False,True,False,True,False,False,True,False,False,False,False,False,False,False,False,False,False,False,False,False,False,False,False,False,False,False,True,False,False,False,False,False,False,False,0
1553.0,0.9200273920772997,1.270957389008332,-0.642310819069311,0.3305367857305736,False,False,False,False,False,False,False,True,False,False,False,False,True,False,False,False,False,False,False,False,False,False,False,False,False,False,False,False,False,False,False,False,False,False,False,False,False,2
1554.0,-1.3720823736516148,0.9207413401596845,1.6697853112744392,-1.6485886750802305,False,True,False,False,False,False,False,True,False,True,False,False,False,False,False,False,False,False,False,False,False,True,False,False,False,False,False,False,False,False,False,False,False,False,False,False,False,1
1555.0,-0.36928435114521474,-1.2505981627019307,1.2037654350422005,-1.518790795230761,False,True,False,False,False,False,False,True,False,True,False,False,False,False,False,False,False,False,False,False,False,True,False,False,False,False,False,False,False,False,False,False,False,False,False,False,False,1
1556.0,-1.5153392340096719,0.710611710850496,-1.1711775822131028,0.8156009635372885,False,False,False,False,False,True,True,False,False,False,False,False,False,False,False,False,False,False,True,False,False,False,False,False,False,False,False,False,False,False,False,False,False,False,False,False,False,1
1557.0,0.06048622992895674,1.5511302280872503,-0.24834932292049933,-0.6215825184431129,True,False,False,False,False,False,False,False,False,True,True,False,False,False,False,False,False,False,False,False,False,False,False,False,False,False,False,False,False,False,False,False,False,False,False,False,False,1
1558.0,0.9200273920772997,0.6405685010807668,0.9012835952209637,-0.5341062583259862,False,False,False,False,True,False,False,False,True,False,False,False,False,False,False,False,False,False,False,False,False,False,False,False,False,False,False,False,True,False,False,False,False,False,False,False,False,0
1559.0,0.6335136713611853,-0.5501660650046353,-0.2520361890299316,-1.017547737718815,False,False,True,False,False,False,True,False,False,True,False,False,False,False,False,True,False,False,False,False,False,False,False,False,False,False,False,False,False,False,False,False,False,False,False,False,False,0
1560.0,1.206541112793414,0.010179613153200814,-0.17257004411739915,-0.18995392058478155,False,True,False,False,False,False,False,True,False,False,False,False,False,False,False,False,False,False,False,False,False,True,False,False,False,False,False,False,False,False,False,False,False,False,False,False,False,1
1561.0,0.2037430902870139,0.5004820815413076,0.37477642638720854,-1.5631184800083773,False,False,False,True,False,False,False,False,True,True,False,False,False,False,False,False,False,False,False,True,False,False,False,False,False,False,False,False,False,False,False,False,False,False,False,False,False,1
1562.0,-0.0827706304291004,0.0802228229229304,-0.3378550878541011,-0.6966830867872598,False,False,False,True,False,False,False,False,False,False,False,False,False,False,False,False,False,False,False,False,False,False,False,False,False,True,False,False,False,False,False,False,False,False,False,False,False,1
1563.0,1.206541112793414,-1.32064137247166,-0.2925917162336865,0.09436898683859196,False,True,False,False,False,False,False,False,True,True,False,False,False,False,False,False,False,False,False,False,False,True,False,False,False,False,False,False,False,False,False,False,False,False,False,False,False,1
1564.0,-0.0827706304291004,-0.6202092747743648,0.041200125009190555,-0.12014520714955423,True,False,False,False,False,False,False,True,False,True,False,False,False,False,False,False,False,False,False,False,False,False,False,False,False,False,False,False,False,False,False,False,False,False,False,False,False,1
1565.0,-0.22602749078715756,1.0608277596991436,0.1427307455612484,1.7428399936596357,True,False,False,False,False,False,True,False,False,False,False,False,False,False,False,False,False,False,False,False,False,False,False,False,False,False,False,False,False,False,False,False,False,False,False,False,False,2
1566.0,-0.7990549322193862,1.270957389008332,-1.7041396027892177,-0.38829584463720335,False,False,False,False,False,False,True,False,False,True,False,False,False,False,False,False,False,False,False,False,False,False,False,False,False,False,False,False,False,False,False,False,True,False,False,False,False,2
1567.0,-1.2288255132935577,-1.2505981627019307,0.07705915199969947,-0.39445504818916405,False,False,False,True,False,False,False,True,False,False,False,False,False,False,True,False,False,False,False,False,False,False,False,False,False,False,False,False,False,False,False,False,False,False,False,False,False,2
1568.0,0.9200273920772997,1.6211734378569798,-0.7792920752889868,0.012242600718276932,False,False,False,False,False,False,True,False,False,False,False,False,True,False,False,False,False,False,False,False,False,False,False,False,False,False,False,False,False,False,False,False,False,False,False,False,False,2
1569.0,-1.6585960943677291,-0.6202092747743648,-1.4627689867572475,-1.0806266041680062,False,False,False,True,False,False,False,True,False,True,False,False,False,False,False,False,False,False,False,False,False,False,False,False,True,False,False,False,False,False,False,False,False,False,False,False,False,1
1570.0,1.6363116938675855,0.5705252913110368,0.1442054920050213,1.3124815731748354,False,False,False,False,True,False,True,False,False,True,False,False,False,False,False,False,False,False,False,False,False,False,False,False,False,False,False,True,False,False,False,False,False,False,False,False,False,2
1571.0,-1.3720823736516148,0.9207413401596845,0.47149710469188394,0.25185298789498006,False,False,False,False,True,False,True,False,False,True,False,False,False,False,False,False,False,False,False,False,False,False,False,False,False,False,False,False,True,False,False,False,False,False,False,False,False,2
1572.0,0.06048622992895674,1.130870969468873,-1.170610372042421,-1.0743315331317416,False,False,True,False,False,False,True,False,False,True,False,False,False,True,False,False,False,False,False,False,False,False,False,False,False,False,False,False,False,False,False,False,False,False,False,False,False,0
1573.0,0.34699995064507105,1.5511302280872503,-1.5362227038605518,1.0234154217115954,False,False,False,False,True,False,False,False,False,False,False,False,False,False,False,False,False,False,False,False,False,False,False,False,False,False,False,False,True,False,False,False,False,False,False,False,False,2
1574.0,-1.5153392340096719,-0.6202092747743648,-1.5936016847267316,-1.6247296104176716,False,False,True,False,False,False,False,False,False,True,False,False,False,False,False,False,False,True,False,False,False,False,False,False,False,False,False,False,False,False,False,False,False,False,False,False,False,2
1575.0,-0.22602749078715756,1.270957389008332,0.33202012372120787,1.6831677289722968,False,False,False,False,True,False,False,True,False,True,False,False,False,False,False,False,False,False,False,False,False,False,False,False,False,False,True,False,False,False,False,False,False,False,False,False,False,1
1576.0,-1.2288255132935577,-1.2505981627019307,1.3422441261124765,1.2735672896231782,False,False,False,False,False,True,False,False,False,True,False,False,False,False,False,False,True,False,False,False,False,False,False,False,False,False,False,False,False,False,False,False,False,False,False,False,False,2
1577.0,0.9200273920772997,0.710611710850496,1.5021066406174597,0.27756903057949495,False,False,False,False,True,False,False,True,False,False,False,False,False,False,False,False,False,False,False,False,False,False,False,False,False,False,False,False,True,False,False,False,False,False,False,False,False,2
1578.0,0.6335136713611853,0.8506981303899552,1.3660102322640477,-1.3562433435228507,False,False,False,False,False,False,False,False,True,True,False,False,True,False,False,False,False,False,False,False,False,False,False,False,False,False,False,False,False,False,False,False,False,False,False,False,False,1
1579.0,-1.3720823736516148,0.6405685010807668,-1.4655142839833477,-0.9935204911432529,False,True,False,False,False,False,False,False,True,False,False,False,False,False,False,False,False,False,False,False,True,False,False,False,False,False,False,False,False,False,False,False,False,False,False,False,False,2
1580.0,0.7767705317192425,-0.8303389040835536,-0.568153761354361,-0.7696905614542962,False,False,False,False,False,False,False,False,False,True,False,False,False,False,False,False,False,False,False,False,False,False,False,False,False,False,False,False,False,False,False,False,False,True,False,False,False,1
1581.0,-0.655798071861329,1.341000598778062,1.4236387856053274,-0.9036603074907226,False,True,False,False,False,False,False,False,True,False,False,False,False,False,False,False,False,False,False,False,False,True,False,False,False,False,False,False,False,False,False,False,False,False,False,False,False,2
1582.0,1.349797973151471,-1.180554952932201,0.9199334656329841,-0.008903887980630036,True,False,False,False,False,False,False,False,True,True,True,False,False,False,False,False,False,False,False,False,False,False,False,False,False,False,False,False,False,False,False,False,False,False,False,False,False,0
1585.0,-1.0855686529355004,-0.05986359661652877,-0.3687113211391958,0.5633637133463529,False,False,True,False,False,False,False,True,False,True,False,False,False,False,False,False,False,False,False,False,False,False,True,False,False,False,False,False,False,False,False,False,False,False,False,False,False,0
1586.0,-0.7990549322193862,1.2009141792386029,-0.13980798465881333,0.6576179248831471,False,False,True,False,False,False,False,False,True,True,False,False,False,False,False,False,False,False,False,False,False,False,True,False,False,False,False,False,False,False,False,False,False,False,False,False,False,1
1587.0,1.206541112793414,-0.4100796454651764,-1.3476480105156516,1.296003050585302,False,False,False,False,False,True,False,True,False,True,False,False,False,False,False,False,False,False,True,False,False,False,False,False,False,False,False,False,False,False,False,False,False,False,False,False,False,2
1588.0,-0.655798071861329,-1.180554952932201,-1.3051866571384054,-1.6265120449279686,False,False,False,False,True,False,False,True,False,False,False,False,False,False,False,False,False,False,False,False,False,False,False,False,False,False,False,False,False,True,False,False,False,False,False,False,False,1
1589.0,-1.0855686529355004,1.2009141792386029,-0.19030103405291496,-0.3339958537211147,False,False,False,False,False,False,False,False,True,True,False,False,True,False,False,False,False,False,False,False,False,False,False,False,False,False,False,False,False,False,False,False,False,False,False,False,False,0
1590.0,0.6335136713611853,0.15026603269265998,-0.4052283119276957,0.9930431636190516,True,False,False,False,False,False,False,False,False,False,False,False,False,False,False,False,False,False,False,False,False,False,False,False,False,False,False,False,False,False,False,False,False,False,False,False,False,1
1591.0,-1.0855686529355004,-1.1105117431624716,0.797461445579351,1.0981579608741312,False,True,False,False,False,False,False,False,True,False,False,False,False,False,False,False,False,False,False,False,False,False,False,False,False,False,False,False,False,False,True,False,False,False,False,False,False,0
1592.0,-1.2288255132935577,0.7806549206202252,-0.39402023895502164,1.4904929478530065,False,False,True,False,False,False,True,False,False,False,False,False,False,False,False,True,False,False,False,False,False,False,False,False,False,False,False,False,False,False,False,False,False,False,False,False,False,0
1593.0,1.349797973151471,0.0802228229229304,-1.2616249160300366,0.7071933994396387,False,False,False,False,True,False,False,False,True,True,False,False,False,False,False,False,False,False,False,False,False,False,False,False,False,False,True,False,False,False,False,False,False,False,False,False,False,0
1594.0,0.9200273920772997,0.3603956620018484,0.35013681657278733,-0.8892803867195554,False,False,True,False,False,False,False,False,False,False,False,False,False,False,False,True,False,False,False,False,False,False,False,False,False,False,False,False,False,False,False,False,False,False,False,False,False,1
1595.0,1.206541112793414,-0.12990680638625834,0.7690782486384293,0.01951261275677469,False,True,False,False,False,False,False,True,False,False,False,False,False,False,False,False,False,False,False,False,True,False,False,False,False,False,False,False,False,False,False,False,False,False,False,False,False,0
1596.0,-1.5153392340096719,1.130870969468873,-0.8415377194196171,-1.631661055373661,False,False,False,False,True,False,False,True,False,True,False,False,False,False,False,False,False,False,False,False,False,False,False,False,False,False,True,False,False,False,False,False,False,False,False,False,False,2
1597.0,-0.22602749078715756,1.130870969468873,-1.0038959586756007,0.5123054471638664,False,False,False,False,True,False,True,False,False,False,False,False,False,False,False,False,False,False,False,False,False,False,False,False,False,False,True,False,False,False,False,False,False,False,False,False,False,0
1598.0,1.349797973151471,0.710611710850496,-1.1913816084927917,0.18915601923950737,True,False,False,False,False,False,True,False,False,False,False,False,False,False,False,False,False,False,False,False,False,False,False,False,False,False,False,False,False,False,False,False,False,False,False,True,False,2
1600.0,0.34699995064507105,1.2009141792386029,1.0346687389585163,1.500288259052467,False,False,False,False,False,False,False,True,False,True,False,True,False,False,False,False,False,False,False,False,False,False,False,False,False,False,False,False,False,False,False,False,False,False,False,False,False,2
1601.0,-0.0827706304291004,0.6405685010807668,-0.5291523900182745,0.6530601215988846,False,False,False,False,False,False,True,False,False,False,False,False,False,False,False,False,False,False,False,False,False,False,False,False,False,False,False,False,False,False,False,False,True,False,False,False,False,2
1602.0,1.349797973151471,0.710611710850496,1.1209073733089905,-0.626611084200017,False,False,False,True,False,False,False,False,True,True,False,False,False,False,False,False,False,False,False,False,False,False,False,False,False,True,False,False,False,False,False,False,False,False,False,False,False,1
1603.0,1.206541112793414,-0.48012285523490594,-1.179878586231363,-1.0512065200938394,False,False,False,True,False,False,False,True,False,True,False,False,False,False,True,False,False,False,False,False,False,False,False,False,False,False,False,False,False,False,False,False,False,False,False,False,False,2
1604.0,1.349797973151471,1.341000598778062,-0.9943554836047312,1.2368922490966123,False,False,False,False,False,True,False,False,False,True,False,False,False,False,False,False,True,False,False,False,False,False,False,False,False,False,False,False,False,False,False,False,False,False,False,False,False,0
1605.0,-0.22602749078715756,0.7806549206202252,1.1990235580153,-1.0665716637309166,False,False,True,False,False,False,False,True,False,False,False,False,False,False,False,False,False,False,False,False,False,False,True,False,False,False,False,False,False,False,False,False,False,False,False,False,False,2
1606.0,-0.7990549322193862,-1.32064137247166,0.11071740352796267,-1.1807238519486927,False,False,False,False,False,False,False,False,True,False,False,True,False,False,False,False,False,False,False,False,False,False,False,False,False,False,False,False,False,False,False,False,False,False,False,False,False,0
1610.0,1.0632842524353567,1.6211734378569798,1.6959790769565288,1.5281186935602808,False,False,True,False,False,False,False,True,False,True,False,False,False,False,False,True,False,False,False,False,False,False,False,False,False,False,False,False,False,False,False,False,False,False,False,False,False,1
1611.0,-0.5125412115032719,0.6405685010807668,1.3110702551318,1.6262686298024205,False,False,False,True,False,False,False,True,False,True,False,False,False,False,True,False,False,False,False,False,False,False,False,False,False,False,False,False,False,False,False,False,False,False,False,False,False,1
1612.0,0.2037430902870139,0.5004820815413076,1.3889368673630096,1.6526004826793061,True,False,False,False,False,False,False,False,False,True,False,False,False,False,False,False,False,False,False,False,False,False,False,False,False,False,False,False,False,False,False,False,False,False,False,True,False,0
1613.0,-0.0827706304291004,-0.7602956943138239,0.10239075822235257,-1.6080105656599788,False,False,False,False,False,True,True,False,False,True,False,False,False,False,False,False,False,False,True,False,False,False,False,False,False,False,False,False,False,False,False,False,False,False,False,False,False,2
1614.0,-0.9423117925774434,-0.9003821138532828,0.5316894480046458,1.5563031179461182,False,False,True,False,False,False,False,False,True,False,False,False,False,False,False,False,False,True,False,False,False,False,False,False,False,False,False,False,False,False,False,False,False,False,False,False,False,1
1616.0,0.9200273920772997,-0.6902524845440944,-0.24766867071568105,1.5431570208161953,False,True,False,False,False,False,True,False,False,False,False,False,False,False,False,False,False,False,False,False,True,False,False,False,False,False,False,False,False,False,False,False,False,False,False,False,False,2
1617.0,0.9200273920772997,0.9907845499294143,0.5834076713674203,0.5960662823994127,False,False,False,True,False,False,False,False,True,False,False,False,False,False,False,False,False,False,False,False,False,False,False,False,True,False,False,False,False,False,False,False,False,False,False,False,False,1
1618.0,0.4902568110031282,-0.3400364356954468,1.6427180419294996,0.7017366675024693,False,False,False,False,True,False,False,False,True,True,False,False,False,False,False,False,False,False,False,False,False,False,False,False,False,False,False,False,False,True,False,False,False,False,False,False,False,0
1619.0,-0.0827706304291004,-1.2505981627019307,-1.508724354785894,-1.3180190464658057,False,False,False,False,False,True,True,False,False,True,False,False,False,False,False,False,False,False,True,False,False,False,False,False,False,False,False,False,False,False,False,False,False,False,False,False,False,1
1620.0,-0.0827706304291004,-1.6708574213203076,-0.9842704867700073,1.3054788895919407,False,False,True,False,False,False,False,False,True,False,False,False,False,False,False,True,False,False,False,False,False,False,False,False,False,False,False,False,False,False,False,False,False,False,False,False,False,1
1621.0,1.0632842524353567,0.15026603269265998,0.6248820790476799,-1.5364451223736466,False,True,False,False,False,False,False,True,False,False,False,False,False,False,False,False,False,False,False,False,False,False,False,False,False,False,False,False,False,False,True,False,False,False,False,False,False,0
1622.0,-0.9423117925774434,1.6912166476267096,-1.3487143656365335,-0.6360975722797495,False,False,False,False,False,True,False,False,False,True,False,False,False,False,False,False,False,False,False,False,False,False,False,False,False,False,False,False,False,False,False,False,False,False,True,False,False,1
1623.0,1.4930548335095282,-0.48012285523490594,-0.7832058254666918,1.7131250404235885,False,False,False,True,False,False,True,False,False,True,False,False,False,False,False,False,False,False,False,True,False,False,False,False,False,False,False,False,False,False,False,False,False,False,False,False,False,0
1624.0,-1.2288255132935577,-0.48012285523490594,0.6575080080653021,-0.27121075480555307,False,False,False,False,False,True,False,False,False,True,False,False,False,False,False,False,False,False,True,False,False,False,False,False,False,False,False,False,False,False,False,False,False,False,False,False,False,2
1625.0,-0.9423117925774434,-0.5501660650046353,-0.013864638360607074,-1.2869601067634031,False,False,True,False,False,False,False,False,True,False,False,False,False,False,False,False,False,False,False,False,False,False,True,False,False,False,False,False,False,False,False,False,False,False,False,False,False,0
1626.0,-0.22602749078715756,0.0802228229229304,1.682127804588477,1.636876942651201,False,False,False,False,False,False,False,False,True,True,False,True,False,False,False,False,False,False,False,False,False,False,False,False,False,False,False,False,False,False,False,False,False,False,False,False,False,2
1627.0,-1.6585960943677291,-0.19995001615598762,-0.33593791747719637,1.6886637523170889,False,False,False,False,False,True,False,True,False,True,False,False,False,False,False,False,False,False,False,False,False,False,False,False,False,False,False,False,False,False,False,False,False,False,True,False,False,1
1628.0,1.6363116938675855,1.341000598778062,-1.6814398517585287,-1.0920005486513087,False,False,False,False,True,False,True,False,False,False,False,False,False,False,False,False,False,False,False,False,False,False,False,False,False,False,False,True,False,False,False,False,False,False,False,False,False,0
1629.0,1.4930548335095282,0.010179613153200814,-1.6217920302096214,1.2723617411070458,False,False,False,False,False,True,False,False,True,False,False,False,False,False,False,False,True,False,False,False,False,False,False,False,False,False,False,False,False,False,False,False,False,False,False,False,False,0
1630.0,0.34699995064507105,0.010179613153200814,-1.5256612504824552,-0.3825093586435349,False,False,False,True,False,False,True,False,False,False,False,False,False,False,False,False,False,False,False,False,False,False,False,False,False,True,False,False,False,False,False,False,False,False,False,False,False,0
1631.0,-0.22602749078715756,-1.2505981627019307,-1.5701532162707423,-0.4140974471158879,False,False,False,True,False,False,True,False,False,True,False,False,False,False,True,False,False,False,False,False,False,False,False,False,False,False,False,False,False,False,False,False,False,False,False,False,False,0
1632.0,0.9200273920772997,1.6912166476267096,-0.23764039489802527,-0.8280790620196743,False,True,False,False,False,False,True,False,False,True,False,False,False,False,False,False,False,False,False,False,False,False,False,False,False,False,False,False,False,False,True,False,False,False,False,False,False,2
1633.0,0.7767705317192425,-0.9003821138532828,0.5767940007772695,-1.5885256995731643,False,False,False,True,False,False,True,False,False,False,False,False,False,False,False,False,False,False,False,True,False,False,False,False,False,False,False,False,False,False,False,False,False,False,False,False,False,2
1634.0,0.6335136713611853,-1.4607277920111192,1.1436978779669886,-0.8095507764642406,True,False,False,False,False,False,True,False,False,True,True,False,False,False,False,False,False,False,False,False,False,False,False,False,False,False,False,False,False,False,False,False,False,False,False,False,False,1
1635.0,0.9200273920772997,0.5705252913110368,0.2526447324359845,-1.55689685085552,False,False,True,False,False,False,False,False,False,True,False,False,False,False,False,False,False,False,False,False,False,False,True,False,False,False,False,False,False,False,False,False,False,False,False,False,False,1
1636.0,1.206541112793414,0.3603956620018484,0.6336057714727674,1.4801648157894247,False,False,True,False,False,False,False,True,False,True,False,False,False,False,False,False,False,False,False,False,False,False,True,False,False,False,False,False,False,False,False,False,False,False,False,False,False,1
1637.0,0.2037430902870139,-0.26999322592571723,0.825708512079309,0.5639082849118188,False,False,False,False,False,False,True,False,False,False,False,False,False,False,False,False,False,False,False,False,False,False,False,False,False,False,False,False,False,False,False,False,False,True,False,False,False,1
1638.0,0.7767705317192425,-0.26999322592571723,0.48454293861756736,1.3484765418610487,False,False,False,False,False,False,False,False,False,False,False,False,False,False,False,False,False,False,False,False,False,False,False,False,False,False,False,False,False,False,False,False,False,True,False,False,False,0
1639.0,0.9200273920772997,0.9907845499294143,-0.9207429476536358,0.7577636443068828,False,False,True,False,False,False,False,False,True,True,False,False,False,True,False,False,False,False,False,False,False,False,False,False,False,False,False,False,False,False,False,False,False,False,False,False,False,2
1640.0,0.34699995064507105,-1.040468533392742,-0.9407427782718792,-1.2865043998768602,False,False,False,False,True,False,True,False,False,True,False,False,False,False,False,False,False,False,False,False,False,False,False,False,False,False,False,True,False,False,False,False,False,False,False,False,False,2
1641.0,0.34699995064507105,1.130870969468873,0.12172128083919129,1.5367117611283625,False,False,False,False,False,False,False,False,True,True,False,False,False,False,False,False,False,False,False,False,False,False,False,False,False,False,False,False,False,False,False,False,False,True,False,False,False,2
1642.0,-1.2288255132935577,0.5004820815413076,0.4016168116638754,1.3947702658574808,False,True,False,False,False,False,True,False,False,True,False,False,False,False,False,False,False,False,False,False,False,True,False,False,False,False,False,False,False,False,False,False,False,False,False,False,False,2
1643.0,-0.7990549322193862,-0.26999322592571723,-1.3035644360502554,-0.5302373399080849,False,False,False,True,False,False,False,False,False,False,False,False,False,False,False,False,False,False,False,False,False,False,False,False,True,False,False,False,False,False,False,False,False,False,False,False,False,1
1644.0,0.06048622992895674,-0.12990680638625834,0.4071981597433852,-1.3554141846591812,False,False,True,False,False,False,False,False,False,False,False,False,False,False,False,True,False,False,False,False,False,False,False,False,False,False,False,False,False,False,False,False,False,False,False,False,False,0
1645.0,-1.3720823736516148,-0.8303389040835536,1.3271223029620973,0.711939213945424,False,False,False,False,False,False,False,False,False,True,False,False,False,False,False,False,False,False,False,False,False,False,False,False,False,False,False,False,False,False,False,False,True,False,False,False,False,2
1646.0,0.4902568110031282,0.9207413401596845,-0.7135070396933015,0.7963834259060767,False,False,True,False,False,False,False,True,False,True,False,False,False,False,False,True,False,False,False,False,False,False,False,False,False,False,False,False,False,False,False,False,False,False,False,False,False,0
1647.0,-0.5125412115032719,0.0802228229229304,0.1943014942796456,1.384081534146369,True,False,False,False,False,False,False,False,True,False,False,False,False,False,False,False,False,False,False,False,False,False,False,False,False,False,False,False,False,False,False,False,False,False,False,False,False,0
1648.0,-0.655798071861329,-0.6202092747743648,-0.36351567597574974,-1.5608079983563805,False,False,False,False,False,True,False,True,False,True,False,False,False,False,False,False,False,False,False,False,False,False,False,False,False,False,False,False,False,False,False,False,False,False,True,False,False,0
1649.0,1.0632842524353567,0.3603956620018484,1.151582099339467,-1.250164988757466,False,False,False,True,False,False,True,False,False,False,False,False,False,False,False,False,False,False,False,False,False,False,False,False,False,True,False,False,False,False,False,False,False,False,False,False,False,0
1650.0,0.06048622992895674,1.7612598573964389,-1.1164758333525415,0.3424876162080412,False,False,True,False,False,False,False,False,True,True,False,False,False,False,False,False,False,True,False,False,False,False,False,False,False,False,False,False,False,False,False,False,False,False,False,False,False,2
1651.0,0.6335136713611853,-0.19995001615598762,-1.551968458198681,0.4153368236163346,False,False,False,False,False,True,False,False,False,False,False,False,False,False,False,False,False,False,False,False,False,False,False,False,False,False,False,False,False,False,False,False,False,False,True,False,False,2
1652.0,0.6335136713611853,1.4810870183175204,-1.0492047071096697,-1.6272501358562133,False,False,False,False,False,False,False,False,True,True,False,False,False,False,False,False,False,False,False,False,False,False,False,False,False,False,False,False,False,False,False,False,True,False,False,False,False,2
1653.0,0.6335136713611853,-0.5501660650046353,-1.150633229831005,-0.3598040659693059,False,False,False,False,False,True,False,False,False,True,False,False,False,False,False,False,False,False,False,False,False,False,False,False,False,False,False,False,False,False,False,False,False,False,True,False,False,1
1654.0,-1.6585960943677291,-1.5307710017808487,1.350502706197605,0.2933447143448196,False,False,False,True,False,False,False,True,False,False,False,False,False,False,False,False,False,False,False,False,False,False,False,False,True,False,False,False,False,False,False,False,False,False,False,False,False,2
1655.0,-0.655798071861329,-1.040468533392742,0.9974370633549572,0.8296988674761713,False,False,True,False,False,False,False,True,False,False,False,False,False,False,False,False,False,False,False,False,False,False,True,False,False,False,False,False,False,False,False,False,False,False,False,False,False,1
1657.0,-0.9423117925774434,-0.9704253236230124,1.5019591659730824,-0.05640499654027944,False,False,False,False,True,False,False,False,False,True,False,False,False,False,False,False,False,False,False,False,False,False,False,False,False,False,False,False,True,False,False,False,False,False,False,False,False,1
1658.0,-1.3720823736516148,-1.7409006310900372,0.5632603661047997,1.0953245730122745,False,False,False,False,False,False,True,False,False,False,False,False,True,False,False,False,False,False,False,False,False,False,False,False,False,False,False,False,False,False,False,False,False,False,False,False,False,2
1659.0,-1.0855686529355004,1.4810870183175204,0.17941789940095287,1.5831556737763626,False,False,True,False,False,False,False,True,False,False,False,False,False,False,False,False,False,True,False,False,False,False,False,False,False,False,False,False,False,False,False,False,False,False,False,False,False,2
1660.0,0.06048622992895674,1.2009141792386029,0.8662526950796503,-0.9410469998675061,False,False,False,True,False,False,False,True,False,True,False,False,False,False,True,False,False,False,False,False,False,False,False,False,False,False,False,False,False,False,False,False,False,False,False,False,False,2
1661.0,0.34699995064507105,0.8506981303899552,-1.6126712906650567,-0.861762080216223,False,False,False,False,False,False,True,False,False,True,False,False,True,False,False,False,False,False,False,False,False,False,False,False,False,False,False,False,False,False,False,False,False,False,False,False,False,1
1662.0,0.2037430902870139,-1.180554952932201,-0.6645681461668683,1.5340487584360103,False,True,False,False,False,False,False,True,False,False,False,False,False,False,False,False,False,False,False,False,False,False,False,False,False,False,False,False,False,False,True,False,False,False,False,False,False,1
1663.0,1.4930548335095282,-1.32064137247166,-0.23976176093637555,-0.36336526289573046,False,False,False,False,False,True,False,False,False,False,False,False,False,False,False,False,False,False,False,False,False,False,False,False,False,False,False,False,False,False,False,False,False,False,True,False,False,0
1664.0,0.4902568110031282,-1.5307710017808487,-1.5114923404188216,0.7614533645292699,False,False,False,False,True,False,False,False,True,False,False,False,False,False,False,False,False,False,False,False,False,False,False,False,False,False,True,False,False,False,False,False,False,False,False,False,False,1
1665.0,0.7767705317192425,0.7806549206202252,-0.207555567445058,0.39138375334301395,False,False,False,True,False,False,False,False,True,False,False,False,False,False,True,False,False,False,False,False,False,False,False,False,False,False,False,False,False,False,False,False,False,False,False,False,False,1
1666.0,1.349797973151471,1.4810870183175204,0.7080350900696446,-0.748227538237903,False,True,False,False,False,False,False,True,False,False,False,False,False,False,False,False,False,False,False,False,False,True,False,False,False,False,False,False,False,False,False,False,False,False,False,False,False,2
1667.0,1.349797973151471,-0.19995001615598762,1.510524039550379,0.5354477190443695,False,False,True,False,False,False,True,False,False,True,False,False,False,False,False,True,False,False,False,False,False,False,False,False,False,False,False,False,False,False,False,False,False,False,False,False,False,0
1668.0,-0.22602749078715756,-1.32064137247166,0.01584583037971019,0.5424375502976676,True,False,False,False,False,False,False,False,False,True,False,False,False,False,False,False,False,False,False,False,False,False,False,False,False,False,False,False,False,False,False,False,False,False,False,False,True,0
1669.0,-1.3720823736516148,0.0802228229229304,-1.3127986176289563,0.32223454802078494,False,False,False,False,False,False,False,False,True,False,False,False,True,False,False,False,False,False,False,False,False,False,False,False,False,False,False,False,False,False,False,False,False,False,False,False,False,0
1670.0,1.349797973151471,-0.5501660650046353,0.8506997921995529,-1.3968313675973623,False,False,False,False,False,True,False,False,False,True,False,False,False,False,False,False,False,False,False,False,False,False,False,False,False,False,False,False,False,False,False,True,False,False,False,False,False,2
1671.0,-0.36928435114521474,-0.4100796454651764,0.6605822871903979,1.727149135269647,False,False,False,False,False,False,False,True,False,True,False,True,False,False,False,False,False,False,False,False,False,False,False,False,False,False,False,False,False,False,False,False,False,False,False,False,False,0
1672.0,-0.36928435114521474,0.4304388717715777,-0.8858935547669408,-0.3476486998465488,False,False,False,False,True,False,False,True,False,False,False,False,False,False,False,False,False,False,False,False,False,False,False,False,False,False,False,False,True,False,False,False,False,False,False,False,False,0
1673.0,1.206541112793414,0.7806549206202252,0.26455614602030414,0.4820345388704248,False,False,True,False,False,False,False,False,True,True,False,False,False,False,False,True,False,False,False,False,False,False,False,False,False,False,False,False,False,False,False,False,False,False,False,False,False,2
1675.0,-0.0827706304291004,-1.6008142115505781,0.5813657147529655,-0.26785960166567374,False,False,False,False,False,True,True,False,False,True,False,False,False,False,False,False,False,False,False,False,False,False,False,False,False,False,False,False,False,False,False,True,False,False,False,False,False,1
1676.0,-1.5153392340096719,1.7612598573964389,0.3566483893322154,0.9553322253270249,False,False,True,False,False,False,False,True,False,False,False,False,False,False,False,True,False,False,False,False,False,False,False,False,False,False,False,False,False,False,False,False,False,False,False,False,False,1
1677.0,-0.5125412115032719,-0.9003821138532828,0.021257015408015393,1.6457020865708503,False,False,False,False,False,False,False,True,False,False,False,True,False,False,False,False,False,False,False,False,False,False,False,False,False,False,False,False,False,False,False,False,False,False,False,False,False,1
1678.0,1.6363116938675855,-1.5307710017808487,-0.6431502901219202,-0.49235711807480376,True,False,False,False,False,False,False,True,False,True,True,False,False,False,False,False,False,False,False,False,False,False,False,False,False,False,False,False,False,False,False,False,False,False,False,False,False,1
1679.0,-1.3720823736516148,-1.1105117431624716,1.432010807724592,-0.33071850967405986,False,False,False,True,False,False,False,False,False,True,False,False,False,False,True,False,False,False,False,False,False,False,False,False,False,False,False,False,False,False,False,False,False,False,False,False,False,1
1680.0,1.6363116938675855,-1.6008142115505781,0.1897638129141905,1.4145955350738888,False,False,True,False,False,False,False,False,False,True,False,False,False,True,False,False,False,False,False,False,False,False,False,False,False,False,False,False,False,False,False,False,False,False,False,False,False,1
1681.0,0.34699995064507105,-0.3400364356954468,-0.013252051376270635,-1.1875847926966112,False,False,False,True,False,False,False,False,True,True,False,False,False,False,False,False,False,False,False,False,False,False,False,False,True,False,False,False,False,False,False,False,False,False,False,False,False,1
1682.0,-1.3720823736516148,1.0608277596991436,0.6252791261671573,-1.6447443596932707,False,False,True,False,False,False,False,False,True,True,False,False,False,False,False,False,False,True,False,False,False,False,False,False,False,False,False,False,False,False,False,False,False,False,False,False,False,1
1683.0,0.9200273920772997,-0.5501660650046353,-0.38002149194259266,1.4261527170562933,True,False,False,False,False,False,False,False,True,True,False,False,False,False,False,False,False,False,False,False,False,False,False,False,False,False,False,False,False,False,False,False,False,False,False,False,False,1
1684.0,0.7767705317192425,-0.19995001615598762,1.2788527174370687,1.1216164000627031,False,False,False,True,False,False,False,True,False,False,False,False,False,False,False,False,False,False,False,False,False,False,False,False,False,True,False,False,False,False,False,False,False,False,False,False,False,2
1685.0,-0.655798071861329,0.6405685010807668,1.023029586256124,1.6483485648394354,False,True,False,False,False,False,False,False,False,True,False,False,False,False,False,False,False,False,False,False,True,False,False,False,False,False,False,False,False,False,False,False,False,False,False,False,False,2
1686.0,0.6335136713611853,0.010179613153200814,-0.36889282839381404,-1.541335250180328,False,False,False,False,False,True,True,False,False,True,False,False,False,False,False,False,False,False,False,False,False,False,False,False,False,False,False,False,False,False,False,False,False,False,True,False,False,1
1687.0,-0.655798071861329,1.270957389008332,1.4001562845390974,-1.1996740611243017,False,True,False,False,False,False,False,True,False,False,False,False,False,False,False,False,False,False,False,False,False,False,False,False,False,False,False,False,False,False,True,False,False,False,False,False,False,2
1688.0,-0.7990549322193862,1.270957389008332,0.028574026609811738,-1.377115526787231,False,False,False,False,False,False,False,True,False,True,False,False,True,False,False,False,False,False,False,False,False,False,False,False,False,False,False,False,False,False,False,False,False,False,False,False,False,2
1689.0,-0.7990549322193862,-1.7409006310900372,0.6529136056827788,0.6395927162290542,True,False,False,False,False,False,False,True,False,True,False,False,False,False,False,False,False,False,False,False,False,False,False,False,False,False,False,False,False,False,False,False,False,False,False,True,False,1
1690.0,-1.3720823736516148,0.9907845499294143,1.1217581885650132,0.36956270094501,False,True,False,False,False,False,True,False,False,True,False,False,False,False,False,False,False,False,False,False,False,False,False,False,False,False,False,False,False,False,True,False,False,False,False,False,False,1
1691.0,-1.6585960943677291,-0.12990680638625834,1.180770734722757,-0.4909602534523954,False,False,True,False,False,False,False,False,True,True,False,False,False,False,False,False,False,True,False,False,False,False,False,False,False,False,False,False,False,False,False,False,False,False,False,False,False,2
1692.0,-1.2288255132935577,1.6912166476267096,0.6721306862654811,-1.5441759822305259,False,False,False,False,False,False,True,False,False,False,False,True,False,False,False,False,False,False,False,False,False,False,False,False,False,False,False,False,False,False,False,False,False,False,False,False,False,1
1694.0,-1.6585960943677291,1.6912166476267096,-0.05133454223585256,0.24436228299684298,False,True,False,False,False,False,True,False,False,False,False,False,False,False,False,False,False,False,False,False,False,True,False,False,False,False,False,False,False,False,False,False,False,False,False,False,False,1
1695.0,0.34699995064507105,0.9207413401596845,-0.9078332441689161,-1.3506353213058624,False,True,False,False,False,False,False,False,False,True,False,False,False,False,False,False,False,False,False,False,False,False,False,True,False,False,False,False,False,False,False,False,False,False,False,False,False,1
1696.0,-1.0855686529355004,-0.9003821138532828,-0.9118944689909985,1.4262246901020323,True,False,False,False,False,False,False,True,False,True,False,False,False,False,False,False,False,False,False,False,False,False,False,False,False,False,False,False,False,False,False,False,False,False,False,False,True,2
1697.0,0.06048622992895674,0.15026603269265998,1.190038948911699,-1.0504632882337566,False,False,False,False,False,True,False,True,False,False,False,False,False,False,False,False,False,False,True,False,False,False,False,False,False,False,False,False,False,False,False,False,False,False,False,False,False,0
1698.0,-0.655798071861329,1.7612598573964389,-1.5943277137452043,0.8492266970647793,False,True,False,False,False,False,False,True,False,True,False,False,False,False,False,False,False,False,False,False,False,False,False,False,False,False,False,False,False,False,True,False,False,False,False,False,False,2
1699.0,-0.655798071861329,1.270957389008332,-1.1531856755990733,1.343080766687108,False,False,False,False,True,False,False,False,True,False,False,False,False,False,False,False,False,False,False,False,False,False,False,False,False,False,False,False,True,False,False,False,False,False,False,False,False,0
1700.0,-1.0855686529355004,-1.3906845822413896,1.6222417547678833,0.27699508226066627,False,True,False,False,False,False,True,False,False,False,False,False,False,False,False,False,False,False,False,False,False,False,False,False,False,False,False,False,False,False,True,False,False,False,False,False,False,0
1701.0,-0.5125412115032719,0.710611710850496,0.4704534379778293,-0.8833672134770092,False,False,False,True,False,False,False,False,False,False,False,False,False,False,False,False,False,False,False,True,False,False,False,False,False,False,False,False,False,False,False,False,False,False,False,False,False,0
1702.0,-1.6585960943677291,-0.5501660650046353,1.521198934962612,-0.6656869398951704,False,False,True,False,False,False,True,False,False,True,False,False,False,False,False,False,False,True,False,False,False,False,False,False,False,False,False,False,False,False,False,False,False,False,False,False,False,2
1703.0,-1.2288255132935577,-1.7409006310900372,-0.2440725582335579,1.3454239299772208,False,False,False,False,True,False,False,True,False,True,False,False,False,False,False,False,False,False,False,False,False,False,False,False,False,False,False,True,False,False,False,False,False,False,False,False,False,2
1704.0,-1.3720823736516148,-0.3400364356954468,-0.49407611306330657,-0.7040302128033352,False,False,False,False,True,False,False,False,False,True,False,False,False,False,False,False,False,False,False,False,False,False,False,False,False,False,False,False,True,False,False,False,False,False,False,False,False,2
1705.0,-1.5153392340096719,-0.9003821138532828,1.2832769567683875,0.858580622544962,False,False,False,True,False,False,False,False,False,True,False,False,False,False,False,False,False,False,False,False,False,False,False,False,True,False,False,False,False,False,False,False,False,False,False,False,False,2
1706.0,-0.655798071861329,1.130870969468873,1.541085323546719,1.7096839209765349,False,False,False,True,False,False,False,True,False,False,False,False,False,False,False,False,False,False,False,False,False,False,False,False,False,True,False,False,False,False,False,False,False,False,False,False,False,2
1707.0,1.4930548335095282,-0.5501660650046353,-1.2005590690544246,1.7433529852152363,False,False,False,False,False,False,True,False,False,True,False,True,False,False,False,False,False,False,False,False,False,False,False,False,False,False,False,False,False,False,False,False,False,False,False,False,False,0
1708.0,-0.5125412115032719,1.130870969468873,-0.03615599806840525,0.11654145864870054,False,False,False,False,False,True,False,True,False,True,False,False,False,False,False,False,False,False,True,False,False,False,False,False,False,False,False,False,False,False,False,False,False,False,False,False,False,2
1709.0,-1.5153392340096719,-1.7409006310900372,0.9728541745576043,1.138933996170166,False,False,True,False,False,False,True,False,False,False,False,False,False,False,False,False,False,False,False,False,False,False,True,False,False,False,False,False,False,False,False,False,False,False,False,False,False,0
1710.0,0.2037430902870139,-0.6902524845440944,0.42060700817830504,1.709979157347833,True,False,False,False,False,False,False,False,False,False,True,False,False,False,False,False,False,False,False,False,False,False,False,False,False,False,False,False,False,False,False,False,False,False,False,False,False,2
1711.0,0.2037430902870139,-0.9003821138532828,0.6164079590976925,-0.43745490371477463,False,False,False,False,True,False,False,False,False,True,False,False,False,False,False,False,False,False,False,False,False,False,False,False,False,False,True,False,False,False,False,False,False,False,False,False,False,2
1712.0,-1.2288255132935577,-0.9003821138532828,0.6349216990687493,-0.8639690088126151,True,False,False,False,False,False,False,True,False,False,False,False,False,False,False,False,False,False,False,False,False,False,False,False,False,False,False,False,False,False,False,False,False,False,False,False,True,1
1713.0,-0.9423117925774434,-1.5307710017808487,-1.0182009991801977,-1.3459952631121832,False,True,False,False,False,False,False,False,False,False,False,False,False,False,False,False,False,False,False,False,True,False,False,False,False,False,False,False,False,False,False,False,False,False,False,False,False,0
1714.0,-0.22602749078715756,-1.1105117431624716,0.9965635596921071,-1.2529701014942114,False,True,False,False,False,False,False,False,True,False,False,False,False,False,False,False,False,False,False,False,False,False,False,False,False,False,False,False,False,False,True,False,False,False,False,False,False,2
1715.0,-1.3720823736516148,0.22030924246238925,1.5841932965185423,1.2331250476872304,True,False,False,False,False,False,False,False,False,False,False,False,False,False,False,False,False,False,False,False,False,False,False,False,False,False,False,False,False,False,False,False,False,False,False,True,False,2
1716.0,-0.655798071861329,-0.6902524845440944,1.4042855745816614,0.30925700001328205,False,True,False,False,False,False,False,False,True,False,False,False,False,False,False,False,False,False,False,False,True,False,False,False,False,False,False,False,False,False,False,False,False,False,False,False,False,2
1717.0,-1.3720823736516148,-0.26999322592571723,1.6891952433151733,1.3034280249977892,False,False,False,False,False,True,False,False,False,True,False,False,False,False,False,False,True,False,False,False,False,False,False,False,False,False,False,False,False,False,False,False,False,False,False,False,False,1
1718.0,0.2037430902870139,-0.4100796454651764,0.14762009723252625,1.0095084666695717,False,False,False,True,False,False,False,True,False,True,False,False,False,False,False,False,False,False,False,True,False,False,False,False,False,False,False,False,False,False,False,False,False,False,False,False,False,0
1719.0,0.06048622992895674,1.341000598778062,-0.3180934855075442,0.605853882201116,False,True,False,False,False,False,False,True,False,True,False,False,False,False,False,False,False,False,False,False,False,False,False,True,False,False,False,False,False,False,False,False,False,False,False,False,False,2
1720.0,0.06048622992895674,1.4110438085477912,-1.2825663155316118,0.38108206035745945,False,False,False,False,False,False,False,False,True,True,False,False,True,False,False,False,False,False,False,False,False,False,False,False,False,False,False,False,False,False,False,False,False,False,False,False,False,2
1721.0,-1.5153392340096719,0.010179613153200814,-0.9541629709102127,-1.5758672565490661,False,True,False,False,False,False,False,True,False,True,False,False,False,False,False,False,False,False,False,False,False,False,False,False,False,False,False,False,False,False,True,False,False,False,False,False,False,2
1722.0,0.06048622992895674,-0.5501660650046353,-1.408010516879618,1.2984255311094948,False,False,True,False,False,False,False,False,False,True,False,False,False,False,False,False,False,False,False,False,False,False,True,False,False,False,False,False,False,False,False,False,False,False,False,False,False,1
1723.0,0.9200273920772997,-1.3906845822413896,-0.3685978791050594,-0.28685938411258294,False,False,False,False,False,True,False,False,False,True,False,False,False,False,False,False,False,False,True,False,False,False,False,False,False,False,False,False,False,False,False,False,False,False,False,False,False,2
1725.0,0.4902568110031282,-1.5307710017808487,0.09927110228360218,-1.6679127034423833,False,False,True,False,False,False,False,False,False,True,False,False,False,True,False,False,False,False,False,False,False,False,False,False,False,False,False,False,False,False,False,False,False,False,False,False,False,0
1726.0,-1.5153392340096719,-0.6902524845440944,-1.1939453984642738,1.5209852834249207,False,False,False,False,False,False,True,False,False,True,False,False,True,False,False,False,False,False,False,False,False,False,False,False,False,False,False,False,False,False,False,False,False,False,False,False,False,0
1727.0,-0.655798071861329,-0.6902524845440944,1.5202800544861073,1.4047032805883304,False,False,False,False,False,True,True,False,False,True,False,False,False,False,False,False,False,False,False,False,False,False,False,False,False,False,False,False,False,False,False,False,False,False,True,False,False,0
1728.0,0.6335136713611853,-0.6202092747743648,1.4638426425032596,0.15072241281475152,False,False,False,False,False,True,False,False,False,False,False,False,False,False,False,False,False,False,False,False,False,False,False,False,False,False,False,False,False,False,False,True,False,False,False,False,False,2
1729.0,1.4930548335095282,-1.180554952932201,-1.6299712008708542,0.2694485615311398,False,False,False,False,False,True,False,True,False,True,False,False,False,False,False,False,False,False,True,False,False,False,False,False,False,False,False,False,False,False,False,False,False,False,False,False,False,1
1730.0,-1.5153392340096719,0.9907845499294143,-1.5014640646011659,0.7149481279086248,False,False,False,False,False,True,False,False,True,True,False,False,False,False,False,False,False,False,False,False,False,False,False,False,False,False,False,False,False,False,False,True,False,False,False,False,False,1
1731.0,-0.36928435114521474,-1.32064137247166,-1.688666109333016,-0.821111630540815,False,False,False,False,False,True,False,True,False,False,False,False,False,False,False,False,False,False,False,False,False,False,False,False,False,False,False,False,False,False,False,True,False,False,False,False,False,1
1732.0,0.4902568110031282,0.5004820815413076,-0.9180884040548447,-0.9703470064623018,False,False,False,False,False,False,False,False,True,True,False,False,True,False,False,False,False,False,False,False,False,False,False,False,False,False,False,False,False,False,False,False,False,False,False,False,False,2
1733.0,-0.9423117925774434,-1.32064137247166,1.0616906314898014,0.6068247838997614,False,True,False,False,False,False,False,True,False,True,False,False,False,False,False,False,False,False,False,False,False,False,False,True,False,False,False,False,False,False,False,False,False,False,False,False,False,1
1734.0,-1.5153392340096719,-1.4607277920111192,-0.5187043786743141,-1.3802206496176956,False,False,True,False,False,False,False,False,False,False,False,False,False,False,False,False,False,True,False,False,False,False,False,False,False,False,False,False,False,False,False,False,False,False,False,False,False,0
1735.0,-1.5153392340096719,1.4110438085477912,1.4549828196372085,-0.1605066630137541,False,False,False,False,False,True,True,False,False,True,False,False,False,False,False,False,False,False,False,False,False,False,False,False,False,False,False,False,False,False,False,False,False,False,True,False,False,2
1736.0,0.06048622992895674,-1.040468533392742,-0.5744384500455164,-0.025507628981373133,False,False,False,False,True,False,False,True,False,False,False,False,False,False,False,False,False,False,False,False,False,False,False,False,False,False,False,True,False,False,False,False,False,False,False,False,False,1
1739.0,-1.5153392340096719,-1.4607277920111192,0.3185999310828744,-0.504979941785449,False,False,True,False,False,False,False,False,True,True,False,False,False,True,False,False,False,False,False,False,False,False,False,False,False,False,False,False,False,False,False,False,False,False,False,False,False,2
1740.0,-0.7990549322193862,1.6211734378569798,-0.5519202062694455,-0.5669322097431708,False,False,False,False,False,False,False,False,False,False,False,False,False,False,False,False,False,False,False,False,False,False,False,False,False,False,False,False,False,False,False,False,True,False,False,False,False,2
1741.0,-1.3720823736516148,-0.9003821138532828,-0.18579738529770076,-0.0028140870084893,True,False,False,False,False,False,True,False,False,False,True,False,False,False,False,False,False,False,False,False,False,False,False,False,False,False,False,False,False,False,False,False,False,False,False,False,False,1
1742.0,-0.655798071861329,1.270957389008332,0.9231098425888027,0.6091198427562423,True,False,False,False,False,False,False,False,True,False,False,False,False,False,False,False,False,False,False,False,False,False,False,False,False,False,False,False,False,False,False,False,False,False,False,False,False,1
1743.0,1.4930548335095282,-1.180554952932201,-0.26898442892990637,1.6331809798687238,False,True,False,False,False,False,False,True,False,True,False,False,False,False,False,False,False,False,False,False,False,True,False,False,False,False,False,False,False,False,False,False,False,False,False,False,False,1
1744.0,0.2037430902870139,1.270957389008332,-1.2924811493151311,-1.2415851407283978,False,False,False,True,False,False,False,False,False,True,False,False,False,False,False,False,False,False,False,True,False,False,False,False,False,False,False,False,False,False,False,False,False,False,False,False,False,2
1745.0,1.6363116938675855,-1.6708574213203076,-1.4820881651706725,1.3010139902901885,False,False,False,True,False,False,False,False,False,False,False,False,False,False,True,False,False,False,False,False,False,False,False,False,False,False,False,False,False,False,False,False,False,False,False,False,False,1
1746.0,1.4930548335095282,0.0802228229229304,1.3021990880623353,-0.753145206750862,False,False,True,False,False,False,False,False,False,False,False,False,False,True,False,False,False,False,False,False,False,False,False,False,False,False,False,False,False,False,False,False,False,False,False,False,False,1
1747.0,1.349797973151471,0.9207413401596845,0.34211646475934543,0.3185003954589363,True,False,False,False,False,False,False,True,False,True,False,False,False,False,False,False,False,False,False,False,False,False,False,False,False,False,False,False,False,False,False,False,False,False,False,False,True,0
1748.0,-0.7990549322193862,1.5511302280872503,-0.23823029347553445,0.1627889142585858,False,True,False,False,False,False,False,True,False,True,False,False,False,False,False,False,False,False,False,False,False,False,False,False,False,False,False,False,False,False,True,False,False,False,False,False,False,0
1749.0,1.206541112793414,1.4110438085477912,1.380054356090131,0.19841153259592365,False,False,False,False,False,False,True,False,False,True,False,True,False,False,False,False,False,False,False,False,False,False,False,False,False,False,False,False,False,False,False,False,False,False,False,False,False,0
1750.0,-0.7990549322193862,1.130870969468873,-1.524379355496714,0.7789317983613954,True,False,False,False,False,False,False,True,False,True,False,False,False,False,False,False,False,False,False,False,False,False,False,False,False,False,False,False,False,False,False,False,False,False,False,False,False,1
1751.0,-1.6585960943677291,1.341000598778062,-0.6639669033859454,-0.41298149769751263,False,True,False,False,False,False,True,False,False,False,False,False,False,False,False,False,False,False,False,False,False,False,False,False,False,False,False,False,False,False,True,False,False,False,False,False,False,2
1752.0,0.6335136713611853,-1.040468533392742,1.1889499053839896,-0.6313201777640988,False,True,False,False,False,False,False,False,False,True,False,False,False,False,False,False,False,False,False,False,False,False,False,False,False,False,False,False,False,False,True,False,False,False,False,False,False,0
1753.0,-0.5125412115032719,-0.7602956943138239,-0.18521883092360525,1.2306070927146078,False,False,False,False,False,True,True,False,False,True,False,False,False,False,False,False,True,False,False,False,False,False,False,False,False,False,False,False,False,False,False,False,False,False,False,False,False,2
1754.0,1.206541112793414,-0.7602956943138239,-1.0874119842068017,-0.9766978933299559,False,False,False,False,False,False,False,False,True,True,False,False,True,False,False,False,False,False,False,False,False,False,False,False,False,False,False,False,False,False,False,False,False,False,False,False,False,1
1755.0,0.06048622992895674,-0.4100796454651764,-0.512884802323118,-1.115710893499968,False,False,False,False,False,True,False,False,False,True,False,False,False,False,False,False,False,False,True,False,False,False,False,False,False,False,False,False,False,False,False,False,False,False,False,False,False,1
1757.0,0.9200273920772997,0.15026603269265998,0.7961908947970235,-1.0098987655619351,False,False,False,False,False,True,True,False,False,True,False,False,False,False,False,False,False,False,True,False,False,False,False,False,False,False,False,False,False,False,False,False,False,False,False,False,False,2
1758.0,1.206541112793414,-1.180554952932201,1.069313936183766,0.06439441654469942,False,False,False,False,True,False,False,False,False,True,False,False,False,False,False,False,False,False,False,False,False,False,False,False,False,False,True,False,False,False,False,False,False,False,False,False,False,0
1759.0,0.9200273920772997,0.710611710850496,0.11747854876249077,0.13408525575705793,False,False,False,False,False,True,False,True,False,False,False,False,False,False,False,False,True,False,False,False,False,False,False,False,False,False,False,False,False,False,False,False,False,False,False,False,False,1
1760.0,1.349797973151471,-1.180554952932201,-1.2006611668851472,-0.8569538401095411,False,False,False,False,True,False,False,False,True,False,False,False,False,False,False,False,False,False,False,False,False,False,False,False,False,False,False,True,False,False,False,False,False,False,False,False,False,2
1761.0,0.6335136713611853,-0.6202092747743648,1.4395320145878339,-1.4923693432561178,True,False,False,False,False,False,True,False,False,False,True,False,False,False,False,False,False,False,False,False,False,False,False,False,False,False,False,False,False,False,False,False,False,False,False,False,False,0
1762.0,1.4930548335095282,0.010179613153200814,0.09709301522818374,0.8531745655073439,False,False,False,True,False,False,True,False,False,True,False,False,False,False,False,False,False,False,False,False,False,False,False,False,False,True,False,False,False,False,False,False,False,False,False,False,False,1
1763.0,1.4930548335095282,1.0608277596991436,-1.3208756904594665,0.8996919200387513,False,True,False,False,False,False,False,False,False,False,False,False,False,False,False,False,False,False,False,False,False,True,False,False,False,False,False,False,False,False,False,False,False,False,False,False,False,0
1764.0,-0.36928435114521474,0.8506981303899552,0.09376916362798787,1.7364446744525204,False,False,False,False,True,False,False,True,False,True,False,False,False,False,False,False,False,False,False,False,False,False,False,False,False,False,True,False,False,False,False,False,False,False,False,False,False,2
1765.0,-0.36928435114521474,0.5004820815413076,0.5594033369441629,1.3952465364713778,False,False,False,False,False,False,False,False,False,True,False,False,False,False,False,False,False,False,False,False,False,False,False,False,False,False,False,False,False,False,False,False,False,True,False,False,False,2
1766.0,-1.2288255132935577,-1.180554952932201,1.2185582762935843,1.4860607301893698,False,False,False,False,False,True,False,False,False,True,False,False,False,False,False,False,True,False,False,False,False,False,False,False,False,False,False,False,False,False,False,False,False,False,False,False,False,2
1767.0,-0.655798071861329,0.15026603269265998,-1.1111894345617863,1.0400283429477644,False,False,False,False,True,False,True,False,False,True,False,False,False,False,False,False,False,False,False,False,False,False,False,False,False,False,True,False,False,False,False,False,False,False,False,False,False,2
1768.0,1.349797973151471,-1.4607277920111192,-1.0664025194847446,0.40267801338281956,False,False,False,False,False,False,False,False,False,False,False,False,True,False,False,False,False,False,False,False,False,False,False,False,False,False,False,False,False,False,False,False,False,False,False,False,False,2
1769.0,1.0632842524353567,-0.4100796454651764,-1.2004002502066335,-1.2960657986776687,False,False,False,True,False,False,False,False,True,True,False,False,False,False,False,False,False,False,False,True,False,False,False,False,False,False,False,False,False,False,False,False,False,False,False,False,False,0
1770.0,1.0632842524353567,-0.26999322592571723,1.6972950045525108,0.4264360954556937,False,False,False,True,False,False,False,False,False,True,False,False,False,False,False,False,False,False,False,False,False,False,False,False,True,False,False,False,False,False,False,False,False,False,False,False,False,0
1771.0,0.7767705317192425,-1.6008142115505781,-0.6602460046662723,-1.549295615922855,False,False,False,False,False,True,False,False,False,False,False,False,False,False,False,False,True,False,False,False,False,False,False,False,False,False,False,False,False,False,False,False,False,False,False,False,False,0
1772.0,0.2037430902870139,-0.7602956943138239,1.624385809213061,1.3438596178606432,False,False,True,False,False,False,True,False,False,False,False,False,False,False,False,True,False,False,False,False,False,False,False,False,False,False,False,False,False,False,False,False,False,False,False,False,False,0
1773.0,0.7767705317192425,1.6211734378569798,0.5332322596689005,-0.06366839880927053,False,False,False,False,False,True,False,False,False,False,False,False,False,False,False,False,False,False,True,False,False,False,False,False,False,False,False,False,False,False,False,False,False,False,False,False,False,1
1774.0,0.2037430902870139,1.6211734378569798,0.49112257659747727,0.6886294945707522,True,False,False,False,False,False,False,True,False,True,False,False,False,False,False,False,False,False,False,False,False,False,False,False,False,False,False,False,False,False,False,False,False,False,False,False,False,1
1775.0,1.0632842524353567,-0.48012285523490594,1.1301869317013462,-1.5622456232240802,False,False,False,False,True,False,True,False,False,False,False,False,False,False,False,False,False,False,False,False,False,False,False,False,False,False,False,False,True,False,False,False,False,False,False,False,False,0
1776.0,1.206541112793414,-1.6008142115505781,-1.4097234915950774,0.11922282181190427,False,True,False,False,False,False,False,False,False,True,False,False,False,False,False,False,False,False,False,False,True,False,False,False,False,False,False,False,False,False,False,False,False,False,False,False,False,1
1777.0,1.6363116938675855,-1.1105117431624716,-0.9952062988607541,-0.6935430790621769,False,False,True,False,False,False,False,False,True,True,False,False,False,False,False,False,False,False,False,False,False,False,True,False,False,False,False,False,False,False,False,False,False,False,False,False,False,1
1778.0,0.34699995064507105,-0.3400364356954468,0.9713680839104176,-0.7503881984477485,False,False,False,False,False,True,False,False,True,False,False,False,False,False,False,False,True,False,False,False,False,False,False,False,False,False,False,False,False,False,False,False,False,False,False,False,False,2
1779.0,1.349797973151471,1.5511302280872503,0.4997782038020829,-0.3851866825031515,False,False,False,False,False,False,True,False,False,False,False,False,False,False,False,False,False,False,False,False,False,False,False,False,False,False,False,False,False,False,False,False,False,True,False,False,False,0
1780.0,-1.2288255132935577,-1.2505981627019307,-0.7359004972318224,-1.7422663678322772,False,False,True,False,False,False,True,False,False,False,False,False,False,True,False,False,False,False,False,False,False,False,False,False,False,False,False,False,False,False,False,False,False,False,False,False,False,1
1781.0,0.06048622992895674,0.9207413401596845,-1.639216726652969,-0.11655573509801799,False,False,False,False,True,False,False,False,False,True,False,False,False,False,False,False,False,False,False,False,False,False,False,False,False,False,True,False,False,False,False,False,False,False,False,False,False,1
1782.0,1.4930548335095282,-1.3906845822413896,-1.6691654236649727,-0.047114598289244476,False,False,True,False,False,False,False,True,False,True,False,False,False,False,False,False,False,True,False,False,False,False,False,False,False,False,False,False,False,False,False,False,False,False,False,False,False,0
1783.0,-0.655798071861329,1.6912166476267096,-0.621800499297454,1.2665260490514947,False,False,False,False,True,False,False,False,False,True,False,False,False,False,False,False,False,False,False,False,False,False,False,False,False,False,False,False,True,False,False,False,False,False,False,False,False,2
1784.0,0.7767705317192425,-0.4100796454651764,0.6179053939482927,-0.17982040951222977,False,False,False,False,False,True,False,False,True,True,False,False,False,False,False,False,False,False,False,False,False,False,False,False,False,False,False,False,False,False,False,True,False,False,False,False,False,0
1785.0,-0.0827706304291004,0.9907845499294143,-0.8118385948827135,-0.47623478861979635,False,False,False,False,True,False,False,True,False,True,False,False,False,False,False,False,False,False,False,False,False,False,False,False,False,False,False,False,True,False,False,False,False,False,False,False,False,2
1786.0,1.4930548335095282,-0.5501660650046353,-0.1237786252353432,1.7256674452719027,False,False,True,False,False,False,False,True,False,True,False,False,False,False,False,False,False,True,False,False,False,False,False,False,False,False,False,False,False,False,False,False,False,False,False,False,False,1
1787.0,0.2037430902870139,0.4304388717715777,-0.28232521214434436,0.24817465116452064,False,False,False,False,False,False,False,True,False,False,False,False,False,False,False,False,False,False,False,False,False,False,False,False,False,False,False,False,False,False,False,False,False,True,False,False,False,2
1788.0,-1.5153392340096719,-1.040468533392742,-1.12610706205072,-0.09579114419282925,False,False,False,True,False,False,False,False,False,True,False,False,False,False,False,False,False,False,False,False,False,False,False,False,True,False,False,False,False,False,False,False,False,False,False,False,False,2
1790.0,1.6363116938675855,1.5511302280872503,0.5814905009905156,1.0783231442128802,False,False,False,False,True,False,True,False,False,False,False,False,False,False,False,False,False,False,False,False,False,False,False,False,False,False,True,False,False,False,False,False,False,False,False,False,False,1
1791.0,-1.5153392340096719,1.4810870183175204,-0.37379352426850554,-0.5560510602975318,False,False,False,True,False,False,False,False,False,False,False,False,False,False,True,False,False,False,False,False,False,False,False,False,False,False,False,False,False,False,False,False,False,False,False,False,False,0
1792.0,-0.22602749078715756,1.341000598778062,-0.8531768721220094,-0.38691513722914445,False,False,False,False,True,False,True,False,False,False,False,False,False,False,False,False,False,False,False,False,False,False,False,False,False,False,True,False,False,False,False,False,False,False,False,False,False,0
1793.0,-0.5125412115032719,0.4304388717715777,1.671328122938694,0.8923591151899403,False,False,False,False,False,False,False,True,False,False,False,True,False,False,False,False,False,False,False,False,False,False,False,False,False,False,False,False,False,False,False,False,False,False,False,False,False,1
1794.0,-0.0827706304291004,1.0608277596991436,-1.2667071191593462,-1.4898939845758719,False,False,False,False,True,False,False,True,False,True,False,False,False,False,False,False,False,False,False,False,False,False,False,False,False,False,True,False,False,False,False,False,False,False,False,False,False,0
1795.0,0.6335136713611853,-1.5307710017808487,-1.6680990685440906,1.2736363249935814,False,False,False,False,False,True,False,False,False,True,False,False,False,False,False,False,False,False,False,False,False,False,False,False,False,False,False,False,False,False,False,False,False,False,True,False,False,0
1796.0,0.34699995064507105,-0.5501660650046353,-0.44378725933065044,-0.2437394511076014,False,True,False,False,False,False,False,False,True,True,False,False,False,False,False,False,False,False,False,False,False,True,False,False,False,False,False,False,False,False,False,False,False,False,False,False,False,2
1797.0,0.6335136713611853,-0.6202092747743648,-0.7819012420741235,0.2833371561023115,False,False,True,False,False,False,False,True,False,True,False,False,False,False,False,False,False,False,False,False,False,False,True,False,False,False,False,False,False,False,False,False,False,False,False,False,False,0
1799.0,1.349797973151471,-0.48012285523490594,-1.2899400477504763,-0.8163779339457916,False,False,False,False,True,False,True,False,False,False,False,False,False,False,False,False,False,False,False,False,False,False,False,False,False,False,False,False,False,True,False,False,False,False,False,False,False,0
1800.0,-0.9423117925774434,-1.2505981627019307,-1.112357887513391,1.361354576116535,False,False,False,False,False,False,False,False,False,False,False,False,True,False,False,False,False,False,False,False,False,False,False,False,False,False,False,False,False,False,False,False,False,False,False,False,False,2
1801.0,0.6335136713611853,0.3603956620018484,-0.6666327911881503,1.671518744635633,False,False,True,False,False,False,True,False,False,True,False,False,False,True,False,False,False,False,False,False,False,False,False,False,False,False,False,False,False,False,False,False,False,False,False,False,False,0
1802.0,1.4930548335095282,1.130870969468873,-0.7829449087881781,-0.020226423145547654,False,False,False,False,True,False,False,False,True,True,False,False,False,False,False,False,False,False,False,False,False,False,False,False,False,False,False,False,False,True,False,False,False,False,False,False,False,0
1803.0,1.6363116938675855,-0.4100796454651764,-0.3454670483446521,1.5239989711105433,False,False,False,True,False,False,False,True,False,True,False,False,False,False,False,False,False,False,False,True,False,False,False,False,False,False,False,False,False,False,False,False,False,False,False,False,False,0
1804.0,0.7767705317192425,-1.2505981627019307,0.12839167244641028,-1.7405599456713063,True,False,False,False,False,False,True,False,False,True,False,False,False,False,False,False,False,False,False,False,False,False,False,False,False,False,False,False,False,False,False,False,False,False,False,False,True,2
1805.0,-0.655798071861329,-1.040468533392742,0.32970590622482576,1.3750419399271703,False,False,False,False,True,False,True,False,False,False,False,False,False,False,False,False,False,False,False,False,False,False,False,False,False,False,False,False,False,True,False,False,False,False,False,False,False,1
1806.0,-0.5125412115032719,-0.9003821138532828,-0.7597346686038753,-0.6594186751463497,False,True,False,False,False,False,False,True,False,False,False,False,False,False,False,False,False,False,False,False,False,True,False,False,False,False,False,False,False,False,False,False,False,False,False,False,False,1
1807.0,-0.9423117925774434,-0.6902524845440944,-1.1356702255284166,-0.6578484876790995,False,False,True,False,False,False,False,False,False,True,False,False,False,False,False,False,False,True,False,False,False,False,False,False,False,False,False,False,False,False,False,False,False,False,False,False,False,2
1808.0,-1.0855686529355004,0.5004820815413076,1.5025717529574187,-0.9488116429907525,False,True,False,False,False,False,True,False,False,True,False,False,False,False,False,False,False,False,False,False,True,False,False,False,False,False,False,False,False,False,False,False,False,False,False,False,False,2
1809.0,-0.0827706304291004,0.3603956620018484,-1.0790853389011916,-0.6385975339909372,False,False,True,False,False,False,False,False,False,False,False,False,False,False,False,True,False,False,False,False,False,False,False,False,False,False,False,False,False,False,False,False,False,False,False,False,False,0
1810.0,-0.22602749078715756,0.710611710850496,0.6373833912095087,-0.9997582775104596,False,False,False,False,True,False,False,False,False,False,False,False,False,False,False,False,False,False,False,False,False,False,False,False,False,False,False,False,True,False,False,False,False,False,False,False,False,1
1811.0,-1.6585960943677291,-0.48012285523490594,0.4383039655035799,1.4156178460909201,False,False,False,False,False,True,True,False,False,False,False,False,False,False,False,False,False,False,True,False,False,False,False,False,False,False,False,False,False,False,False,False,False,False,False,False,False,2
1812.0,-0.22602749078715756,1.130870969468873,1.4270760792396595,1.3917374832821725,False,False,False,True,False,False,False,False,True,False,False,False,False,False,False,False,False,False,False,False,False,False,False,False,False,True,False,False,False,False,False,False,False,False,False,False,False,1
1813.0,0.9200273920772997,-1.040468533392742,-0.3284393990207818,-1.3879342506319738,False,False,False,False,True,False,False,False,False,True,False,False,False,False,False,False,False,False,False,False,False,False,False,False,False,False,False,True,False,False,False,False,False,False,False,False,False,0
1814.0,-0.5125412115032719,-0.12990680638625834,0.5017861278062967,-1.2461370686619877,False,True,False,False,False,False,True,False,False,False,False,False,False,False,False,False,False,False,False,False,False,True,False,False,False,False,False,False,False,False,False,False,False,False,False,False,False,2
1815.0,-1.5153392340096719,1.0608277596991436,-0.09014306211390728,1.2626457471416652,True,False,False,False,False,False,False,False,False,False,True,False,False,False,False,False,False,False,False,False,False,False,False,False,False,False,False,False,False,False,False,False,False,False,False,False,False,1
1816.0,-0.0827706304291004,-1.1105117431624716,-0.703285912417614,-0.3528068905276669,True,False,False,False,False,False,False,True,False,False,False,False,False,False,False,False,False,False,False,False,False,False,False,False,False,False,False,False,False,False,False,False,False,False,False,True,False,1
1817.0,-1.2288255132935577,-1.3906845822413896,1.6633985247525611,-1.1539946784825725,False,False,False,False,False,False,False,False,True,False,False,False,False,False,False,False,False,False,False,False,False,False,False,False,False,False,False,False,False,False,False,False,False,True,False,False,False,0
1818.0,-1.2288255132935577,1.341000598778062,0.3673119405410349,0.03696754518620919,False,False,True,False,False,False,False,False,True,True,False,False,False,False,False,True,False,False,False,False,False,False,False,False,False,False,False,False,False,False,False,False,False,False,False,False,False,2
1819.0,0.7767705317192425,-0.5501660650046353,-1.3535356520873296,-0.2909552379502132,False,True,False,False,False,False,False,True,False,True,False,False,False,False,False,False,False,False,False,False,False,True,False,False,False,False,False,False,False,False,False,False,False,False,False,False,False,1
1820.0,0.34699995064507105,0.6405685010807668,0.12988910729701048,-0.9799543064402396,False,False,False,False,False,False,False,True,False,True,False,True,False,False,False,False,False,False,False,False,False,False,False,False,False,False,False,False,False,False,False,False,False,False,False,False,False,0
1821.0,0.9200273920772997,-1.6708574213203076,0.4767381266689846,0.7698393259861432,False,True,False,False,False,False,False,False,False,True,False,False,False,False,False,False,False,False,False,False,False,False,False,True,False,False,False,False,False,False,False,False,False,False,False,False,False,1
1822.0,0.06048622992895674,0.710611710850496,-1.5046404415569843,0.457748776865269,False,False,True,False,False,False,False,True,False,True,False,False,False,False,False,False,False,False,False,False,False,False,True,False,False,False,False,False,False,False,False,False,False,False,False,False,False,0
1824.0,0.6335136713611853,-1.5307710017808487,0.5941960088137899,1.4837047145696611,False,False,False,False,True,False,False,True,False,False,False,False,False,False,False,False,False,False,False,False,False,False,False,False,False,False,True,False,False,False,False,False,False,False,False,False,False,1
1825.0,-0.9423117925774434,0.3603956620018484,0.968066920717049,0.20371954471919296,True,False,False,False,False,False,True,False,False,False,True,False,False,False,False,False,False,False,False,False,False,False,False,False,False,False,False,False,False,False,False,False,False,False,False,False,False,0
1826.0,0.4902568110031282,-0.9003821138532828,1.5871427894060883,-0.8716613116807053,False,False,False,False,True,False,True,False,False,False,False,False,False,False,False,False,False,False,False,False,False,False,False,False,False,False,False,False,True,False,False,False,False,False,False,False,False,2
1827.0,1.6363116938675855,-0.4100796454651764,-0.22458321676892823,-1.0248504313954288,False,False,False,False,True,False,False,False,False,False,False,False,False,False,False,False,False,False,False,False,False,False,False,False,False,False,True,False,False,False,False,False,False,False,False,False,False,0
1828.0,-0.0827706304291004,-1.4607277920111192,1.0147936945778229,-1.2702439996810468,False,False,False,False,False,True,False,False,True,True,False,False,False,False,False,False,False,False,False,False,False,False,False,False,False,False,False,False,False,False,False,False,False,False,True,False,False,2
1829.0,0.9200273920772997,-1.2505981627019307,-0.35120721527195276,-0.2631541801957622,True,False,False,False,False,False,True,False,False,False,False,False,False,False,False,False,False,False,False,False,False,False,False,False,False,False,False,False,False,False,False,False,False,False,False,False,True,1
1830.0,-1.0855686529355004,-0.6902524845440944,1.614176026140787,-1.2716636312873115,False,False,False,False,False,False,False,True,False,True,False,True,False,False,False,False,False,False,False,False,False,False,False,False,False,False,False,False,False,False,False,False,False,False,False,False,False,1
1831.0,0.6335136713611853,-1.4607277920111192,-0.08371089877837469,-0.2939259621340422,False,False,False,True,False,False,True,False,False,False,False,False,False,False,False,False,False,False,False,False,False,False,False,False,True,False,False,False,False,False,False,False,False,False,False,False,False,0
1832.0,1.4930548335095282,1.4810870183175204,-1.240218404188502,-1.225513118963524,False,False,False,False,False,True,True,False,False,False,False,False,False,False,False,False,False,False,False,False,False,False,False,False,False,False,False,False,False,False,False,True,False,False,False,False,False,0
1833.0,-1.6585960943677291,-1.7409006310900372,0.22533923481935847,0.5467687853716189,False,False,False,False,False,False,False,False,False,False,False,False,False,False,False,False,False,False,False,False,False,False,False,False,False,False,False,False,False,False,False,False,True,False,False,False,False,2
1834.0,1.6363116938675855,-0.05986359661652877,0.06455783983787068,0.9948112769620849,False,False,True,False,False,False,False,True,False,True,False,False,False,True,False,False,False,False,False,False,False,False,False,False,False,False,False,False,False,False,False,False,False,False,False,False,False,2
1835.0,1.4930548335095282,-1.32064137247166,1.5449536969107696,0.17250711148046888,False,False,False,False,False,True,False,True,False,False,False,False,False,False,False,False,True,False,False,False,False,False,False,False,False,False,False,False,False,False,False,False,False,False,False,False,False,2
1836.0,-0.36928435114521474,-0.6902524845440944,-1.6493924771150021,0.6278739621031537,False,False,False,False,False,False,False,True,False,True,False,False,True,False,False,False,False,False,False,False,False,False,False,False,False,False,False,False,False,False,False,False,False,False,False,False,False,0
1837.0,0.34699995064507105,1.4810870183175204,-0.6016078172211787,1.52902716965803,False,False,True,False,False,False,False,False,False,True,False,False,False,False,False,False,False,False,False,False,False,False,True,False,False,False,False,False,False,False,False,False,False,False,False,False,False,1
1839.0,1.206541112793414,1.6211734378569798,1.2405206541023868,-0.47413508517317904,False,False,False,True,False,False,False,True,False,True,False,False,False,False,False,False,False,False,False,True,False,False,False,False,False,False,False,False,False,False,False,False,False,False,False,False,False,1
1840.0,1.206541112793414,-1.040468533392742,1.258115513596939,-0.17649018730912153,False,False,True,False,False,False,True,False,False,True,False,False,False,False,False,False,False,True,False,False,False,False,False,False,False,False,False,False,False,False,False,False,False,False,False,False,False,0
1841.0,-0.22602749078715756,0.8506981303899552,-0.01952539586401231,1.2574361471421616,False,False,False,False,True,False,True,False,False,False,False,False,False,False,False,False,False,False,False,False,False,False,False,False,False,False,False,False,False,True,False,False,False,False,False,False,False,0
1842.0,0.06048622992895674,0.15026603269265998,-0.19559877704708378,-1.2884807209593532,False,True,False,False,False,False,False,True,False,False,False,False,False,False,False,False,False,False,False,False,False,True,False,False,False,False,False,False,False,False,False,False,False,False,False,False,False,2
1843.0,-1.0855686529355004,1.341000598778062,1.6322473421787118,-0.6081668896010848,False,False,True,False,False,False,False,False,True,False,False,False,False,True,False,False,False,False,False,False,False,False,False,False,False,False,False,False,False,False,False,False,False,False,False,False,False,1
1844.0,-1.6585960943677291,0.22030924246238925,-0.08137399287516531,0.26933839870602866,False,False,True,False,False,False,False,False,True,False,False,False,False,False,False,True,False,False,False,False,False,False,False,False,False,False,False,False,False,False,False,False,False,False,False,False,False,0
1845.0,1.6363116938675855,0.15026603269265998,-0.5199182084395734,0.6150807532230033,False,False,False,True,False,False,False,True,False,False,False,False,False,False,False,False,False,False,False,False,False,False,False,False,False,True,False,False,False,False,False,False,False,False,False,False,False,0
1846.0,-0.0827706304291004,-1.040468533392742,-1.0946268975778752,0.9189612341977655,False,True,False,False,False,False,False,False,True,False,False,False,False,False,False,False,False,False,False,False,False,False,False,True,False,False,False,False,False,False,False,False,False,False,False,False,False,1
1847.0,-0.22602749078715756,-1.180554952932201,-1.6762555507984962,-0.6344359496676573,False,False,False,False,True,False,False,False,False,True,False,False,False,False,False,False,False,False,False,False,False,False,False,False,False,False,True,False,False,False,False,False,False,False,False,False,False,0
1849.0,-1.2288255132935577,-0.6202092747743648,-1.3785609648178145,1.586449175037767,False,False,False,False,False,False,False,False,False,False,False,True,False,False,False,False,False,False,False,False,False,False,False,False,False,False,False,False,False,False,False,False,False,False,False,False,False,2
1850.0,0.34699995064507105,-0.4100796454651764,1.0730461791068528,-1.4780037436522153,False,False,True,False,False,False,True,False,False,True,False,False,False,False,False,False,False,True,False,False,False,False,False,False,False,False,False,False,False,False,False,False,False,False,False,False,False,2
1851.0,-0.5125412115032719,0.9207413401596845,1.1754843359320017,-1.4102811469151748,False,True,False,False,False,False,False,False,True,False,False,False,False,False,False,False,False,False,False,False,False,False,False,False,False,False,False,False,False,False,True,False,False,False,False,False,False,1
1852.0,1.206541112793414,-0.5501660650046353,1.0117080712493134,-0.017895377766196943,False,True,False,False,False,False,False,False,True,True,False,False,False,False,False,False,False,False,False,False,False,True,False,False,False,False,False,False,False,False,False,False,False,False,False,False,False,2
1853.0,1.0632842524353567,1.6211734378569798,1.160192349730418,1.1135212684641236,False,False,False,False,True,False,False,True,False,False,False,False,False,False,False,False,False,False,False,False,False,False,False,False,False,False,False,True,False,False,False,False,False,False,False,False,False,1
1854.0,0.9200273920772997,0.8506981303899552,1.692836732610951,0.957352244330145,False,False,False,True,False,False,False,False,True,False,False,False,False,False,False,False,False,False,False,True,False,False,False,False,False,False,False,False,False,False,False,False,False,False,False,False,False,0
1855.0,0.9200273920772997,0.3603956620018484,0.16106297827768698,1.5266568328710564,True,False,False,False,False,False,False,False,True,True,False,False,False,False,False,False,False,False,False,False,False,False,False,False,False,False,False,False,False,False,False,False,False,False,False,False,True,0
1857.0,-1.0855686529355004,-1.6008142115505781,-1.6488479553511475,-0.43377656698431555,False,False,False,True,False,False,False,True,False,True,False,False,False,False,True,False,False,False,False,False,False,False,False,False,False,False,False,False,False,False,False,False,False,False,False,False,False,0
1858.0,-0.36928435114521474,-0.8303389040835536,0.7985504891070602,-0.7602474040857737,False,False,False,False,False,True,True,False,False,False,False,False,False,False,False,False,False,False,False,False,False,False,False,False,False,False,False,False,False,False,False,True,False,False,False,False,False,2
1859.0,0.6335136713611853,-0.12990680638625834,1.6321906211616437,1.258639125192375,False,False,False,False,False,False,False,False,True,False,False,False,False,False,False,False,False,False,False,False,False,False,False,False,False,False,False,False,False,False,False,False,False,True,False,False,False,0
1860.0,-1.0855686529355004,-0.9704253236230124,-1.1308489390776206,-0.04087717913145473,False,False,False,True,False,False,True,False,False,True,False,False,False,False,True,False,False,False,False,False,False,False,False,False,False,False,False,False,False,False,False,False,False,False,False,False,False,0
1861.0,1.349797973151471,0.8506981303899552,-0.18108954088104112,-1.650838567178416,False,False,False,False,False,False,True,False,False,False,False,False,False,False,False,False,False,False,False,False,False,False,False,False,False,False,False,False,False,False,False,False,False,True,False,False,False,1
1862.0,0.4902568110031282,1.4810870183175204,0.9868756099768604,0.7252292571668254,True,False,False,False,False,False,False,False,False,False,False,False,False,False,False,False,False,False,False,False,False,False,False,False,False,False,False,False,False,False,False,False,False,False,False,False,False,2
1864.0,-0.5125412115032719,-0.5501660650046353,-0.46827939450069433,0.10840262912949349,True,False,False,False,False,False,False,False,True,False,True,False,False,False,False,False,False,False,False,False,False,False,False,False,False,False,False,False,False,False,False,False,False,False,False,False,False,0
1865.0,-1.3720823736516148,1.6211734378569798,-0.6846700746158344,1.3734710180410863,False,False,False,False,True,False,False,False,False,True,False,False,False,False,False,False,False,False,False,False,False,False,False,False,False,False,False,False,True,False,False,False,False,False,False,False,False,1
1866.0,0.34699995064507105,-0.19995001615598762,0.6816371287261096,-0.8488700920028895,False,False,False,False,False,True,True,False,False,False,False,False,False,False,False,False,False,False,False,False,False,False,False,False,False,False,False,False,False,False,False,False,False,False,True,False,False,1
1867.0,0.4902568110031282,-0.05986359661652877,1.3339515134171074,-0.9063365297220879,False,False,True,False,False,False,False,False,True,True,False,False,False,True,False,False,False,False,False,False,False,False,False,False,False,False,False,False,False,False,False,False,False,False,False,False,False,2
1869.0,0.2037430902870139,1.4110438085477912,-1.1726069518432212,-0.5650109700732335,False,False,False,False,False,True,False,False,False,True,False,False,False,False,False,False,False,False,False,False,False,False,False,False,False,False,False,False,False,False,False,True,False,False,False,False,False,1
1870.0,-1.3720823736516148,0.22030924246238925,0.715726459984091,-1.3699938673532166,False,False,False,False,True,False,False,True,False,True,False,False,False,False,False,False,False,False,False,False,False,False,False,False,False,False,False,False,True,False,False,False,False,False,False,False,False,1
1871.0,-0.0827706304291004,0.9207413401596845,0.10195967849263433,0.6877463559227782,False,False,False,False,True,False,True,False,False,False,False,False,False,False,False,False,False,False,False,False,False,False,False,False,False,False,False,False,False,True,False,False,False,False,False,False,False,1
1872.0,-0.5125412115032719,1.130870969468873,-1.136407598750303,-1.0209888571658683,True,False,False,False,False,False,False,False,True,False,False,False,False,False,False,False,False,False,False,False,False,False,False,False,False,False,False,False,False,False,False,False,False,False,False,False,False,2
1873.0,-0.7990549322193862,-0.5501660650046353,0.43623932048229785,1.4863526616759146,False,False,False,False,False,False,False,True,False,True,False,False,True,False,False,False,False,False,False,False,False,False,False,False,False,False,False,False,False,False,False,False,False,False,False,False,False,1
1876.0,0.7767705317192425,-0.48012285523490594,-1.5770618361496478,-0.7083452906629365,False,False,False,False,False,True,False,True,False,False,False,False,False,False,False,False,False,False,False,False,False,False,False,False,False,False,False,False,False,False,False,False,False,False,True,False,False,0
1877.0,-1.0855686529355004,1.0608277596991436,1.6522698612037825,0.9365399162007413,False,True,False,False,False,False,False,True,False,False,False,False,False,False,False,False,False,False,False,False,False,False,False,False,False,False,False,False,False,False,True,False,False,False,False,False,False,0
1878.0,0.06048622992895674,1.5511302280872503,0.4781561520956893,-0.25279630416940085,False,False,False,False,False,False,False,True,False,True,False,False,False,False,False,False,False,False,False,False,False,False,False,False,False,False,False,False,False,False,False,False,True,False,False,False,False,2
1880.0,-1.5153392340096719,0.8506981303899552,-1.2176094067851222,0.9934566414226357,False,False,False,True,False,False,False,False,True,False,False,False,False,False,False,False,False,False,False,False,False,False,False,False,True,False,False,False,False,False,False,False,False,False,False,False,False,0
1881.0,0.4902568110031282,1.0608277596991436,0.7378703450475119,1.4980203736928466,False,False,True,False,False,False,True,False,False,False,False,False,False,True,False,False,False,False,False,False,False,False,False,False,False,False,False,False,False,False,False,False,False,False,False,False,False,1
1882.0,-0.5125412115032719,1.2009141792386029,-0.4900035440378106,0.8949082829630107,True,False,False,False,False,False,True,False,False,False,False,False,False,False,False,False,False,False,False,False,False,False,False,False,False,False,False,False,False,False,False,False,False,False,False,False,False,0
1883.0,-0.5125412115032719,-0.3400364356954468,1.0605562111484377,-1.5634056377725,False,False,True,False,False,False,False,False,False,False,False,False,False,False,False,True,False,False,False,False,False,False,False,False,False,False,False,False,False,False,False,False,False,False,False,False,False,2
1885.0,-0.22602749078715756,-0.3400364356954468,0.35629671902639265,1.5279593246732865,False,False,False,False,False,False,True,False,False,True,False,False,False,False,False,False,False,False,False,False,False,False,False,False,False,False,False,False,False,False,False,False,True,False,False,False,False,1
1886.0,1.349797973151471,0.6405685010807668,-0.464751347239053,1.7219769906306812,False,False,False,False,False,True,False,True,False,False,False,False,False,False,False,False,True,False,False,False,False,False,False,False,False,False,False,False,False,False,False,False,False,False,False,False,False,2
1887.0,1.6363116938675855,-0.12990680638625834,-1.362792522072858,-1.3075025359712844,False,False,False,False,False,True,False,True,False,False,False,False,False,False,False,False,False,False,True,False,False,False,False,False,False,False,False,False,False,False,False,False,False,False,False,False,False,0
1888.0,1.349797973151471,0.8506981303899552,-0.9143675053351715,0.3949001507205599,False,False,False,False,False,False,False,False,True,True,False,False,True,False,False,False,False,False,False,False,False,False,False,False,False,False,False,False,False,False,False,False,False,False,False,False,False,2
1889.0,-1.6585960943677291,-0.48012285523490594,-0.13097085019958954,-1.0486878307023828,False,False,False,True,False,False,False,True,False,True,False,False,False,False,False,False,False,False,False,True,False,False,False,False,False,False,False,False,False,False,False,False,False,False,False,False,False,0
1890.0,-1.2288255132935577,0.5004820815413076,-1.4975503144234608,-0.8287348980385023,False,False,False,False,True,False,False,False,False,True,False,False,False,False,False,False,False,False,False,False,False,False,False,False,False,False,True,False,False,False,False,False,False,False,False,False,False,1
1891.0,0.06048622992895674,-1.1105117431624716,-1.4170518470002873,0.8564658635122457,False,False,False,False,False,True,True,False,False,False,False,False,False,False,False,False,False,False,True,False,False,False,False,False,False,False,False,False,False,False,False,False,False,False,False,False,False,0
1892.0,1.4930548335095282,0.8506981303899552,0.19339395800655457,1.6660862485199883,False,False,False,False,True,False,True,False,False,True,False,False,False,False,False,False,False,False,False,False,False,False,False,False,False,False,False,False,False,True,False,False,False,False,False,False,False,2
1893.0,0.06048622992895674,0.15026603269265998,-0.6284822351080867,0.3306498862310208,False,False,False,False,False,True,True,False,False,True,False,False,False,False,False,False,False,False,False,False,False,False,False,False,False,False,False,False,False,False,False,False,False,False,True,False,False,2
1894.0,0.06048622992895674,-1.040468533392742,1.1887683981293715,1.2227576242160259,False,False,False,False,False,True,False,False,True,True,False,False,False,False,False,False,False,False,False,False,False,False,False,False,False,False,False,False,False,False,False,False,False,False,True,False,False,2
1895.0,-1.5153392340096719,-0.6902524845440944,-0.8752867245751894,-1.7135061590805258,True,False,False,False,False,False,False,True,False,True,False,False,False,False,False,False,False,False,False,False,False,False,False,False,False,False,False,False,False,False,False,False,False,False,False,False,True,0
1896.0,-0.5125412115032719,0.8506981303899552,-1.4326614708974528,-1.616707920702499,True,False,False,False,False,False,False,False,False,False,False,False,False,False,False,False,False,False,False,False,False,False,False,False,False,False,False,False,False,False,False,False,False,False,False,False,True,0
1897.0,1.6363116938675855,-0.05986359661652877,0.14266268034076657,0.3371693222210949,False,True,False,False,False,False,False,False,True,False,False,False,False,False,False,False,False,False,False,False,False,False,False,True,False,False,False,False,False,False,False,False,False,False,False,False,False,0
1898.0,-0.655798071861329,-0.9704253236230124,-1.6220302584813078,-0.38753388509685166,False,False,True,False,False,False,True,False,False,False,False,False,False,False,False,False,False,True,False,False,False,False,False,False,False,False,False,False,False,False,False,False,False,False,False,False,False,1
1899.0,-0.7990549322193862,1.6211734378569798,-0.804589648901399,1.3594135071380777,False,False,False,False,False,False,False,False,False,True,False,False,False,False,False,False,False,False,False,False,False,False,False,False,False,False,False,False,False,False,False,False,False,True,False,False,False,1
1900.0,-1.2288255132935577,0.7806549206202252,1.6417424404359267,-0.6910365075814826,False,False,False,False,False,False,True,False,False,True,False,False,False,False,False,False,False,False,False,False,False,False,False,False,False,False,False,False,False,False,False,False,True,False,False,False,False,1
1901.0,0.7767705317192425,1.6211734378569798,-0.9375210245024062,-0.23729162095384962,False,False,False,False,False,False,True,False,False,True,False,False,False,False,False,False,False,False,False,False,False,False,False,False,False,False,False,False,False,False,False,False,True,False,False,False,False,2
1903.0,-0.9423117925774434,-0.05986359661652877,0.8689299270852688,-0.7920040416805467,True,False,False,False,False,False,True,False,False,True,False,False,False,False,False,False,False,False,False,False,False,False,False,False,False,False,False,False,False,False,False,False,False,False,False,True,False,2
1904.0,-0.0827706304291004,1.4110438085477912,-1.2677280974665737,1.4247775177894895,False,False,False,True,False,False,False,False,False,True,False,False,False,False,False,False,False,False,False,True,False,False,False,False,False,False,False,False,False,False,False,False,False,False,False,False,False,2
1905.0,-0.0827706304291004,0.0802228229229304,0.5566353513112352,-0.12397667020691769,False,False,False,False,True,False,True,False,False,False,False,False,False,False,False,False,False,False,False,False,False,False,False,False,False,False,False,False,True,False,False,False,False,False,False,False,False,2
1906.0,1.206541112793414,0.710611710850496,1.4521581129872128,-0.2648348976975405,False,False,False,False,True,False,False,True,False,False,False,False,False,False,False,False,False,False,False,False,False,False,False,False,False,False,False,False,False,True,False,False,False,False,False,False,False,0
1907.0,-0.655798071861329,-0.8303389040835536,-1.6041291054945874,1.2198574042402677,False,False,False,True,False,False,True,False,False,True,False,False,False,False,False,False,False,False,False,False,False,False,False,False,False,True,False,False,False,False,False,False,False,False,False,False,False,2
1908.0,1.349797973151471,-0.19995001615598762,-1.647543371958579,-0.6561637308737341,False,True,False,False,False,False,False,False,True,False,False,False,False,False,False,False,False,False,False,False,True,False,False,False,False,False,False,False,False,False,False,False,False,False,False,False,False,0
1909.0,1.349797973151471,-1.32064137247166,-1.2826457249555072,1.1072221581242718,False,False,False,True,False,False,False,False,False,True,False,False,False,False,False,False,False,False,False,False,False,False,False,False,True,False,False,False,False,False,False,False,False,False,False,False,False,1
1910.0,-1.6585960943677291,-1.040468533392742,-1.2102129861594302,-1.317949643885986,False,False,False,False,False,False,False,False,True,True,False,True,False,False,False,False,False,False,False,False,False,False,False,False,False,False,False,False,False,False,False,False,False,False,False,False,False,1
1912.0,1.206541112793414,-1.6008142115505781,0.3203469384085746,1.5725040302163718,False,False,False,False,False,True,True,False,False,True,False,False,False,False,False,False,False,False,True,False,False,False,False,False,False,False,False,False,False,False,False,False,False,False,False,False,False,1
1914.0,-1.3720823736516148,-0.9003821138532828,0.6454377756331915,-0.3913157748829152,True,False,False,False,False,False,False,False,True,True,True,False,False,False,False,False,False,False,False,False,False,False,False,False,False,False,False,False,False,False,False,False,False,False,False,False,False,2
1915.0,0.06048622992895674,0.5705252913110368,-0.9842818309734209,0.48275133165248113,True,False,False,False,False,False,False,False,True,True,False,False,False,False,False,False,False,False,False,False,False,False,False,False,False,False,False,False,False,False,False,False,False,False,False,False,False,2
1916.0,0.6335136713611853,1.2009141792386029,-1.0544343848833568,1.5450444772197651,False,True,False,False,False,False,False,False,True,False,False,False,False,False,False,False,False,False,False,False,False,False,False,True,False,False,False,False,False,False,False,False,False,False,False,False,False,2
1917.0,1.349797973151471,0.22030924246238925,-0.38299367323696576,-1.0054294597471785,True,False,False,False,False,False,False,True,False,True,False,False,False,False,False,False,False,False,False,False,False,False,False,False,False,False,False,False,False,False,False,False,False,False,False,True,False,1
1918.0,1.349797973151471,-1.180554952932201,-1.1353866204430758,-1.5386399330592766,False,False,False,False,False,False,False,True,False,True,False,False,True,False,False,False,False,False,False,False,False,False,False,False,False,False,False,False,False,False,False,False,False,False,False,False,False,1
1919.0,-0.36928435114521474,0.7806549206202252,-0.9398919630158564,0.1304546562508137,False,False,False,False,True,False,True,False,False,True,False,False,False,False,False,False,False,False,False,False,False,False,False,False,False,False,False,False,True,False,False,False,False,False,False,False,False,0
1920.0,1.206541112793414,0.3603956620018484,-1.3238138391435987,-1.2470495840633247,False,False,False,True,False,False,True,False,False,False,False,False,False,False,False,False,False,False,False,True,False,False,False,False,False,False,False,False,False,False,False,False,False,False,False,False,False,2
1922.0,0.34699995064507105,0.9207413401596845,0.7706664371163386,1.365627792102594,False,True,False,False,False,False,False,True,False,True,False,False,False,False,False,False,False,False,False,False,False,False,False,True,False,False,False,False,False,False,False,False,False,False,False,False,False,1
1923.0,1.206541112793414,1.6912166476267096,0.6985173034056026,-1.7186702251123165,False,False,False,False,False,False,False,False,True,True,False,False,False,False,False,False,False,False,False,False,False,False,False,False,False,False,False,False,False,False,False,False,True,False,False,False,False,1
1924.0,-0.36928435114521474,0.2903524522321188,0.7203889275870962,1.1049707971884177,False,False,False,True,False,False,False,False,True,False,False,False,False,False,True,False,False,False,False,False,False,False,False,False,False,False,False,False,False,False,False,False,False,False,False,False,False,0
1926.0,0.06048622992895674,0.5004820815413076,-0.5708083049531523,0.2065955288734264,False,True,False,False,False,False,False,False,True,False,False,False,False,False,False,False,False,False,False,False,False,True,False,False,False,False,False,False,False,False,False,False,False,False,False,False,False,0
1928.0,-0.9423117925774434,1.4110438085477912,0.4966925804735734,-0.23940601277714846,False,False,False,False,False,True,True,False,False,False,False,False,False,False,False,False,False,False,True,False,False,False,False,False,False,False,False,False,False,False,False,False,False,False,False,False,False,2
1929.0,1.6363116938675855,-1.32064137247166,-1.003601009386846,-1.3411862885866674,False,False,True,False,False,False,False,True,False,True,False,False,False,False,False,False,False,False,False,False,False,False,True,False,False,False,False,False,False,False,False,False,False,False,False,False,False,1
1930.0,-1.5153392340096719,-0.6202092747743648,-1.213536837759626,-1.3858099441544152,False,False,False,False,False,True,False,False,False,False,False,False,False,False,False,False,False,False,False,False,False,False,False,False,False,False,False,False,False,False,False,False,False,False,True,False,False,0
1931.0,1.349797973151471,1.130870969468873,-1.4705624545024165,0.8870874567989577,False,False,False,False,False,True,False,False,True,False,False,False,False,False,False,False,False,False,True,False,False,False,False,False,False,False,False,False,False,False,False,False,False,False,False,False,False,1
1932.0,0.6335136713611853,0.3603956620018484,-0.8127688195626318,-0.9734183460263989,False,False,True,False,False,False,False,False,False,True,False,False,False,False,False,True,False,False,False,False,False,False,False,False,False,False,False,False,False,False,False,False,False,False,False,False,False,2
1933.0,-1.2288255132935577,-0.3400364356954468,1.5897633003946385,-1.6464647358120887,False,True,False,False,False,False,True,False,False,False,False,False,False,False,False,False,False,False,False,False,False,True,False,False,False,False,False,False,False,False,False,False,False,False,False,False,False,2
1934.0,0.2037430902870139,-0.05986359661652877,-0.8036140474078262,1.672875583431585,False,False,False,True,False,False,False,False,True,True,False,False,False,False,False,False,False,False,False,False,False,False,False,False,False,True,False,False,False,False,False,False,False,False,False,False,False,0
1935.0,-0.36928435114521474,1.270957389008332,-0.8294107659704384,1.6755881593952369,False,False,False,False,False,False,True,False,False,False,False,False,False,False,False,False,False,False,False,False,False,False,False,False,False,False,False,False,False,False,False,False,False,True,False,False,False,2
1938.0,0.34699995064507105,-1.4607277920111192,0.09901018560508851,0.7925578381993854,False,False,False,False,True,False,True,False,False,False,False,False,False,False,False,False,False,False,False,False,False,False,False,False,False,False,False,True,False,False,False,False,False,False,False,False,False,1
1940.0,0.6335136713611853,1.2009141792386029,-0.16715885908909395,-1.3083882450851774,False,False,False,False,False,True,True,False,False,True,False,False,False,False,False,False,True,False,False,False,False,False,False,False,False,False,False,False,False,False,False,False,False,False,False,False,False,0
1941.0,-0.0827706304291004,-1.1105117431624716,-0.16515093508488007,-1.2719511562608516,False,False,False,False,False,True,True,False,False,True,False,False,False,False,False,False,False,False,True,False,False,False,False,False,False,False,False,False,False,False,False,False,False,False,False,False,False,0
1942.0,1.349797973151471,-0.19995001615598762,-0.4067597793885368,1.123822594240261,False,True,False,False,False,False,False,False,False,True,False,False,False,False,False,False,False,False,False,False,False,False,False,False,False,False,False,False,False,False,True,False,False,False,False,False,False,2
1943.0,1.0632842524353567,-1.180554952932201,0.23788592379484183,1.4715669744989213,True,False,False,False,False,False,True,False,False,True,True,False,False,False,False,False,False,False,False,False,False,False,False,False,False,False,False,False,False,False,False,False,False,False,False,False,False,2
1944.0,1.6363116938675855,0.710611710850496,0.07159124595432607,1.0140427685511444,False,False,True,False,False,False,False,True,False,True,False,False,False,False,False,False,False,False,False,False,False,False,True,False,False,False,False,False,False,False,False,False,False,False,False,False,False,0
1947.0,-0.9423117925774434,-1.040468533392742,0.009606518502209426,0.3515352890344147,False,True,False,False,False,False,False,False,True,False,False,False,False,False,False,False,False,False,False,False,False,True,False,False,False,False,False,False,False,False,False,False,False,False,False,False,False,1
1948.0,-1.6585960943677291,-0.9704253236230124,-1.0719158023437725,-1.1853150712899057,False,False,True,False,False,False,False,False,True,True,False,False,False,False,False,False,False,False,False,False,False,False,True,False,False,False,False,False,False,False,False,False,False,False,False,False,False,2
1949.0,1.0632842524353567,-1.6008142115505781,0.26873081287652284,-1.0098124713489314,False,True,False,False,False,False,False,False,True,False,False,False,False,False,False,False,False,False,False,False,True,False,False,False,False,False,False,False,False,False,False,False,False,False,False,False,False,2
1950.0,1.4930548335095282,-0.6202092747743648,1.687175975107546,-0.7576519679261565,False,False,True,False,False,False,False,False,True,False,False,False,False,False,False,False,False,True,False,False,False,False,False,False,False,False,False,False,False,False,False,False,False,False,False,False,False,2
1951.0,0.4902568110031282,0.22030924246238925,0.20597467959227883,0.03293448415889251,False,False,True,False,False,False,False,True,False,True,False,False,False,False,False,True,False,False,False,False,False,False,False,False,False,False,False,False,False,False,False,False,False,False,False,False,False,1
1952.0,0.34699995064507105,1.270957389008332,1.5112387243654382,0.03744014370593585,False,False,False,True,False,False,False,False,False,True,False,False,False,False,False,False,False,False,False,False,False,False,False,False,True,False,False,False,False,False,False,False,False,False,False,False,False,1
1954.0,-0.655798071861329,-0.19995001615598762,-0.9229323789124679,0.882371019046535,False,True,False,False,False,False,False,False,True,True,False,False,False,False,False,False,False,False,False,False,False,False,False,False,False,False,False,False,False,False,True,False,False,False,False,False,False,0
1955.0,-0.0827706304291004,1.6211734378569798,-0.9375323687058198,1.4430601402449257,False,True,False,False,False,False,False,False,True,True,False,False,False,False,False,False,False,False,False,False,False,False,False,True,False,False,False,False,False,False,False,False,False,False,False,False,False,1
1956.0,1.349797973151471,0.7806549206202252,0.7923678982466277,1.161071583085656,False,False,False,True,False,False,False,False,True,False,False,False,False,False,False,False,False,False,False,False,False,False,False,False,False,True,False,False,False,False,False,False,False,False,False,False,False,2
1957.0,1.206541112793414,1.5511302280872503,0.5361023431325509,-0.8588479062826178,False,False,False,False,False,False,True,False,False,False,False,True,False,False,False,False,False,False,False,False,False,False,False,False,False,False,False,False,False,False,False,False,False,False,False,False,False,2
1958.0,-0.36928435114521474,0.0802228229229304,1.3668837359268977,-0.5887719898214437,False,False,False,False,False,False,False,False,True,False,False,False,False,False,False,False,False,False,False,False,False,False,False,False,False,False,False,False,False,False,False,False,True,False,False,False,False,1
1959.0,0.34699995064507105,-0.8303389040835536,-0.29133250965477275,0.0012241149506661392,False,False,False,False,True,False,True,False,False,True,False,False,False,False,False,False,False,False,False,False,False,False,False,False,False,False,True,False,False,False,False,False,False,False,False,False,False,0
1960.0,-0.5125412115032719,-1.5307710017808487,-1.4906984155616236,-1.6947123811165743,False,False,False,False,False,True,False,False,False,True,False,False,False,False,False,False,False,False,False,False,False,False,False,False,False,False,False,False,False,False,False,False,False,False,True,False,False,2
1961.0,-1.5153392340096719,0.7806549206202252,0.7562139219673641,1.4087554365053334,False,False,False,False,False,True,False,False,False,False,False,False,False,False,False,False,False,False,True,False,False,False,False,False,False,False,False,False,False,False,False,False,False,False,False,False,False,0
1962.0,-1.0855686529355004,-1.32064137247166,1.1570840379950813,-1.5898028539256186,True,False,False,False,False,False,False,False,False,True,True,False,False,False,False,False,False,False,False,False,False,False,False,False,False,False,False,False,False,False,False,False,False,False,False,False,False,0
1963.0,-0.9423117925774434,-0.6902524845440944,1.3102421282826044,-0.6196642164485118,False,False,False,True,False,False,False,True,False,False,False,False,False,False,False,False,False,False,False,False,False,False,False,False,True,False,False,False,False,False,False,False,False,False,False,False,False,1
1964.0,-0.7990549322193862,0.15026603269265998,-0.6393386377749379,0.24106327359418311,False,False,False,False,False,False,True,False,False,True,False,True,False,False,False,False,False,False,False,False,False,False,False,False,False,False,False,False,False,False,False,False,False,False,False,False,False,2
1966.0,-1.6585960943677291,0.3603956620018484,-0.3785240570919925,0.5385792809528606,False,True,False,False,False,False,False,False,True,True,False,False,False,False,False,False,False,False,False,False,False,True,False,False,False,False,False,False,False,False,False,False,False,False,False,False,False,0
1967.0,1.4930548335095282,-1.180554952932201,1.2192729611086432,0.09575153029373615,False,False,False,False,False,True,False,False,True,False,False,False,False,False,False,False,True,False,False,False,False,False,False,False,False,False,False,False,False,False,False,False,False,False,False,False,False,1
1970.0,-0.0827706304291004,1.6211734378569798,-0.18755573682681462,1.4204246173599337,True,False,False,False,False,False,False,False,True,False,False,False,False,False,False,False,False,False,False,False,False,False,False,False,False,False,False,False,False,False,False,False,False,False,False,True,False,0
1971.0,0.4902568110031282,0.7806549206202252,-0.01428437388691167,-0.8236519852878766,False,False,False,False,False,False,False,True,False,True,False,False,False,False,False,False,False,False,False,False,False,False,False,False,False,False,False,False,False,False,False,False,False,True,False,False,False,0
1972.0,0.4902568110031282,1.4810870183175204,-1.4881346255901415,-0.7643109434947047,False,False,False,False,False,True,True,False,False,True,False,False,False,False,False,False,False,False,True,False,False,False,False,False,False,False,False,False,False,False,False,False,False,False,False,False,False,2
1973.0,-0.22602749078715756,0.9207413401596845,1.0267618291792109,-0.30391515990569845,False,True,False,False,False,False,False,False,False,False,False,False,False,False,False,False,False,False,False,False,False,False,False,True,False,False,False,False,False,False,False,False,False,False,False,False,False,1
1974.0,1.206541112793414,0.3603956620018484,-0.39614160499337187,-1.2580680698309354,False,False,False,False,False,True,False,False,True,True,False,False,False,False,False,False,False,False,False,False,False,False,False,False,False,False,False,False,False,False,False,True,False,False,False,False,False,0
1975.0,-1.2288255132935577,-1.040468533392742,0.1847156423951217,0.02511879892667782,False,False,True,False,False,False,False,False,False,True,False,False,False,False,False,False,False,False,False,False,False,False,True,False,False,False,False,False,False,False,False,False,False,False,False,False,False,1
1976.0,0.06048622992895674,0.5705252913110368,-1.0869809044770835,0.5754592243341332,True,False,False,False,False,False,True,False,False,True,False,False,False,False,False,False,False,False,False,False,False,False,False,False,False,False,False,False,False,False,False,False,False,False,False,True,False,0
1977.0,-0.7990549322193862,0.4304388717715777,1.691396018777419,0.9974573880212532,False,False,True,False,False,False,True,False,False,False,False,False,False,False,False,True,False,False,False,False,False,False,False,False,False,False,False,False,False,False,False,False,False,False,False,False,False,2
1979.0,0.34699995064507105,-0.05986359661652877,0.6107131689840464,-1.2294705348509314,False,False,False,False,True,False,True,False,False,False,False,False,False,False,False,False,False,False,False,False,False,False,False,False,False,False,False,True,False,False,False,False,False,False,False,False,False,0
1980.0,0.9200273920772997,0.0802228229229304,1.0068300637814493,-0.1535116908286172,False,False,False,False,False,True,False,False,False,False,False,False,False,False,False,False,False,False,False,False,False,False,False,False,False,False,False,False,False,False,False,False,False,False,True,False,False,1
1981.0,-0.5125412115032719,-0.5501660650046353,0.3529615232227831,-1.609889576246957,False,False,False,False,False,False,False,False,True,False,False,True,False,False,False,False,False,False,False,False,False,False,False,False,False,False,False,False,False,False,False,False,False,False,False,False,False,0
1982.0,-0.22602749078715756,0.0802228229229304,1.2896977759005066,-1.6824090295987513,False,True,False,False,False,False,False,True,False,True,False,False,False,False,False,False,False,False,False,False,False,True,False,False,False,False,False,False,False,False,False,False,False,False,False,False,False,0
1983.0,-0.655798071861329,-1.040468533392742,0.4548324698772501,-0.20910682935859512,False,True,False,False,False,False,False,False,True,True,False,False,False,False,False,False,False,False,False,False,False,False,False,False,False,False,False,False,False,False,True,False,False,False,False,False,False,0
1984.0,-1.6585960943677291,1.0608277596991436,-1.2256751354122186,-0.8620470347238437,False,False,True,False,False,False,False,False,False,False,False,False,False,True,False,False,False,False,False,False,False,False,False,False,False,False,False,False,False,False,False,False,False,False,False,False,False,1
1985.0,1.4930548335095282,-1.1105117431624716,-1.2060383193032116,0.6393999312851099,True,False,False,False,False,False,False,False,True,True,False,False,False,False,False,False,False,False,False,False,False,False,False,False,False,False,False,False,False,False,False,False,False,False,False,False,False,0
1987.0,-0.655798071861329,-0.19995001615598762,-1.67714039866476,1.379109151430272,False,False,False,True,False,False,False,False,False,True,False,False,False,False,False,False,False,False,False,False,False,False,False,False,False,True,False,False,False,False,False,False,False,False,False,False,False,1
1988.0,0.06048622992895674,0.5705252913110368,0.8873415692256028,0.9091358118261075,False,True,False,False,False,False,False,False,True,True,False,False,False,False,False,False,False,False,False,False,False,True,False,False,False,False,False,False,False,False,False,False,False,False,False,False,False,2
1989.0,1.349797973151471,-0.19995001615598762,-0.8985536857765605,-1.5761981122338162,False,False,False,False,False,False,False,False,True,False,False,False,True,False,False,False,False,False,False,False,False,False,False,False,False,False,False,False,False,False,False,False,False,False,False,False,False,2
1990.0,-1.2288255132935577,-0.7602956943138239,1.046239826440427,-0.4480940621545862,False,False,True,False,False,False,False,False,False,False,False,False,False,False,False,True,False,False,False,False,False,False,False,False,False,False,False,False,False,False,False,False,False,False,False,False,False,1
1991.0,-0.655798071861329,0.22030924246238925,-0.10414180912633626,-0.792058021464851,False,False,True,False,False,False,True,False,False,True,False,False,False,True,False,False,False,False,False,False,False,False,False,False,False,False,False,False,False,False,False,False,False,False,False,False,False,0
1992.0,-1.3720823736516148,-0.5501660650046353,0.6031012084934955,-0.39747828331962937,False,False,False,True,False,False,False,False,False,True,False,False,False,False,False,False,False,False,False,True,False,False,False,False,False,False,False,False,False,False,False,False,False,False,False,False,False,2
1994.0,-1.5153392340096719,1.4810870183175204,1.574936426533014,-1.4036574234506622,True,False,False,False,False,False,False,True,False,True,False,False,False,False,False,False,False,False,False,False,False,False,False,False,False,False,False,False,False,False,False,False,False,False,False,False,False,0
1995.0,-1.5153392340096719,0.010179613153200814,1.6390652084303081,0.07295186479932866,False,False,False,False,False,False,False,True,False,True,False,False,False,False,False,False,False,False,False,False,False,False,False,False,False,False,False,False,False,False,False,False,False,True,False,False,False,1
1996.0,0.06048622992895674,-0.6202092747743648,-0.12992718348553486,0.7685452800005048,True,False,False,False,False,False,False,False,False,True,False,False,False,False,False,False,False,False,False,False,False,False,False,False,False,False,False,False,False,False,False,False,False,False,False,True,False,1
1997.0,0.34699995064507105,0.8506981303899552,-0.7338358522105404,0.7041117780118641,False,False,False,False,False,False,False,True,False,False,False,False,True,False,False,False,False,False,False,False,False,False,False,False,False,False,False,False,False,False,False,False,False,False,False,False,False,1
1999.0,-0.0827706304291004,-0.05986359661652877,-0.28522932821823566,0.07746743900063215,False,False,False,False,False,True,False,False,True,True,False,False,False,False,False,False,False,False,False,False,False,False,False,False,False,False,False,False,False,False,False,True,False,False,False,False,False,2
2000.0,-1.2288255132935577,-0.5501660650046353,0.9710504462148358,0.056710192283784294,False,False,True,False,False,False,False,False,False,True,False,False,False,True,False,False,False,False,False,False,False,False,False,False,False,False,False,False,False,False,False,False,False,False,False,False,False,2
2001.0,-0.655798071861329,1.4810870183175204,0.6335490504556992,0.6680389609292391,False,False,False,False,False,False,False,False,True,True,False,False,False,False,False,False,False,False,False,False,False,False,False,False,False,False,False,False,False,False,False,False,True,False,False,False,False,1
2002.0,-0.5125412115032719,-1.6708574213203076,1.3631401488003974,-1.5773107567674385,False,False,False,True,False,False,True,False,False,True,False,False,False,False,False,False,False,False,False,False,False,False,False,False,True,False,False,False,False,False,False,False,False,False,False,False,False,1
2003.0,1.4930548335095282,0.22030924246238925,0.89381910937479,0.7319679171788709,False,False,False,False,False,False,False,False,True,True,False,False,True,False,False,False,False,False,False,False,False,False,False,False,False,False,False,False,False,False,False,False,False,False,False,False,False,0
2004.0,-1.0855686529355004,0.8506981303899552,0.6561013268420111,0.2865047045336721,False,True,False,False,False,False,False,False,False,True,False,False,False,False,False,False,False,False,False,False,False,False,False,False,False,False,False,False,False,False,True,False,False,False,False,False,False,1
2005.0,1.6363116938675855,-0.05986359661652877,1.1093816626407345,-1.0533969242664647,False,False,True,False,False,False,True,False,False,False,False,False,False,True,False,False,False,False,False,False,False,False,False,False,False,False,False,False,False,False,False,False,False,False,False,False,False,1
2006.0,1.0632842524353567,-1.4607277920111192,0.6671619251703078,-1.5733559113459505,False,True,False,False,False,False,True,False,False,False,False,False,False,False,False,False,False,False,False,False,False,False,False,False,False,False,False,False,False,False,True,False,False,False,False,False,False,1
2007.0,0.7767705317192425,1.6912166476267096,-0.2237891225299736,-1.3658991151438373,False,False,True,False,False,False,False,True,False,True,False,False,False,False,False,True,False,False,False,False,False,False,False,False,False,False,False,False,False,False,False,False,False,False,False,False,False,2
2008.0,-0.22602749078715756,0.0802228229229304,0.9931602986680158,0.08588314442028509,False,True,False,False,False,False,False,False,True,False,False,False,False,False,False,False,False,False,False,False,False,True,False,False,False,False,False,False,False,False,False,False,False,False,False,False,False,1
2009.0,0.34699995064507105,0.4304388717715777,1.6434440709479723,0.9012029867898581,False,False,False,False,False,False,False,False,False,True,False,False,True,False,False,False,False,False,False,False,False,False,False,False,False,False,False,False,False,False,False,False,False,False,False,False,False,2
2010.0,1.349797973151471,-0.9003821138532828,-1.667180188067586,-0.577048829182539,False,False,False,False,False,False,False,True,False,True,False,True,False,False,False,False,False,False,False,False,False,False,False,False,False,False,False,False,False,False,False,False,False,False,False,False,False,0
2011.0,-0.5125412115032719,-0.05986359661652877,-1.5304031275093557,-0.42192745351536703,False,False,False,False,False,True,False,True,False,False,False,False,False,False,False,False,False,False,False,False,False,False,False,False,False,False,False,False,False,False,False,True,False,False,False,False,False,0
2013.0,-0.0827706304291004,-1.4607277920111192,-0.8373630525633985,-1.0014033756987852,False,True,False,False,False,False,False,False,True,True,False,False,False,False,False,False,False,False,False,False,False,False,False,True,False,False,False,False,False,False,False,False,False,False,False,False,False,2
2014.0,-0.7990549322193862,-1.3906845822413896,-1.667872184475818,-1.3825682194208129,True,False,False,False,False,False,False,False,False,True,True,False,False,False,False,False,False,False,False,False,False,False,False,False,False,False,False,False,False,False,False,False,False,False,False,False,False,2
2015.0,-0.36928435114521474,1.2009141792386029,0.9290315167707216,-0.5465146317370821,False,False,False,False,False,True,False,True,False,False,False,False,False,False,False,False,False,False,False,False,False,False,False,False,False,False,False,False,False,False,False,False,False,False,True,False,False,2
2016.0,-0.36928435114521474,-0.9003821138532828,-0.7106256120262375,0.8576442385315177,False,True,False,False,False,False,False,False,False,False,False,False,False,False,False,False,False,False,False,False,False,False,False,False,False,False,False,False,False,False,True,False,False,False,False,False,False,1
2017.0,0.06048622992895674,-1.040468533392742,-0.20515059632136678,0.43956676979010095,False,True,False,False,False,False,False,True,False,True,False,False,False,False,False,False,False,False,False,False,False,False,False,False,False,False,False,False,False,False,True,False,False,False,False,False,False,2
2018.0,0.9200273920772997,0.010179613153200814,1.6401769403648447,-0.2939990368080325,False,False,False,False,False,True,False,True,False,True,False,False,False,False,False,False,False,False,False,False,False,False,False,False,False,False,False,False,False,False,False,True,False,False,False,False,False,2
2019.0,-0.22602749078715756,0.9207413401596845,-1.4546578813164965,1.6210318563060566,False,False,False,False,False,False,False,True,False,True,False,False,False,False,False,False,False,False,False,False,False,False,False,False,False,False,False,False,False,False,False,False,True,False,False,False,False,2
2020.0,0.06048622992895674,-1.5307710017808487,-0.41328269635137854,0.819530104299584,False,True,False,False,False,False,False,False,True,False,False,False,False,False,False,False,False,False,False,False,True,False,False,False,False,False,False,False,False,False,False,False,False,False,False,False,False,1
2021.0,1.206541112793414,0.2903524522321188,-0.6173649157627216,-1.5286940659988308,False,False,False,False,False,False,False,True,False,True,False,False,True,False,False,False,False,False,False,False,False,False,False,False,False,False,False,False,False,False,False,False,False,False,False,False,False,1
2022.0,-0.655798071861329,-1.32064137247166,1.276754039805546,0.8531418838692276,False,False,False,False,False,True,False,True,False,False,False,False,False,False,False,False,True,False,False,False,False,False,False,False,False,False,False,False,False,False,False,False,False,False,False,False,False,1
2023.0,-0.655798071861329,-1.6008142115505781,-0.8190308198469598,-1.6606390193097151,False,False,False,False,False,False,False,True,False,True,False,False,True,False,False,False,False,False,False,False,False,False,False,False,False,False,False,False,False,False,False,False,False,False,False,False,False,0
2024.0,-1.2288255132935577,-1.5307710017808487,1.311887037777582,0.5241490524915593,False,False,True,False,False,False,True,False,False,False,False,False,False,True,False,False,False,False,False,False,False,False,False,False,False,False,False,False,False,False,False,False,False,False,False,False,False,1
2025.0,0.34699995064507105,1.2009141792386029,1.1715138647372285,-1.0102299884561026,True,False,False,False,False,False,False,False,True,False,True,False,False,False,False,False,False,False,False,False,False,False,False,False,False,False,False,False,False,False,False,False,False,False,False,False,False,2
2027.0,-0.22602749078715756,-1.6008142115505781,-0.243505348062876,-0.663834368386219,False,True,False,False,False,False,False,False,True,False,False,False,False,False,False,False,False,False,False,False,False,False,False,True,False,False,False,False,False,False,False,False,False,False,False,False,False,1
2028.0,-1.6585960943677291,-0.19995001615598762,-0.2771976322013801,1.3009761677202338,False,False,False,True,False,False,False,False,False,True,False,False,False,False,False,False,False,False,False,False,False,False,False,False,False,True,False,False,False,False,False,False,False,False,False,False,False,2
2029.0,0.6335136713611853,1.2009141792386029,-0.7216408335408798,-0.5691769609095179,True,False,False,False,False,False,True,False,False,False,False,False,False,False,False,False,False,False,False,False,False,False,False,False,False,False,False,False,False,False,False,False,False,False,False,True,False,1
2030.0,0.34699995064507105,-0.8303389040835536,0.8492363899591937,0.4173054333010698,False,False,False,False,True,False,False,False,False,False,False,False,False,False,False,False,False,False,False,False,False,False,False,False,False,False,False,True,False,False,False,False,False,False,False,False,False,0
2031.0,1.0632842524353567,-0.26999322592571723,1.6871986635143732,-0.7470418190302909,False,False,False,False,False,False,False,True,False,False,False,False,True,False,False,False,False,False,False,False,False,False,False,False,False,False,False,False,False,False,False,False,False,False,False,False,False,1
2032.0,-0.9423117925774434,-1.6008142115505781,0.7452781098766174,1.4552206472995215,False,True,False,False,False,False,False,False,False,True,False,False,False,False,False,False,False,False,False,False,False,True,False,False,False,False,False,False,False,False,False,False,False,False,False,False,False,0
2034.0,1.349797973151471,0.2903524522321188,1.4783972554829568,-0.8957377643181502,False,False,True,False,False,False,False,False,False,True,False,False,False,False,False,False,False,False,False,False,False,False,True,False,False,False,False,False,False,False,False,False,False,False,False,False,False,0
2035.0,0.34699995064507105,0.2903524522321188,-1.4295531591621162,1.5653702528715947,False,False,False,False,False,True,False,False,False,True,False,False,False,False,False,False,False,False,False,False,False,False,False,False,False,False,False,False,False,False,False,False,False,False,True,False,False,2
2036.0,-0.5125412115032719,-0.5501660650046353,-1.017633789009516,-0.49855671466263873,False,True,False,False,False,False,False,False,True,True,False,False,False,False,False,False,False,False,False,False,False,False,False,True,False,False,False,False,False,False,False,False,False,False,False,False,False,1
2037.0,0.2037430902870139,-0.6202092747743648,0.2638754938154859,0.5295268344040654,False,False,False,False,True,False,True,False,False,True,False,False,False,False,False,False,False,False,False,False,False,False,False,False,False,False,False,False,True,False,False,False,False,False,False,False,False,0
2038.0,0.7767705317192425,-1.3906845822413896,-1.5978217283966047,0.846938615187222,False,False,False,False,True,False,False,False,True,False,False,False,False,False,False,False,False,False,False,False,False,False,False,False,False,False,False,False,False,True,False,False,False,False,False,False,False,0
2039.0,0.6335136713611853,-0.48012285523490594,1.0835509114678814,-1.6646030449666294,False,False,True,False,False,False,False,False,True,False,False,False,False,False,False,False,False,False,False,False,False,False,True,False,False,False,False,False,False,False,False,False,False,False,False,False,False,1
2040.0,0.7767705317192425,-1.3906845822413896,-0.8329047806218388,1.6008503939551222,False,False,True,False,False,False,False,False,True,False,False,False,False,False,False,False,False,False,False,False,False,False,True,False,False,False,False,False,False,False,False,False,False,False,False,False,False,2
2041.0,-1.0855686529355004,0.9207413401596845,-1.3913912588786388,-0.5429174482877882,False,True,False,False,False,False,False,False,False,True,False,False,False,False,False,False,False,False,False,False,True,False,False,False,False,False,False,False,False,False,False,False,False,False,False,False,False,2
2042.0,1.0632842524353567,1.6211734378569798,-1.196282304367483,-1.082455674274267,False,False,False,False,False,False,False,False,True,False,False,False,False,False,False,False,False,False,False,False,False,False,False,False,False,False,False,False,False,False,False,False,False,True,False,False,False,0
2043.0,1.0632842524353567,1.6912166476267096,0.23419905768540955,1.2231879936527934,False,False,False,True,False,False,True,False,False,False,False,False,False,False,False,False,False,False,False,True,False,False,False,False,False,False,False,False,False,False,False,False,False,False,False,False,False,2
2044.0,-0.5125412115032719,1.270957389008332,0.39889420284460236,0.7075595072284241,False,False,False,False,True,False,False,False,True,True,False,False,False,False,False,False,False,False,False,False,False,False,False,False,False,False,False,False,False,True,False,False,False,False,False,False,False,1
2045.0,-0.22602749078715756,0.3603956620018484,-0.2920245060630046,-1.4418942056278863,False,False,False,False,True,False,False,True,False,False,False,False,False,False,False,False,False,False,False,False,False,False,False,False,False,False,False,True,False,False,False,False,False,False,False,False,False,2
2047.0,1.349797973151471,-0.7602956943138239,1.13331793184351,0.7504422229499998,True,False,False,False,False,False,False,True,False,False,False,False,False,False,False,False,False,False,False,False,False,False,False,False,False,False,False,False,False,False,False,False,False,False,False,True,False,0
2048.0,-1.6585960943677291,0.5004820815413076,-0.09423831954623052,-1.483616539591625,False,False,True,False,False,False,True,False,False,True,False,False,False,False,False,True,False,False,False,False,False,False,False,False,False,False,False,False,False,False,False,False,False,False,False,False,False,1
2049.0,0.7767705317192425,-0.12990680638625834,0.2620150444556493,1.4550598095748593,False,False,False,True,False,False,True,False,False,True,False,False,False,False,False,False,False,False,False,True,False,False,False,False,False,False,False,False,False,False,False,False,False,False,False,False,False,0
2050.0,-0.9423117925774434,-0.05986359661652877,1.0921384734520052,0.8423576777096861,False,False,False,False,False,False,True,False,False,True,False,False,False,False,False,False,False,False,False,False,False,False,False,False,False,False,False,False,False,False,False,False,True,False,False,False,False,1
2051.0,-1.5153392340096719,0.9207413401596845,-1.5502554834832218,-0.5741361240866019,False,False,False,False,False,False,True,False,False,False,False,True,False,False,False,False,False,False,False,False,False,False,False,False,False,False,False,False,False,False,False,False,False,False,False,False,False,1
2052.0,0.34699995064507105,-0.7602956943138239,-1.49739149557567,-0.4783892062695521,True,False,False,False,False,False,False,False,True,False,False,False,False,False,False,False,False,False,False,False,False,False,False,False,False,False,False,False,False,False,False,False,False,False,False,True,False,2
2053.0,1.206541112793414,-0.6202092747743648,1.1810997166217523,0.022409160638362093,False,False,False,False,True,False,False,False,False,True,False,False,False,False,False,False,False,False,False,False,False,False,False,False,False,False,True,False,False,False,False,False,False,False,False,False,False,1
2054.0,0.2037430902870139,1.4810870183175204,1.1801921803486612,-0.48525932725289667,False,False,True,False,False,False,True,False,False,True,False,False,False,False,False,False,False,True,False,False,False,False,False,False,False,False,False,False,False,False,False,False,False,False,False,False,False,0
2056.0,-0.9423117925774434,-0.05986359661652877,-0.8716338910759981,1.6558624039308454,False,False,False,True,False,False,True,False,False,False,False,False,False,False,True,False,False,False,False,False,False,False,False,False,False,False,False,False,False,False,False,False,False,False,False,False,False,0
2057.0,-0.9423117925774434,1.4810870183175204,0.7138773548276681,0.29459983613225194,False,True,False,False,False,False,False,False,False,True,False,False,False,False,False,False,False,False,False,False,True,False,False,False,False,False,False,False,False,False,False,False,False,False,False,False,False,0
2058.0,1.349797973151471,0.4304388717715777,0.15999662315680505,-0.1885005057121492,False,False,False,False,False,True,False,True,False,False,False,False,False,False,False,False,False,False,False,False,False,False,False,False,False,False,False,False,False,False,False,False,False,False,True,False,False,1
2059.0,0.7767705317192425,0.15026603269265998,1.3108660594703545,-0.9673520464569483,False,False,False,False,False,True,False,True,False,False,False,False,False,False,False,False,False,False,False,False,False,False,False,False,False,False,False,False,False,False,False,True,False,False,False,False,False,2
2060.0,0.2037430902870139,-0.9003821138532828,0.4107375512084402,0.5349982547179161,False,False,False,False,False,True,False,True,False,False,False,False,False,False,False,False,False,False,False,False,False,False,False,False,False,False,False,False,False,False,False,False,False,False,True,False,False,1
2061.0,-0.36928435114521474,-0.5501660650046353,1.1104480177616165,0.6471304239325719,False,False,False,False,True,False,False,False,True,True,False,False,False,False,False,False,False,False,False,False,False,False,False,False,False,False,False,False,True,False,False,False,False,False,False,False,False,1
2062.0,0.2037430902870139,1.270957389008332,-0.6894573284563895,0.6457831325814632,False,False,True,False,False,False,True,False,False,True,False,False,False,False,False,False,False,False,False,False,False,False,True,False,False,False,False,False,False,False,False,False,False,False,False,False,False,2
2063.0,0.06048622992895674,0.22030924246238925,-1.1252108699810426,-1.650360093308017,True,False,False,False,False,False,False,False,True,False,True,False,False,False,False,False,False,False,False,False,False,False,False,False,False,False,False,False,False,False,False,False,False,False,False,False,False,0
2064.0,-1.3720823736516148,0.0802228229229304,0.6384724347372179,1.3920808240871023,False,False,False,False,False,False,False,True,False,True,False,True,False,False,False,False,False,False,False,False,False,False,False,False,False,False,False,False,False,False,False,False,False,False,False,False,False,1
2065.0,-0.9423117925774434,-1.3906845822413896,-0.19723234233864761,-0.565016111005072,False,True,False,False,False,False,False,False,True,False,False,False,False,False,False,False,False,False,False,False,False,False,False,True,False,False,False,False,False,False,False,False,False,False,False,False,False,2
2066.0,-0.655798071861329,-1.6708574213203076,0.69966306795038,0.851517349408256,False,False,False,True,False,False,False,False,True,False,False,False,False,False,False,False,False,False,False,False,False,False,False,False,True,False,False,False,False,False,False,False,False,False,False,False,False,2
2067.0,-0.0827706304291004,1.6211734378569798,1.3233560274287697,0.9060813638951943,False,True,False,False,False,False,False,False,True,True,False,False,False,False,False,False,False,False,False,False,False,False,False,True,False,False,False,False,False,False,False,False,False,False,False,False,False,0
2068.0,0.06048622992895674,-0.4100796454651764,-1.7037992766868086,0.5249569132090406,False,False,False,True,False,False,True,False,False,True,False,False,False,False,False,False,False,False,False,True,False,False,False,False,False,False,False,False,False,False,False,False,False,False,False,False,False,2
2069.0,-0.22602749078715756,0.3603956620018484,-1.6163014357574208,-0.3670094491504051,False,False,False,False,True,False,False,True,False,True,False,False,False,False,False,False,False,False,False,False,False,False,False,False,False,False,False,True,False,False,False,False,False,False,False,False,False,0
2070.0,-0.0827706304291004,-1.4607277920111192,1.1929657533924174,0.3778447421368615,False,False,True,False,False,False,False,True,False,False,False,False,False,False,False,False,False,False,False,False,False,False,True,False,False,False,False,False,False,False,False,False,False,False,False,False,False,1
2071.0,-1.6585960943677291,0.6405685010807668,0.04847175939733235,-1.604264295187368,False,False,False,False,False,True,True,False,False,False,False,False,False,False,False,False,False,False,True,False,False,False,False,False,False,False,False,False,False,False,False,False,False,False,False,False,False,2
2072.0,0.6335136713611853,1.5511302280872503,0.004773887847999745,0.9133682675668757,False,False,True,False,False,False,False,False,True,True,False,False,False,False,False,False,False,False,False,False,False,False,True,False,False,False,False,False,False,False,False,False,False,False,False,False,False,1
2074.0,-0.22602749078715756,-1.32064137247166,0.3733584009605038,-0.36043566616660966,True,False,False,False,False,False,False,False,False,True,True,False,False,False,False,False,False,False,False,False,False,False,False,False,False,False,False,False,False,False,False,False,False,False,False,False,False,2
2075.0,0.06048622992895674,0.2903524522321188,-0.02059175098489426,-1.3830242935167727,True,False,False,False,False,False,False,False,False,False,False,False,False,False,False,False,False,False,False,False,False,False,False,False,False,False,False,False,False,False,False,False,False,False,False,False,False,1
2076.0,0.7767705317192425,0.9207413401596845,0.8742276700794376,1.175628131586418,False,False,False,False,True,False,False,False,False,False,False,False,False,False,False,False,False,False,False,False,False,False,False,False,False,False,True,False,False,False,False,False,False,False,False,False,False,2
2077.0,-0.22602749078715756,-0.3400364356954468,0.024773718466243093,0.1752270316324616,False,False,False,True,False,False,True,False,False,False,False,False,False,False,False,False,False,False,False,True,False,False,False,False,False,False,False,False,False,False,False,False,False,False,False,False,False,1
2078.0,-0.0827706304291004,1.341000598778062,0.17165846426602466,0.6658926218866582,False,False,False,False,False,False,False,True,False,True,False,False,True,False,False,False,False,False,False,False,False,False,False,False,False,False,False,False,False,False,False,False,False,False,False,False,False,1
2079.0,-0.9423117925774434,0.5004820815413076,-1.4836082884281,0.6366836832272874,False,False,False,False,False,False,False,False,False,True,False,False,False,False,False,False,False,False,False,False,False,False,False,False,False,False,False,False,False,False,False,False,True,False,False,False,False,0
2080.0,-0.5125412115032719,1.4110438085477912,0.6767931538684863,1.1914372314086927,False,False,False,True,False,False,False,True,False,False,False,False,False,False,True,False,False,False,False,False,False,False,False,False,False,False,False,False,False,False,False,False,False,False,False,False,False,1
2081.0,0.4902568110031282,0.4304388717715777,0.9263769731719304,-1.2820303203396821,True,False,False,False,False,False,False,True,False,True,False,False,False,False,False,False,False,False,False,False,False,False,False,False,False,False,False,False,False,False,False,False,False,False,False,False,False,0
2082.0,-1.2288255132935577,-1.2505981627019307,-0.6997578651559726,0.5569573778567259,True,False,False,False,False,False,False,True,False,True,False,False,False,False,False,False,False,False,False,False,False,False,False,False,False,False,False,False,False,False,False,False,False,False,False,False,True,1
2083.0,-1.3720823736516148,-0.6902524845440944,-1.2450510348427117,0.2618521003208962,True,False,False,False,False,False,True,False,False,True,True,False,False,False,False,False,False,False,False,False,False,False,False,False,False,False,False,False,False,False,False,False,False,False,False,False,False,2
2084.0,0.4902568110031282,-1.040468533392742,-0.17878666758807266,-1.6367127553238385,False,False,True,False,False,False,True,False,False,True,False,False,False,True,False,False,False,False,False,False,False,False,False,False,False,False,False,False,False,False,False,False,False,False,False,False,False,1
2085.0,1.6363116938675855,1.4110438085477912,0.20528268318404694,-1.0418353357710561,True,False,False,False,False,False,True,False,False,False,False,False,False,False,False,False,False,False,False,False,False,False,False,False,False,False,False,False,False,False,False,False,False,False,False,False,False,2
2086.0,-0.0827706304291004,0.9207413401596845,-0.562549724868024,-0.8110765315920291,False,True,False,False,False,False,True,False,False,True,False,False,False,False,False,False,False,False,False,False,True,False,False,False,False,False,False,False,False,False,False,False,False,False,False,False,False,0
2087.0,-0.22602749078715756,0.6405685010807668,-0.9596535653624133,-1.491384854809042,False,False,False,False,False,True,False,False,False,False,False,False,False,False,False,False,False,False,False,False,False,False,False,False,False,False,False,False,False,False,False,False,False,False,True,False,False,2
2088.0,-1.0855686529355004,-0.6902524845440944,0.6984265497782934,-0.5070609175517977,True,False,False,False,False,False,False,False,True,False,False,False,False,False,False,False,False,False,False,False,False,False,False,False,False,False,False,False,False,False,False,False,False,False,False,False,True,1
2089.0,0.7767705317192425,-1.1105117431624716,-0.2429041052819532,-1.6496014386524187,False,False,False,True,False,False,False,False,True,True,False,False,False,False,False,False,False,False,False,False,False,False,False,False,True,False,False,False,False,False,False,False,False,False,False,False,False,2
2090.0,0.9200273920772997,0.9207413401596845,1.119421282661804,0.18527755337676294,False,False,False,False,False,True,False,False,True,False,False,False,False,False,False,False,True,False,False,False,False,False,False,False,False,False,False,False,False,False,False,False,False,False,False,False,False,0
2092.0,1.4930548335095282,-0.9704253236230124,-0.44647583553968256,-0.7432896732070072,False,False,False,True,False,False,False,False,True,True,False,False,False,False,False,False,False,False,False,True,False,False,False,False,False,False,False,False,False,False,False,False,False,False,False,False,False,2
2093.0,-0.9423117925774434,0.4304388717715777,-0.33362369998081426,1.4316733434320268,False,False,False,False,False,True,False,False,False,False,False,False,False,False,False,False,True,False,False,False,False,False,False,False,False,False,False,False,False,False,False,False,False,False,False,False,False,1
2094.0,1.349797973151471,-1.6008142115505781,1.33280574887233,0.009574089884669443,False,False,False,True,False,False,False,False,False,False,False,False,False,False,False,False,False,False,False,True,False,False,False,False,False,False,False,False,False,False,False,False,False,False,False,False,False,1
2095.0,0.7767705317192425,-0.6202092747743648,1.3307637922578752,-0.8060450281597887,False,False,True,False,False,False,False,False,False,False,False,False,False,False,False,True,False,False,False,False,False,False,False,False,False,False,False,False,False,False,False,False,False,False,False,False,False,2
2098.0,-0.0827706304291004,1.6912166476267096,-0.259977131419478,-1.4849686046651553,False,False,True,False,False,False,False,False,True,False,False,False,False,False,False,False,False,True,False,False,False,False,False,False,False,False,False,False,False,False,False,False,False,False,False,False,False,0
2099.0,0.9200273920772997,-1.040468533392742,-0.4909337687177289,-1.671565702723067,False,False,False,True,False,False,False,False,True,False,False,False,False,False,False,False,False,False,False,False,False,False,False,False,True,False,False,False,False,False,False,False,False,False,False,False,False,0
2100.0,-1.5153392340096719,-1.2505981627019307,-1.2617156696573457,1.5749019077096227,False,False,False,False,True,False,True,False,False,False,False,False,False,False,False,False,False,False,False,False,False,False,False,False,False,False,True,False,False,False,False,False,False,False,False,False,False,0
2101.0,0.6335136713611853,-1.040468533392742,0.6085123935218006,0.7833001215864667,False,False,False,False,False,False,False,False,False,True,False,False,False,False,False,False,False,False,False,False,False,False,False,False,False,False,False,False,False,False,False,False,True,False,False,False,False,2
2102.0,-0.22602749078715756,0.9207413401596845,-0.05816375269086248,1.0461133701974838,True,False,False,False,False,False,False,True,False,True,False,False,False,False,False,False,False,False,False,False,False,False,False,False,False,False,False,False,False,False,False,False,False,False,False,False,True,0
2103.0,-0.22602749078715756,-0.26999322592571723,1.2685862133477266,1.6774238392710041,True,False,False,False,False,False,True,False,False,True,False,False,False,False,False,False,False,False,False,False,False,False,False,False,False,False,False,False,False,False,False,False,False,False,False,True,False,2
2104.0,1.206541112793414,0.22030924246238925,-0.6974663360664177,1.5054798657905353,False,True,False,False,False,False,False,True,False,False,False,False,False,False,False,False,False,False,False,False,True,False,False,False,False,False,False,False,False,False,False,False,False,False,False,False,False,0
2105.0,0.4902568110031282,-1.6708574213203076,0.8115509462190891,0.8262166205744097,False,True,False,False,False,False,False,True,False,False,False,False,False,False,False,False,False,False,False,False,True,False,False,False,False,False,False,False,False,False,False,False,False,False,False,False,False,0
2106.0,-1.5153392340096719,-1.6008142115505781,0.6011159728961089,0.6764693547255736,True,False,False,False,False,False,False,False,False,False,True,False,False,False,False,False,False,False,False,False,False,False,False,False,False,False,False,False,False,False,False,False,False,False,False,False,False,2
2107.0,-1.5153392340096719,-0.19995001615598762,0.026883740301179716,-0.5693994898162422,False,False,False,False,False,False,False,False,True,True,False,False,False,False,False,False,False,False,False,False,False,False,False,False,False,False,False,False,False,False,False,False,False,True,False,False,False,1
2108.0,1.4930548335095282,1.130870969468873,0.8148634536158713,-1.3816340386638708,True,False,False,False,False,False,False,False,False,True,False,False,False,False,False,False,False,False,False,False,False,False,False,False,False,False,False,False,False,False,False,False,False,False,False,True,False,1
2109.0,-0.655798071861329,1.341000598778062,-1.059062819876121,0.2569278220384307,False,False,False,False,True,False,False,False,False,True,False,False,False,False,False,False,False,False,False,False,False,False,False,False,False,False,False,False,False,True,False,False,False,False,False,False,False,2
2110.0,0.06048622992895674,-1.4607277920111192,-0.34420784176573826,0.26575627084283304,False,False,False,False,False,False,True,False,False,False,False,False,False,False,False,False,False,False,False,False,False,False,False,False,False,False,False,False,False,False,False,False,True,False,False,False,False,2
2111.0,-0.36928435114521474,0.15026603269265998,-0.9574187572899268,1.5773724926674473,False,True,False,False,False,False,False,False,False,True,False,False,False,False,False,False,False,False,False,False,True,False,False,False,False,False,False,False,False,False,False,False,False,False,False,False,False,1
2112.0,-0.655798071861329,1.4810870183175204,-1.3667516490642175,-0.2005934462340102,False,False,False,False,False,True,False,False,True,True,False,False,False,False,False,False,False,False,False,False,False,False,False,False,False,False,False,False,False,False,False,True,False,False,False,False,False,1
2113.0,-1.2288255132935577,-0.4100796454651764,-0.07352380411292798,0.6653777942839723,False,False,False,True,False,False,False,True,False,False,False,False,False,False,True,False,False,False,False,False,False,False,False,False,False,False,False,False,False,False,False,False,False,False,False,False,False,1
2114.0,0.34699995064507105,1.130870969468873,0.3439655699157684,0.2612818240962378,False,False,False,False,True,False,False,False,False,True,False,False,False,False,False,False,False,False,False,False,False,False,False,False,False,False,False,False,True,False,False,False,False,False,False,False,False,2
2116.0,-0.22602749078715756,1.5511302280872503,-0.005095569121865095,0.32091296132886904,False,True,False,False,False,False,False,False,False,True,False,False,False,False,False,False,False,False,False,False,True,False,False,False,False,False,False,False,False,False,False,False,False,False,False,False,False,2
2117.0,-0.7990549322193862,0.9207413401596845,-0.6499454679666892,0.1396943796022974,False,True,False,False,False,False,False,True,False,False,False,False,False,False,False,False,False,False,False,False,False,False,False,True,False,False,False,False,False,False,False,False,False,False,False,False,False,1
2118.0,0.6335136713611853,1.5511302280872503,0.7708592885743705,-0.021511288895759883,False,False,True,False,False,False,False,False,False,False,False,False,False,False,False,True,False,False,False,False,False,False,False,False,False,False,False,False,False,False,False,False,False,False,False,False,False,0
2119.0,1.0632842524353567,0.6405685010807668,-0.023234950380271853,0.04657337632647904,False,False,False,False,True,False,True,False,False,False,False,False,False,False,False,False,False,False,False,False,False,False,False,False,False,False,False,False,True,False,False,False,False,False,False,False,False,2
2120.0,1.6363116938675855,-0.48012285523490594,-1.287478355609717,-1.1724267551707426,False,False,True,False,False,False,False,True,False,False,False,False,False,True,False,False,False,False,False,False,False,False,False,False,False,False,False,False,False,False,False,False,False,False,False,False,False,1
2121.0,0.7767705317192425,1.5511302280872503,-0.28972163277003615,-0.12766014786921556,False,False,True,False,False,False,False,False,False,False,False,False,False,False,False,False,False,True,False,False,False,False,False,False,False,False,False,False,False,False,False,False,False,False,False,False,False,2
2122.0,1.349797973151471,-0.7602956943138239,-0.38756538721266176,0.36831786102125463,False,False,False,True,False,False,False,False,False,True,False,False,False,False,True,False,False,False,False,False,False,False,False,False,False,False,False,False,False,False,False,False,False,False,False,False,False,0
2124.0,-0.0827706304291004,0.710611710850496,0.2142559480842344,-0.03972046946778832,False,False,False,False,False,False,True,False,False,False,False,False,False,False,False,False,False,False,False,False,False,False,False,False,False,False,False,False,False,False,False,False,True,False,False,False,False,2
2125.0,-0.5125412115032719,0.9207413401596845,-1.622903762144158,-1.4740775405652562,True,False,False,False,False,False,True,False,False,False,False,False,False,False,False,False,False,False,False,False,False,False,False,False,False,False,False,False,False,False,False,False,False,False,False,True,False,0
2126.0,-1.0855686529355004,1.4810870183175204,1.1585701286422678,-1.0789837092361827,False,False,False,False,False,True,False,True,False,False,False,False,False,False,False,False,False,False,False,False,False,False,False,False,False,False,False,False,False,False,False,False,False,False,True,False,False,0
2127.0,-0.36928435114521474,-1.040468533392742,-0.005537993054996967,-0.6247871550255942,False,True,False,False,False,False,False,True,False,True,False,False,False,False,False,False,False,False,False,False,False,True,False,False,False,False,False,False,False,False,False,False,False,False,False,False,False,2
2128.0,-1.2288255132935577,1.0608277596991436,-1.19181268822251,-0.28160975828662266,False,False,False,False,False,False,True,False,False,False,False,False,True,False,False,False,False,False,False,False,False,False,False,False,False,False,False,False,False,False,False,False,False,False,False,False,False,0
2129.0,-1.0855686529355004,0.8506981303899552,-0.44937995161357386,0.3274474529050415,False,False,False,False,False,True,False,False,True,True,False,False,False,False,False,False,False,False,True,False,False,False,False,False,False,False,False,False,False,False,False,False,False,False,False,False,False,1
2131.0,-0.22602749078715756,-0.4100796454651764,-0.34097474379285153,-1.189252657868793,False,False,False,False,True,False,False,False,False,False,False,False,False,False,False,False,False,False,False,False,False,False,False,False,False,False,False,False,False,True,False,False,False,False,False,False,False,2
2132.0,1.206541112793414,-0.7602956943138239,1.1026885826266881,-1.6918628360403676,False,False,False,False,True,False,False,False,True,True,False,False,False,False,False,False,False,False,False,False,False,False,False,False,False,False,False,False,True,False,False,False,False,False,False,False,False,1
2133.0,1.6363116938675855,-0.6902524845440944,-0.33843364222819666,-0.17733807385306,False,False,False,False,False,False,False,False,False,True,False,False,True,False,False,False,False,False,False,False,False,False,False,False,False,False,False,False,False,False,False,False,False,False,False,False,False,0
2134.0,-0.36928435114521474,1.6912166476267096,-0.6233546551651223,-0.23711058671125038,False,False,False,False,False,False,False,True,False,True,False,False,True,False,False,False,False,False,False,False,False,False,False,False,False,False,False,False,False,False,False,False,False,False,False,False,False,0
2135.0,-0.655798071861329,0.5004820815413076,-0.34783798685810235,0.18080457546783588,False,True,False,False,False,False,False,True,False,False,False,False,False,False,False,False,False,False,False,False,False,True,False,False,False,False,False,False,False,False,False,False,False,False,False,False,False,1
2136.0,-1.5153392340096719,0.7806549206202252,1.2050586742313552,1.1621882669228656,True,False,False,False,False,False,False,False,True,True,False,False,False,False,False,False,False,False,False,False,False,False,False,False,False,False,False,False,False,False,False,False,False,False,False,False,True,1
2137.0,1.4930548335095282,1.6912166476267096,-0.32588695325271333,1.0545290756171366,False,False,True,False,False,False,False,True,False,False,False,False,False,False,False,True,False,False,False,False,False,False,False,False,False,False,False,False,False,False,False,False,False,False,False,False,False,0
2138.0,-0.655798071861329,-0.4100796454651764,1.114781503465626,-1.395497295785267,False,False,False,False,True,False,True,False,False,True,False,False,False,False,False,False,False,False,False,False,False,False,False,False,False,False,False,False,False,True,False,False,False,False,False,False,False,1
2139.0,0.4902568110031282,1.0608277596991436,0.48045902538865776,1.513735835113777,False,False,False,True,False,False,True,False,False,True,False,False,False,False,False,False,False,False,False,True,False,False,False,False,False,False,False,False,False,False,False,False,False,False,False,False,False,2
2140.0,1.349797973151471,-0.19995001615598762,1.5801887927135283,-1.359317620762284,True,False,False,False,False,False,False,False,True,False,True,False,False,False,False,False,False,False,False,False,False,False,False,False,False,False,False,False,False,False,False,False,False,False,False,False,False,0
2141.0,-1.0855686529355004,1.270957389008332,-1.657911973878644,0.46919542881314474,False,False,False,True,False,False,False,False,True,True,False,False,False,False,False,False,False,False,False,False,False,False,False,False,True,False,False,False,False,False,False,False,False,False,False,False,False,2
2142.0,-1.3720823736516148,-1.1105117431624716,-1.6618484124631763,0.6011851816729082,False,True,False,False,False,False,False,False,False,True,False,False,False,False,False,False,False,False,False,False,False,False,False,False,False,False,False,False,False,False,True,False,False,False,False,False,False,0
2143.0,-0.0827706304291004,1.5511302280872503,-1.3535016194770886,0.627248237256523,False,True,False,False,False,False,False,True,False,False,False,False,False,False,False,False,False,False,False,False,False,True,False,False,False,False,False,False,False,False,False,False,False,False,False,False,False,2
2144.0,0.06048622992895674,-0.9704253236230124,-0.10173683800264506,-0.8188224470350066,False,True,False,False,False,False,False,False,False,False,False,False,False,False,False,False,False,False,False,False,False,True,False,False,False,False,False,False,False,False,False,False,False,False,False,False,False,2
2145.0,0.06048622992895674,-0.6202092747743648,-0.5096290159434039,-0.592091930160875,False,False,False,False,False,True,False,False,False,False,False,False,False,False,False,False,False,False,False,False,False,False,False,False,False,False,False,False,False,False,False,False,False,False,True,False,False,1
2146.0,-0.36928435114521474,0.9207413401596845,0.7488628781553269,0.16955621660515988,False,False,False,True,False,False,True,False,False,True,False,False,False,False,False,False,False,False,False,True,False,False,False,False,False,False,False,False,False,False,False,False,False,False,False,False,False,0
2147.0,-1.2288255132935577,-0.3400364356954468,0.8378127771216605,-1.0482383663759296,True,False,False,False,False,False,True,False,False,True,True,False,False,False,False,False,False,False,False,False,False,False,False,False,False,False,False,False,False,False,False,False,False,False,False,False,False,1
2148.0,-0.5125412115032719,0.3603956620018484,0.9003420263376317,-1.6736444752329132,True,False,False,False,False,False,True,False,False,True,False,False,False,False,False,False,False,False,False,False,False,False,False,False,False,False,False,False,False,False,False,False,False,False,False,True,False,1
2149.0,1.349797973151471,-0.19995001615598762,-0.524784871704024,0.21653772383970193,False,False,False,False,False,False,True,False,False,True,False,False,True,False,False,False,False,False,False,False,False,False,False,False,False,False,False,False,False,False,False,False,False,False,False,False,False,0
2151.0,1.4930548335095282,-0.9704253236230124,-0.41599396096723795,0.5465025585442671,False,False,False,False,True,False,True,False,False,False,False,False,False,False,False,False,False,False,False,False,False,False,False,False,False,False,False,False,True,False,False,False,False,False,False,False,False,0
2152.0,-1.5153392340096719,-1.5307710017808487,1.2161759935767202,-1.2327339249401388,False,False,False,False,False,False,False,True,False,True,False,True,False,False,False,False,False,False,False,False,False,False,False,False,False,False,False,False,False,False,False,False,False,False,False,False,False,0
2153.0,0.9200273920772997,-0.6902524845440944,-0.3433683707131291,1.1890602848522125,False,True,False,False,False,False,True,False,False,False,False,False,False,False,False,False,False,False,False,False,False,False,False,True,False,False,False,False,False,False,False,False,False,False,False,False,False,0
2154.0,-1.6585960943677291,-0.05986359661652877,-1.0055068355603372,-1.234405094997074,True,False,False,False,False,False,True,False,False,True,False,False,False,False,False,False,False,False,False,False,False,False,False,False,False,False,False,False,False,False,False,False,False,False,False,False,True,1
2155.0,-0.7990549322193862,-1.180554952932201,-1.136850022683435,1.3649455170057392,False,False,False,True,False,False,True,False,False,False,False,False,False,False,False,False,False,False,False,False,False,False,False,False,True,False,False,False,False,False,False,False,False,False,False,False,False,0
2156.0,0.6335136713611853,-0.48012285523490594,-0.18111222928786838,-0.17634734284589418,False,True,False,False,False,False,False,False,True,True,False,False,False,False,False,False,False,False,False,False,False,False,False,True,False,False,False,False,False,False,False,False,False,False,False,False,False,0
2157.0,-1.3720823736516148,-0.3400364356954468,-0.30530856826037445,0.17349270155579594,False,False,False,False,False,True,False,True,False,True,False,False,False,False,False,False,False,False,False,False,False,False,False,False,False,False,False,False,False,False,False,True,False,False,False,False,False,0
2158.0,1.0632842524353567,-1.5307710017808487,0.4069599314716988,1.383217490388081,False,False,False,False,False,False,False,True,False,False,False,True,False,False,False,False,False,False,False,False,False,False,False,False,False,False,False,False,False,False,False,False,False,False,False,False,False,2
2159.0,1.0632842524353567,0.2903524522321188,-0.3398516676549014,-0.6982536414639269,False,True,False,False,False,False,False,False,False,True,False,False,False,False,False,False,False,False,False,False,True,False,False,False,False,False,False,False,False,False,False,False,False,False,False,False,False,2
2160.0,1.206541112793414,1.341000598778062,1.3590902681817285,-1.1101957752654898,False,True,False,False,False,False,False,False,False,False,False,False,False,False,False,False,False,False,False,False,True,False,False,False,False,False,False,False,False,False,False,False,False,False,False,False,False,2
2161.0,-1.3720823736516148,-1.180554952932201,-0.9721435333208285,-0.1894974792794046,False,False,False,False,False,True,True,False,False,True,False,False,False,False,False,False,False,False,True,False,False,False,False,False,False,False,False,False,False,False,False,False,False,False,False,False,False,2
2162.0,-1.3720823736516148,0.3603956620018484,-0.49084301509041983,-0.8920245426930725,False,False,True,False,False,False,False,False,True,True,False,False,False,False,False,True,False,False,False,False,False,False,False,False,False,False,False,False,False,False,False,False,False,False,False,False,False,1
2163.0,0.6335136713611853,0.5705252913110368,-1.5353718886045291,0.09688069925112479,True,False,False,False,False,False,False,False,False,False,True,False,False,False,False,False,False,False,False,False,False,False,False,False,False,False,False,False,False,False,False,False,False,False,False,False,False,1
2164.0,-0.7990549322193862,-0.26999322592571723,-1.4228033581310018,-0.7842628999599907,False,False,False,True,False,False,False,False,False,True,False,False,False,False,False,False,False,False,False,False,False,False,False,False,False,True,False,False,False,False,False,False,False,False,False,False,False,0
2165.0,0.2037430902870139,0.710611710850496,1.4540412507538765,1.2712656209971904,False,False,False,False,True,False,True,False,False,False,False,False,False,False,False,False,False,False,False,False,False,False,False,False,False,False,False,False,True,False,False,False,False,False,False,False,False,1
2167.0,0.7767705317192425,0.010179613153200814,-0.4058182105052049,-1.7436577243134301,False,False,False,False,False,False,False,False,False,True,False,True,False,False,False,False,False,False,False,False,False,False,False,False,False,False,False,False,False,False,False,False,False,False,False,False,False,0
2168.0,0.06048622992895674,-1.7409006310900372,0.4593928396495325,1.0653892941260046,False,True,False,False,False,False,False,False,False,True,False,False,False,False,False,False,False,False,False,False,False,True,False,False,False,False,False,False,False,False,False,False,False,False,False,False,False,0
2169.0,1.0632842524353567,0.710611710850496,0.5259492810773452,-0.5925549812357586,False,False,False,False,False,True,False,True,False,True,False,False,False,False,False,False,False,False,False,False,False,False,False,False,False,False,False,False,False,False,False,True,False,False,False,False,False,2
2170.0,1.0632842524353567,0.5705252913110368,0.5015819321448513,-0.6274549314403677,False,False,False,False,False,True,False,False,True,True,False,False,False,False,False,False,True,False,False,False,False,False,False,False,False,False,False,False,False,False,False,False,False,False,False,False,False,2
2171.0,1.206541112793414,-1.6008142115505781,0.2507842830761479,-0.408186477129844,True,False,False,False,False,False,False,True,False,True,True,False,False,False,False,False,False,False,False,False,False,False,False,False,False,False,False,False,False,False,False,False,False,False,False,False,False,2
2172.0,0.7767705317192425,-0.48012285523490594,-0.13532702431042642,0.4541670162114905,False,False,True,False,False,False,False,False,False,True,False,False,False,False,False,False,False,False,False,False,False,False,True,False,False,False,False,False,False,False,False,False,False,False,False,False,False,1
2173.0,-1.2288255132935577,1.6912166476267096,-0.6974323034561768,-0.20237294306897155,False,False,False,False,True,False,False,True,False,False,False,False,False,False,False,False,False,False,False,False,False,False,False,False,False,False,False,True,False,False,False,False,False,False,False,False,False,0
2174.0,-1.6585960943677291,-0.26999322592571723,1.6621166297668202,0.4484914274617671,True,False,False,False,False,False,False,True,False,True,False,False,False,False,False,False,False,False,False,False,False,False,False,False,False,False,False,False,False,False,False,False,False,False,False,False,False,2
2175.0,0.7767705317192425,0.010179613153200814,1.1793867419062931,-1.2324541113643568,False,True,False,False,False,False,False,False,False,True,False,False,False,False,False,False,False,False,False,False,False,True,False,False,False,False,False,False,False,False,False,False,False,False,False,False,False,0
2176.0,-1.6585960943677291,1.4110438085477912,-1.4360760761249578,1.639911194064177,True,False,False,False,False,False,True,False,False,True,True,False,False,False,False,False,False,False,False,False,False,False,False,False,False,False,False,False,False,False,False,False,False,False,False,False,False,0
2177.0,0.06048622992895674,0.7806549206202252,0.5149567479695302,0.8007267788907897,False,False,False,True,False,False,False,False,False,False,False,False,False,False,False,False,False,False,False,False,False,False,False,False,False,True,False,False,False,False,False,False,False,False,False,False,False,1
2179.0,1.0632842524353567,1.0608277596991436,1.3576608985516103,0.7817618813384989,False,False,False,False,False,True,False,False,False,True,False,False,False,False,False,False,True,False,False,False,False,False,False,False,False,False,False,False,False,False,False,False,False,False,False,False,False,2
2180.0,1.4930548335095282,1.270957389008332,0.013883283189150856,0.26147314020251405,False,False,False,False,False,False,False,False,False,True,False,False,False,False,False,False,False,False,False,False,False,False,False,False,False,False,False,False,False,False,False,False,True,False,False,False,False,2
2182.0,-0.22602749078715756,-0.05986359661652877,-1.057213714719698,-1.1228608280590944,False,False,False,False,True,False,False,False,True,False,False,False,False,False,False,False,False,False,False,False,False,False,False,False,False,False,True,False,False,False,False,False,False,False,False,False,False,0
2183.0,-0.5125412115032719,-0.4100796454651764,0.5298743754584638,-1.6003942751412152,False,True,False,False,False,False,True,False,False,True,False,False,False,False,False,False,False,False,False,False,False,True,False,False,False,False,False,False,False,False,False,False,False,False,False,False,False,1
2184.0,-0.5125412115032719,1.6211734378569798,-1.170859944517521,1.07852143729808,False,False,False,True,False,False,False,False,True,False,False,False,False,False,False,False,False,False,False,False,False,False,False,False,False,True,False,False,False,False,False,False,False,False,False,False,False,2
2186.0,-1.6585960943677291,-1.4607277920111192,-1.058087218382548,-0.6395229017218702,True,False,False,False,False,False,False,True,False,False,False,False,False,False,False,False,False,False,False,False,False,False,False,False,False,False,False,False,False,False,False,False,False,False,False,True,False,0
2187.0,0.6335136713611853,1.270957389008332,1.383593747555186,-1.303744147587911,False,False,False,False,True,False,False,False,True,False,False,False,False,False,False,False,False,False,False,False,False,False,False,False,False,False,False,False,True,False,False,False,False,False,False,False,False,0
2188.0,1.349797973151471,-0.05986359661652877,0.8404332881102108,-0.055908162199028485,False,True,False,False,False,False,True,False,False,True,False,False,False,False,False,False,False,False,False,False,False,True,False,False,False,False,False,False,False,False,False,False,False,False,False,False,False,0
2189.0,-1.5153392340096719,-1.5307710017808487,1.3714100730889391,0.08787158341354026,False,False,False,False,False,False,False,False,False,True,False,False,True,False,False,False,False,False,False,False,False,False,False,False,False,False,False,False,False,False,False,False,False,False,False,False,False,2
2190.0,1.6363116938675855,0.15026603269265998,-1.4774824185847357,0.7042428717737466,True,False,False,False,False,False,False,False,True,True,False,False,False,False,False,False,False,False,False,False,False,False,False,False,False,False,False,False,False,False,False,False,False,False,False,False,False,0
2191.0,0.06048622992895674,-0.26999322592571723,-0.4044115292819138,1.6391183889327945,False,False,False,False,False,False,False,True,False,True,False,False,False,False,False,False,False,False,False,False,False,False,False,False,False,False,False,False,False,False,False,False,True,False,False,False,False,1
2192.0,-0.5125412115032719,1.341000598778062,0.9397517889966093,-0.2271940964041673,True,False,False,False,False,False,False,False,True,True,False,False,False,False,False,False,False,False,False,False,False,False,False,False,False,False,False,False,False,False,False,False,False,False,False,False,True,1
2193.0,-1.2288255132935577,-1.040468533392742,0.822044334376704,-0.3280511004687034,False,False,True,False,False,False,True,False,False,True,False,False,False,True,False,False,False,False,False,False,False,False,False,False,False,False,False,False,False,False,False,False,False,False,False,False,False,0
2194.0,-1.0855686529355004,1.130870969468873,-1.263179071897705,-0.45400025841820874,False,True,False,False,False,False,False,False,True,True,False,False,False,False,False,False,False,False,False,False,False,False,False,True,False,False,False,False,False,False,False,False,False,False,False,False,False,1
2195.0,-0.22602749078715756,0.22030924246238925,-0.6249201552362044,1.1402181275015444,True,False,False,False,False,False,False,True,False,False,False,False,False,False,False,False,False,False,False,False,False,False,False,False,False,False,False,False,False,False,False,False,False,False,False,True,False,1
2196.0,1.6363116938675855,-1.5307710017808487,-0.6377277608902013,-1.1991860398090597,False,False,False,True,False,False,False,True,False,True,False,False,False,False,True,False,False,False,False,False,False,False,False,False,False,False,False,False,False,False,False,False,False,False,False,False,False,1
2197.0,0.9200273920772997,1.6912166476267096,-1.6739867101157686,-0.5451093212980815,False,False,False,False,True,False,True,False,False,True,False,False,False,False,False,False,False,False,False,False,False,False,False,False,False,False,False,False,False,True,False,False,False,False,False,False,False,1
2198.0,1.206541112793414,0.0802228229229304,-1.438106688535999,0.7845559777927329,False,False,False,False,False,True,False,True,False,False,False,False,False,False,False,False,False,False,True,False,False,False,False,False,False,False,False,False,False,False,False,False,False,False,False,False,False,1
2199.0,-1.3720823736516148,-0.6902524845440944,0.991367914528661,-1.6897455065417324,False,False,False,True,False,False,False,False,False,True,False,False,False,False,False,False,False,False,False,False,False,False,False,False,True,False,False,False,False,False,False,False,False,False,False,False,False,2
2200.0,-0.0827706304291004,-0.12990680638625834,-1.1324938485725982,-0.7349955141043936,False,False,False,True,False,False,False,True,False,True,False,False,False,False,True,False,False,False,False,False,False,False,False,False,False,False,False,False,False,False,False,False,False,False,False,False,False,0
2201.0,0.9200273920772997,1.270957389008332,-0.9183379765299446,0.4931844856093349,False,False,False,False,True,False,False,False,False,True,False,False,False,False,False,False,False,False,False,False,False,False,False,False,False,False,False,False,True,False,False,False,False,False,False,False,False,1
2202.0,0.9200273920772997,-0.6902524845440944,0.9697231744154402,-1.0958052054212286,False,False,False,False,False,True,False,False,True,True,False,False,False,False,False,False,False,False,True,False,False,False,False,False,False,False,False,False,False,False,False,False,False,False,False,False,False,0
2203.0,0.06048622992895674,-1.040468533392742,-1.5492912261930625,-0.6884946839967527,False,False,False,True,False,False,False,False,False,False,False,False,False,False,False,False,False,False,False,False,False,False,False,False,False,True,False,False,False,False,False,False,False,False,False,False,False,1
2204.0,-0.7990549322193862,-1.32064137247166,-1.4701540631795256,-0.04893412095066269,True,False,False,False,False,False,False,False,False,False,False,False,False,False,False,False,False,False,False,False,False,False,False,False,False,False,False,False,False,False,False,False,False,False,False,True,False,2
2205.0,0.34699995064507105,-0.6902524845440944,-1.2982213162424319,-0.27227235723020704,True,False,False,False,False,False,False,False,True,True,False,False,False,False,False,False,False,False,False,False,False,False,False,False,False,False,False,False,False,False,False,False,False,False,False,False,True,2
2206.0,1.4930548335095282,0.9907845499294143,0.7442004105523218,-1.3746225420549671,True,False,False,False,False,False,False,True,False,True,True,False,False,False,False,False,False,False,False,False,False,False,False,False,False,False,False,False,False,False,False,False,False,False,False,False,False,1
2207.0,-0.7990549322193862,-0.05986359661652877,-0.543355332692149,1.5285270304320258,False,False,False,False,False,True,False,False,False,False,False,False,False,False,False,False,False,False,False,False,False,False,False,False,False,False,False,False,False,False,False,False,False,False,True,False,False,1
2208.0,-0.655798071861329,-0.9704253236230124,-0.41752542842807905,-1.5899824193305496,False,False,False,True,False,False,False,True,False,True,False,False,False,False,True,False,False,False,False,False,False,False,False,False,False,False,False,False,False,False,False,False,False,False,False,False,False,1
2209.0,-1.0855686529355004,-1.180554952932201,0.9306650820622854,0.8709724715322907,False,False,False,False,False,True,False,False,True,False,False,False,False,False,False,False,False,False,False,False,False,False,False,False,False,False,False,False,False,False,False,True,False,False,False,False,False,2
2210.0,1.206541112793414,-0.5501660650046353,1.5096959127011833,-1.4953397002305298,True,False,False,False,False,False,True,False,False,False,False,False,False,False,False,False,False,False,False,False,False,False,False,False,False,False,False,False,False,False,False,False,False,False,False,True,False,2
2211.0,0.2037430902870139,1.5511302280872503,-0.06740927847297724,-0.11434072789445109,False,False,False,False,True,False,False,True,False,False,False,False,False,False,False,False,False,False,False,False,False,False,False,False,False,False,False,False,True,False,False,False,False,False,False,False,False,0
2212.0,-1.2288255132935577,-0.5501660650046353,0.35053386369226464,-1.1325768220244752,False,False,False,True,False,False,False,True,False,True,False,False,False,False,True,False,False,False,False,False,False,False,False,False,False,False,False,False,False,False,False,False,False,False,False,False,False,2
2213.0,1.4930548335095282,1.6912166476267096,0.2024466323306375,-1.2522790133713477,False,False,False,True,False,False,True,False,False,True,False,False,False,False,False,False,False,False,False,False,False,False,False,False,True,False,False,False,False,False,False,False,False,False,False,False,False,1
2214.0,-0.36928435114521474,-0.05986359661652877,1.1691883030374326,-1.3053033187726502,False,False,False,False,False,False,True,False,False,True,False,False,False,False,False,False,False,False,False,False,False,False,False,False,False,False,False,False,False,False,False,False,True,False,False,False,False,0
2215.0,1.0632842524353567,-1.1105117431624716,-1.4990364050706473,-0.1649557723105737,False,False,False,False,False,False,False,False,True,False,False,True,False,False,False,False,False,False,False,False,False,False,False,False,False,False,False,False,False,False,False,False,False,False,False,False,False,2
2216.0,0.34699995064507105,1.4110438085477912,-0.30268805727182413,0.053766641596815934,False,False,True,False,False,False,False,True,False,True,False,False,False,True,False,False,False,False,False,False,False,False,False,False,False,False,False,False,False,False,False,False,False,False,False,False,False,2
2217.0,0.7767705317192425,-0.12990680638625834,0.9614532501268983,-1.2791866506141478,False,True,False,False,False,False,False,True,False,True,False,False,False,False,False,False,False,False,False,False,True,False,False,False,False,False,False,False,False,False,False,False,False,False,False,False,False,1
2219.0,0.06048622992895674,1.6912166476267096,-0.488426699763315,-0.8452835576266897,False,False,False,False,False,True,False,True,False,True,False,False,False,False,False,False,False,False,True,False,False,False,False,False,False,False,False,False,False,False,False,False,False,False,False,False,False,2
2220.0,-0.655798071861329,-1.5307710017808487,0.8176200950453852,-0.14383388664260816,False,False,False,False,False,False,False,False,False,True,False,True,False,False,False,False,False,False,False,False,False,False,False,False,False,False,False,False,False,False,False,False,False,False,False,False,False,2
2221.0,-0.5125412115032719,-1.3906845822413896,1.5031956841451688,-0.9900430179639129,False,False,True,False,False,False,False,False,False,True,False,False,False,False,False,True,False,False,False,False,False,False,False,False,False,False,False,False,False,False,False,False,False,False,False,False,False,1
2222.0,0.4902568110031282,0.7806549206202252,1.297479899442262,-0.02145326980786798,False,False,False,True,False,False,False,False,False,False,False,False,False,False,False,False,False,False,False,False,False,False,False,False,True,False,False,False,False,False,False,False,False,False,False,False,False,0
2223.0,0.9200273920772997,-0.7602956943138239,1.2037654350422005,0.8928588872065275,False,False,True,False,False,False,False,True,False,True,False,False,False,False,False,False,False,True,False,False,False,False,False,False,False,False,False,False,False,False,False,False,False,False,False,False,False,0
2224.0,0.4902568110031282,-1.1105117431624716,0.294187205336726,0.07336167050874204,False,False,False,True,False,False,False,False,False,False,False,False,False,False,False,False,False,False,False,True,False,False,False,False,False,False,False,False,False,False,False,False,False,False,False,False,False,0
2225.0,-0.7990549322193862,-1.6008142115505781,-1.0999359847754577,-0.7480141895666047,False,False,False,False,True,False,False,False,False,False,False,False,False,False,False,False,False,False,False,False,False,False,False,False,False,False,False,False,True,False,False,False,False,False,False,False,False,0
2226.0,0.2037430902870139,-1.6708574213203076,1.3480977350739136,-0.8779681334183149,False,False,False,False,True,False,False,False,True,False,False,False,False,False,False,False,False,False,False,False,False,False,False,False,False,False,True,False,False,False,False,False,False,False,False,False,False,1
2227.0,0.2037430902870139,0.9907845499294143,0.6294084162097214,0.903037565037375,False,False,False,True,False,False,False,False,True,True,False,False,False,False,True,False,False,False,False,False,False,False,False,False,False,False,False,False,False,False,False,False,False,False,False,False,False,2
2228.0,-1.2288255132935577,-1.2505981627019307,0.24643945316872468,-1.3320244136315953,False,True,False,False,False,False,True,False,False,True,False,False,False,False,False,False,False,False,False,False,True,False,False,False,False,False,False,False,False,False,False,False,False,False,False,False,False,2
2229.0,0.34699995064507105,-0.12990680638625834,0.8605805933728314,-0.4538728367504969,False,False,False,False,False,False,True,False,False,True,False,False,False,False,False,False,False,False,False,False,False,False,False,False,False,False,False,False,False,False,False,False,False,True,False,False,False,0
2230.0,-1.3720823736516148,0.3603956620018484,0.2798367880184742,-1.216051233914733,False,False,False,False,False,True,True,False,False,False,False,False,False,False,False,False,False,False,False,False,False,False,False,False,False,False,False,False,False,False,False,True,False,False,False,False,False,0
2231.0,-1.0855686529355004,-0.26999322592571723,-0.3861587059893707,-0.844551342049118,False,False,False,False,False,True,True,False,False,False,False,False,False,False,False,False,True,False,False,False,False,False,False,False,False,False,False,False,False,False,False,False,False,False,False,False,False,0
2232.0,-1.6585960943677291,-1.6708574213203076,-1.597628876938573,-1.2118632105134264,True,False,False,False,False,False,False,False,True,True,False,False,False,False,False,False,False,False,False,False,False,False,False,False,False,False,False,False,False,False,False,False,False,False,False,False,True,2
2233.0,-1.3720823736516148,0.9907845499294143,0.6687841462584581,1.3489994480709095,False,False,False,True,False,False,False,False,True,False,False,False,False,False,False,False,False,False,False,True,False,False,False,False,False,False,False,False,False,False,False,False,False,False,False,False,False,2
2234.0,0.34699995064507105,-1.6708574213203076,-0.4202934140610067,0.808742960464706,False,False,False,False,False,True,False,False,True,True,False,False,False,False,False,False,False,False,False,False,False,False,False,False,False,False,False,False,False,False,False,True,False,False,False,False,False,0
2235.0,1.6363116938675855,0.9207413401596845,-1.3902568385372749,0.21229168135050344,False,True,False,False,False,False,False,False,False,True,False,False,False,False,False,False,False,False,False,False,False,True,False,False,False,False,False,False,False,False,False,False,False,False,False,False,False,1
2236.0,-0.655798071861329,1.4110438085477912,-0.9261995094955956,-0.9615919995413066,False,False,False,True,False,False,False,False,False,True,False,False,False,False,False,False,False,False,False,False,False,False,False,False,True,False,False,False,False,False,False,False,False,False,False,False,False,2
2237.0,-1.2288255132935577,-0.19995001615598762,0.6642918417066574,0.03542379679698606,False,True,False,False,False,False,True,False,False,True,False,False,False,False,False,False,False,False,False,False,False,True,False,False,False,False,False,False,False,False,False,False,False,False,False,False,False,2
2238.0,-1.5153392340096719,0.15026603269265998,1.2999302473796077,0.07242381765762962,False,False,False,False,False,True,False,False,False,True,False,False,False,False,False,False,False,False,False,False,False,False,False,False,False,False,False,False,False,False,False,False,False,False,True,False,False,0
2239.0,1.6363116938675855,-0.05986359661652877,-0.4429931650916958,0.31511986556569394,False,False,False,False,False,True,False,True,False,True,False,False,False,False,False,False,False,False,True,False,False,False,False,False,False,False,False,False,False,False,False,False,False,False,False,False,False,1
2240.0,1.6363116938675855,-0.4100796454651764,1.0543849644914187,-1.5348907249113295,True,False,False,False,False,False,False,False,True,True,False,False,False,False,False,False,False,False,False,False,False,False,False,False,False,False,False,False,False,False,False,False,False,False,False,False,False,0
2241.0,-0.36928435114521474,1.341000598778062,-1.4566431169138832,1.6494612093730574,False,False,False,False,False,True,True,False,False,False,False,False,False,False,False,False,False,False,False,False,False,False,False,False,False,False,False,False,False,False,False,True,False,False,False,False,False,0
2242.0,-1.2288255132935577,1.4110438085477912,-1.5114923404188216,-0.12081830201098304,False,False,False,True,False,False,True,False,False,True,False,False,False,False,False,False,False,False,False,False,False,False,False,False,False,True,False,False,False,False,False,False,False,False,False,False,False,1
2243.0,-1.3720823736516148,-0.5501660650046353,1.6624683000726428,1.4876992186081892,False,False,False,False,True,False,False,True,False,False,False,False,False,False,False,False,False,False,False,False,False,False,False,False,False,False,False,False,False,True,False,False,False,False,False,False,False,1
2244.0,-1.5153392340096719,0.4304388717715777,-1.2449716254188163,-1.7102816931895242,False,False,False,True,False,False,False,False,False,False,False,False,False,False,False,False,False,False,False,True,False,False,False,False,False,False,False,False,False,False,False,False,False,False,False,False,False,1
2245.0,0.6335136713611853,1.4810870183175204,-0.9891371500344579,-0.8808922220061802,False,False,False,True,False,False,True,False,False,True,False,False,False,False,False,False,False,False,False,True,False,False,False,False,False,False,False,False,False,False,False,False,False,False,False,False,False,2
2246.0,1.4930548335095282,1.6211734378569798,-0.24580822135584446,-1.3817096838037803,True,False,False,False,False,False,False,False,False,False,False,False,False,False,False,False,False,False,False,False,False,False,False,False,False,False,False,False,False,False,False,False,False,False,False,False,False,0
2247.0,1.206541112793414,0.010179613153200814,-0.8793025725836172,0.9403008750500337,True,False,False,False,False,False,False,False,False,False,False,False,False,False,False,False,False,False,False,False,False,False,False,False,False,False,False,False,False,False,False,False,False,False,False,False,False,2
2248.0,1.6363116938675855,-0.12990680638625834,-0.2507656382476042,-0.6277442924609931,False,False,False,False,False,True,False,True,False,False,False,False,False,False,False,False,False,False,False,False,False,False,False,False,False,False,False,False,False,False,False,False,False,False,True,False,False,1
2249.0,1.0632842524353567,-0.7602956943138239,-1.1879216264516321,1.1875521557764415,False,False,True,False,False,False,True,False,False,True,False,False,False,False,False,False,False,False,False,False,False,False,True,False,False,False,False,False,False,False,False,False,False,False,False,False,False,2
2251.0,0.06048622992895674,-1.2505981627019307,-0.9732666094587786,0.5850981043219359,True,False,False,False,False,False,False,False,False,True,True,False,False,False,False,False,False,False,False,False,False,False,False,False,False,False,False,False,False,False,False,False,False,False,False,False,False,1
2252.0,-1.0855686529355004,0.2903524522321188,1.2568109302043706,0.5780755914305215,False,False,False,False,False,True,False,True,False,True,False,False,False,False,False,False,True,False,False,False,False,False,False,False,False,False,False,False,False,False,False,False,False,False,False,False,False,0
2253.0,1.206541112793414,-0.7602956943138239,0.029560972306798224,0.6980025149406205,False,False,True,False,False,False,False,True,False,True,False,False,False,False,False,True,False,False,False,False,False,False,False,False,False,False,False,False,False,False,False,False,False,False,False,False,False,0
2254.0,-0.5125412115032719,-0.7602956943138239,0.32142463773287017,0.6059207143150165,False,False,False,False,False,True,False,False,False,False,False,False,False,False,False,False,False,False,True,False,False,False,False,False,False,False,False,False,False,False,False,False,False,False,False,False,False,0
2255.0,1.349797973151471,-0.3400364356954468,-0.3039018870370834,-0.39477158270664997,False,False,False,False,False,True,False,True,False,False,False,False,False,False,False,False,False,False,False,False,False,False,False,False,False,False,False,False,False,False,False,False,False,False,True,False,False,2
2256.0,-0.9423117925774434,1.7612598573964389,-1.0069021725802145,0.6375400155878179,False,False,False,False,False,True,False,False,False,True,False,False,False,False,False,False,False,False,True,False,False,False,False,False,False,False,False,False,False,False,False,False,False,False,False,False,False,0
2258.0,-0.36928435114521474,0.2903524522321188,0.3099783364885097,-0.5843181068022025,False,False,False,True,False,False,False,False,True,False,False,False,False,False,False,False,False,False,False,False,False,False,False,False,True,False,False,False,False,False,False,False,False,False,False,False,False,0
2259.0,-0.655798071861329,-1.4607277920111192,1.5915670287374069,1.551738337682932,False,False,False,False,False,True,False,True,False,False,False,False,False,False,False,False,True,False,False,False,False,False,False,False,False,False,False,False,False,False,False,False,False,False,False,False,False,2
2260.0,-0.7990549322193862,-1.180554952932201,-1.5880657134608764,-1.6971179700075836,False,False,False,False,False,False,False,False,True,False,False,False,False,False,False,False,False,False,False,False,False,False,False,False,False,False,False,False,False,False,False,False,False,True,False,False,False,0
2261.0,-0.7990549322193862,-0.19995001615598762,0.5659262539070046,-0.5267264506717948,True,False,False,False,False,False,False,False,False,True,False,False,False,False,False,False,False,False,False,False,False,False,False,False,False,False,False,False,False,False,False,False,False,False,False,False,False,0
2262.0,-0.9423117925774434,0.0802228229229304,0.4600621476509371,-1.2836732152715054,False,False,True,False,False,False,False,False,False,True,False,False,False,True,False,False,False,False,False,False,False,False,False,False,False,False,False,False,False,False,False,False,False,False,False,False,False,0
2263.0,1.206541112793414,-0.8303389040835536,0.6480015656046737,-1.3027853638000275,False,False,False,True,False,False,False,False,False,True,False,False,False,False,False,False,False,False,False,False,False,False,False,False,True,False,False,False,False,False,False,False,False,False,False,False,False,2
2264.0,1.0632842524353567,-0.6202092747743648,1.6051006634098768,1.10011996078936,False,False,False,False,True,False,False,False,True,False,False,False,False,False,False,False,False,False,False,False,False,False,False,False,False,False,False,True,False,False,False,False,False,False,False,False,False,1
2265.0,-1.3720823736516148,-1.4607277920111192,-0.1257865492395571,1.4592210266887222,False,False,True,False,False,False,False,False,False,False,False,False,False,True,False,False,False,False,False,False,False,False,False,False,False,False,False,False,False,False,False,False,False,False,False,False,False,1
2266.0,0.9200273920772997,-0.6902524845440944,-0.0466607304294338,0.9687041562484253,False,False,False,True,False,False,False,True,False,True,False,False,False,False,False,False,False,False,False,True,False,False,False,False,False,False,False,False,False,False,False,False,False,False,False,False,False,1
2267.0,1.349797973151471,1.6211734378569798,-1.3790714539714282,1.6624163576061213,False,False,False,False,True,False,True,False,False,True,False,False,False,False,False,False,False,False,False,False,False,False,False,False,False,False,False,False,False,True,False,False,False,False,False,False,False,0
2268.0,0.34699995064507105,1.5511302280872503,-1.5881904996984264,-0.989835911852704,False,False,True,False,False,False,True,False,False,False,False,False,False,False,False,False,False,True,False,False,False,False,False,False,False,False,False,False,False,False,False,False,False,False,False,False,False,0
2269.0,-1.2288255132935577,-0.5501660650046353,-1.300819138824155,-1.2533182160215621,False,False,False,True,False,False,False,True,False,True,False,False,False,False,False,False,False,False,False,True,False,False,False,False,False,False,False,False,False,False,False,False,False,False,False,False,False,2
2270.0,-0.0827706304291004,0.2903524522321188,-0.48677044606492387,0.07197251728409117,False,False,True,False,False,False,True,False,False,True,False,False,False,True,False,False,False,False,False,False,False,False,False,False,False,False,False,False,False,False,False,False,False,False,False,False,False,1
2271.0,-0.9423117925774434,1.4110438085477912,1.1969135361803633,1.1475916925956464,False,False,True,False,False,False,False,False,True,False,False,False,False,False,False,False,False,False,False,False,False,False,True,False,False,False,False,False,False,False,False,False,False,False,False,False,False,0
2273.0,-1.2288255132935577,1.130870969468873,-0.27810516847447114,1.7285232329081992,False,False,True,False,False,False,False,False,False,True,False,False,False,False,False,True,False,False,False,False,False,False,False,False,False,False,False,False,False,False,False,False,False,False,False,False,False,0
2274.0,0.34699995064507105,1.5511302280872503,1.2371400814851228,0.3564312921917685,False,False,True,False,False,False,False,False,False,False,False,False,False,False,False,True,False,False,False,False,False,False,False,False,False,False,False,False,False,False,False,False,False,False,False,False,False,2
2276.0,-1.0855686529355004,-1.180554952932201,-1.0701234182044177,-0.47091355695751375,True,False,False,False,False,False,False,False,True,False,False,False,False,False,False,False,False,False,False,False,False,False,False,False,False,False,False,False,False,False,False,False,False,False,False,True,False,2
2277.0,0.06048622992895674,1.6211734378569798,1.4522375224111082,-0.14668600218473413,False,False,False,False,False,True,False,False,True,False,False,False,False,False,False,False,True,False,False,False,False,False,False,False,False,False,False,False,False,False,False,False,False,False,False,False,False,1
2278.0,1.4930548335095282,0.15026603269265998,1.3018701061633398,0.8801079074093361,False,True,False,False,False,False,False,True,False,True,False,False,False,False,False,False,False,False,False,False,False,True,False,False,False,False,False,False,False,False,False,False,False,False,False,False,False,1
2279.0,0.7767705317192425,-1.6708574213203076,1.3168784872795825,1.020829900206238,False,False,False,False,False,False,False,False,True,False,False,False,True,False,False,False,False,False,False,False,False,False,False,False,False,False,False,False,False,False,False,False,False,False,False,False,False,0
2280.0,-1.0855686529355004,-0.8303389040835536,-0.5646824351097879,-0.9315638166725267,False,True,False,False,False,False,True,False,False,True,False,False,False,False,False,False,False,False,False,False,True,False,False,False,False,False,False,False,False,False,False,False,False,False,False,False,False,0
2281.0,0.4902568110031282,-0.19995001615598762,0.4048272212299349,1.499104008682523,False,True,False,False,False,False,False,True,False,False,False,False,False,False,False,False,False,False,False,False,False,False,False,False,False,False,False,False,False,False,True,False,False,False,False,False,False,0
2282.0,0.9200273920772997,0.710611710850496,-0.13993277089636336,1.2814993802405934,False,False,False,True,False,False,False,True,False,True,False,False,False,False,False,False,False,False,False,True,False,False,False,False,False,False,False,False,False,False,False,False,False,False,False,False,False,0
2283.0,0.2037430902870139,0.8506981303899552,-0.30642030019491096,-1.6809882963642353,False,False,False,False,False,True,False,True,False,False,False,False,False,False,False,False,False,False,False,False,False,False,False,False,False,False,False,False,False,False,False,False,False,False,True,False,False,0
2284.0,0.4902568110031282,1.7612598573964389,0.9711865766557994,-1.2959886847000905,False,False,False,True,False,False,False,False,True,False,False,False,False,False,False,False,False,False,False,False,False,False,False,False,True,False,False,False,False,False,False,False,False,False,False,False,False,1
2285.0,0.34699995064507105,-0.7602956943138239,0.8111312106927845,-0.013867457670718496,False,False,False,False,False,True,False,True,False,True,False,False,False,False,False,False,False,False,True,False,False,False,False,False,False,False,False,False,False,False,False,False,False,False,False,False,False,0
2286.0,1.349797973151471,0.15026603269265998,-0.44631701669189167,-0.13645885271083807,False,False,False,False,True,False,False,False,True,False,False,False,False,False,False,False,False,False,False,False,False,False,False,False,False,False,False,True,False,False,False,False,False,False,False,False,False,0
2287.0,-1.2288255132935577,0.15026603269265998,1.0492233519382135,0.7267168225152425,False,False,False,False,True,False,False,False,True,True,False,False,False,False,False,False,False,False,False,False,False,False,False,False,False,False,False,False,True,False,False,False,False,False,False,False,False,2
2289.0,0.4902568110031282,-1.180554952932201,0.35897395103201113,0.5050736249047405,False,False,True,False,False,False,False,False,False,False,False,False,False,False,False,False,False,True,False,False,False,False,False,False,False,False,False,False,False,False,False,False,False,False,False,False,False,1
2290.0,1.6363116938675855,1.6912166476267096,-1.6293132370728631,0.40570271735095303,True,False,False,False,False,False,False,False,False,True,False,False,False,False,False,False,False,False,False,False,False,False,False,False,False,False,False,False,False,False,False,False,False,False,False,False,False,1
2291.0,1.349797973151471,1.270957389008332,1.1036528399168475,-0.9295177258007967,False,False,True,False,False,False,False,True,False,False,False,False,False,False,False,True,False,False,False,False,False,False,False,False,False,False,False,False,False,False,False,False,False,False,False,False,False,2
2292.0,1.206541112793414,0.010179613153200814,1.6443516072210633,0.14763858813047503,True,False,False,False,False,False,False,False,False,False,False,False,False,False,False,False,False,False,False,False,False,False,False,False,False,False,False,False,False,False,False,False,False,False,False,True,False,2
2293.0,1.349797973151471,0.3603956620018484,-0.15760703981481097,-0.9693298363771093,False,False,False,True,False,False,True,False,False,True,False,False,False,False,False,False,False,False,False,True,False,False,False,False,False,False,False,False,False,False,False,False,False,False,False,False,False,0
2294.0,1.206541112793414,-0.9704253236230124,0.45325562560275445,-1.2319576442325226,True,False,False,False,False,False,True,False,False,False,False,False,False,False,False,False,False,False,False,False,False,False,False,False,False,False,False,False,False,False,False,False,False,False,False,True,False,0
2295.0,-0.655798071861329,0.15026603269265998,-0.08611586990206589,0.25487805907253036,False,False,False,True,False,False,False,False,True,True,False,False,False,False,False,False,False,False,False,False,False,False,False,False,True,False,False,False,False,False,False,False,False,False,False,False,False,1
2297.0,0.4902568110031282,0.0802228229229304,1.547029686135465,-0.9179576061430564,False,True,False,False,False,False,True,False,False,True,False,False,False,False,False,False,False,False,False,False,False,False,False,False,False,False,False,False,False,False,True,False,False,False,False,False,False,1
2298.0,1.4930548335095282,1.7612598573964389,1.122892608906377,-0.5049109064150462,False,False,False,False,True,False,False,True,False,False,False,False,False,False,False,False,False,False,False,False,False,False,False,False,False,False,True,False,False,False,False,False,False,False,False,False,False,0
2299.0,-0.36928435114521474,0.4304388717715777,-0.35976074464583563,-0.8494440403217184,False,False,False,False,True,False,False,False,False,False,False,False,False,False,False,False,False,False,False,False,False,False,False,False,False,False,True,False,False,False,False,False,False,False,False,False,False,1
2300.0,-0.36928435114521474,-0.4100796454651764,-1.4699158349078392,-0.8149549974547734,False,True,False,False,False,False,True,False,False,True,False,False,False,False,False,False,False,False,False,False,True,False,False,False,False,False,False,False,False,False,False,False,False,False,False,False,False,1
2301.0,-1.5153392340096719,0.9907845499294143,1.4762872336480202,-0.3344772652668501,True,False,False,False,False,False,True,False,False,False,False,False,False,False,False,False,False,False,False,False,False,False,False,False,False,False,False,False,False,False,False,False,False,False,False,True,False,1
2302.0,-0.5125412115032719,-1.1105117431624716,-1.0154783903609248,0.703918258649086,True,False,False,False,False,False,False,True,False,True,False,False,False,False,False,False,False,False,False,False,False,False,False,False,False,False,False,False,False,False,False,False,False,False,False,False,False,0
2303.0,0.6335136713611853,-0.4100796454651764,-0.13361404959496714,-1.6091279839160224,False,False,False,True,False,False,False,False,True,False,False,False,False,False,False,False,False,False,False,False,False,False,False,False,False,True,False,False,False,False,False,False,False,False,False,False,False,1
2304.0,-0.22602749078715756,-0.5501660650046353,1.3473490176486136,1.5944205570628054,False,False,True,False,False,False,False,True,False,True,False,False,False,False,False,False,False,False,False,False,False,False,True,False,False,False,False,False,False,False,False,False,False,False,False,False,False,0
2305.0,-0.36928435114521474,-0.19995001615598762,-1.2493164553262397,-1.583050239955726,False,False,False,True,False,False,False,False,True,True,False,False,False,False,True,False,False,False,False,False,False,False,False,False,False,False,False,False,False,False,False,False,False,False,False,False,False,2
2307.0,0.6335136713611853,-0.05986359661652877,1.0686332839789476,1.3755314300800805,False,False,False,False,True,False,False,False,True,True,False,False,False,False,False,False,False,False,False,False,False,False,False,False,False,False,False,False,False,True,False,False,False,False,False,False,False,1
2308.0,-1.2288255132935577,1.0608277596991436,0.9843912294292738,0.08517773513015714,False,True,False,False,False,False,True,False,False,True,False,False,False,False,False,False,False,False,False,False,False,False,False,True,False,False,False,False,False,False,False,False,False,False,False,False,False,0
2309.0,0.4902568110031282,0.2903524522321188,0.09117134104626483,-1.2665851250496907,False,False,False,False,True,False,True,False,False,False,False,False,False,False,False,False,False,False,False,False,False,False,False,False,False,False,False,True,False,False,False,False,False,False,False,False,False,1
2310.0,1.0632842524353567,-0.5501660650046353,-1.1374852980745986,0.22700870036651077,False,False,False,False,False,True,False,False,False,True,False,False,False,False,False,False,True,False,False,False,False,False,False,False,False,False,False,False,False,False,False,False,False,False,False,False,False,0
2312.0,1.206541112793414,-0.9003821138532828,1.3873259904782729,1.2477858836624307,False,False,True,False,False,False,False,False,True,False,False,False,False,True,False,False,False,False,False,False,False,False,False,False,False,False,False,False,False,False,False,False,False,False,False,False,False,2
2313.0,-1.0855686529355004,-0.9704253236230124,-0.8282196246120064,0.17729552227863055,False,False,False,True,False,False,False,False,True,True,False,False,False,False,True,False,False,False,False,False,False,False,False,False,False,False,False,False,False,False,False,False,False,False,False,False,False,2
2314.0,-0.9423117925774434,0.010179613153200814,-0.044686839035460835,-0.3117418614204241,False,True,False,False,False,False,False,True,False,True,False,False,False,False,False,False,False,False,False,False,False,False,False,True,False,False,False,False,False,False,False,False,False,False,False,False,False,2
2315.0,0.6335136713611853,-0.8303389040835536,-1.216270790782313,1.179872705237948,False,False,True,False,False,False,False,False,False,True,False,False,False,False,False,False,False,False,False,False,False,False,True,False,False,False,False,False,False,False,False,False,False,False,False,False,False,1
2316.0,-1.6585960943677291,-1.7409006310900372,-0.010245837471656633,1.6775428151221243,False,False,False,True,False,False,False,False,False,True,False,False,False,False,False,False,False,False,False,True,False,False,False,False,False,False,False,False,False,False,False,False,False,False,False,False,False,1
2317.0,0.9200273920772997,0.5004820815413076,1.1617578498015,0.5059384030818627,True,False,False,False,False,False,False,False,False,True,False,False,False,False,False,False,False,False,False,False,False,False,False,False,False,False,False,False,False,False,False,False,False,False,False,False,True,2
2318.0,-1.2288255132935577,0.0802228229229304,-0.7201433986902795,1.3057928536435075,False,False,False,False,True,False,False,True,False,True,False,False,False,False,False,False,False,False,False,False,False,False,False,False,False,False,False,False,False,True,False,False,False,False,False,False,False,2
2319.0,0.6335136713611853,-0.19995001615598762,-0.9518487534138306,0.3441841237147518,True,False,False,False,False,False,False,False,True,True,False,False,False,False,False,False,False,False,False,False,False,False,False,False,False,False,False,False,False,False,False,False,False,False,False,False,False,0
2320.0,-0.5125412115032719,1.6211734378569798,0.31992720288227,0.6618210038705523,False,False,False,False,False,False,False,False,True,True,False,True,False,False,False,False,False,False,False,False,False,False,False,False,False,False,False,False,False,False,False,False,False,False,False,False,False,0
2321.0,1.6363116938675855,0.2903524522321188,-1.1902698765582551,0.6561667132670175,False,False,False,False,False,True,False,False,True,False,False,False,False,False,False,False,False,False,False,False,False,False,False,False,False,False,False,False,False,False,False,True,False,False,False,False,False,2
2323.0,-0.655798071861329,-1.2505981627019307,0.9364279373964134,-0.6246450449812011,False,True,False,False,False,False,False,False,False,True,False,False,False,False,False,False,False,False,False,False,False,False,False,True,False,False,False,False,False,False,False,False,False,False,False,False,False,1
2324.0,0.34699995064507105,0.22030924246238925,1.576161600501687,0.2636914522908344,False,False,True,False,False,False,True,False,False,False,False,False,False,False,False,False,False,True,False,False,False,False,False,False,False,False,False,False,False,False,False,False,False,False,False,False,False,2
2325.0,-0.7990549322193862,1.270957389008332,-0.02048965315417152,0.3281385410279051,False,True,False,False,False,False,False,True,False,True,False,False,False,False,False,False,False,False,False,False,False,False,False,True,False,False,False,False,False,False,False,False,False,False,False,False,False,0
2326.0,-0.9423117925774434,0.2903524522321188,-1.3825314360125878,-0.645373282154103,False,False,False,False,True,False,False,True,False,True,False,False,False,False,False,False,False,False,False,False,False,False,False,False,False,False,False,False,False,True,False,False,False,False,False,False,False,0
2327.0,-1.6585960943677291,0.7806549206202252,1.4191237926466995,-0.5240410482050034,False,False,False,True,False,False,False,False,False,True,False,False,False,False,False,False,False,False,False,False,False,False,False,False,False,True,False,False,False,False,False,False,False,False,False,False,False,0
2328.0,0.34699995064507105,-0.4100796454651764,-1.6220869794983759,0.9145925437632768,True,False,False,False,False,False,True,False,False,True,False,False,False,False,False,False,False,False,False,False,False,False,False,False,False,False,False,False,False,False,False,False,False,False,False,False,False,0
2329.0,1.4930548335095282,-1.3906845822413896,-1.654746941126239,0.28832863370809486,False,False,False,False,False,False,False,False,True,True,False,False,False,False,False,False,False,False,False,False,False,False,False,False,False,False,False,False,False,False,False,False,False,True,False,False,False,0
2330.0,-0.7990549322193862,-0.12990680638625834,1.594006032471339,-1.2239756131343904,False,False,False,False,False,False,False,False,False,True,False,True,False,False,False,False,False,False,False,False,False,False,False,False,False,False,False,False,False,False,False,False,False,False,False,False,False,0
2331.0,0.6335136713611853,-0.3400364356954468,0.24638273215165649,1.177590498711063,False,False,False,False,True,False,False,True,False,False,False,False,False,False,False,False,False,False,False,False,False,False,False,False,False,False,False,False,True,False,False,False,False,False,False,False,False,2
2332.0,-1.5153392340096719,1.270957389008332,-1.3293271220026266,1.3362378192006243,False,False,False,False,False,False,False,True,False,False,False,False,False,False,False,False,False,False,False,False,False,False,False,False,False,False,False,False,False,False,False,False,True,False,False,False,False,0
2333.0,-0.5125412115032719,-0.9003821138532828,0.5622961088146405,-0.11836864798992927,False,False,False,False,True,False,False,True,False,False,False,False,False,False,False,False,False,False,False,False,False,False,False,False,False,False,True,False,False,False,False,False,False,False,False,False,False,0
2334.0,-0.5125412115032719,1.6211734378569798,1.3540194092558324,-1.0157256445914775,False,True,False,False,False,False,False,False,True,False,False,False,False,False,False,False,False,False,False,False,False,False,False,True,False,False,False,False,False,False,False,False,False,False,False,False,False,0
2335.0,0.06048622992895674,1.6211734378569798,-0.18422054102320512,1.5612182159931576,True,False,False,False,False,False,False,True,False,False,True,False,False,False,False,False,False,False,False,False,False,False,False,False,False,False,False,False,False,False,False,False,False,False,False,False,False,0
2336.0,-0.9423117925774434,-0.9003821138532828,-1.1340139718300255,1.3332909636289028,False,False,True,False,False,False,False,False,True,True,False,False,False,False,False,False,False,True,False,False,False,False,False,False,False,False,False,False,False,False,False,False,False,False,False,False,False,2
2337.0,-0.9423117925774434,-0.5501660650046353,-1.644072045714006,-0.8919738677935214,False,False,False,True,False,False,False,False,True,True,False,False,False,False,False,False,False,False,False,False,False,False,False,False,True,False,False,False,False,False,False,False,False,False,False,False,False,1
2338.0,1.0632842524353567,1.4110438085477912,-1.3433712458287101,-1.411019605052836,False,False,True,False,False,False,False,False,True,True,False,False,False,False,False,False,False,False,False,False,False,False,True,False,False,False,False,False,False,False,False,False,False,False,False,False,False,1
2339.0,1.0632842524353567,1.6211734378569798,0.7447676207230036,-0.20728179855592158,False,True,False,False,False,False,False,False,False,True,False,False,False,False,False,False,False,False,False,False,False,False,False,False,False,False,False,False,False,False,True,False,False,False,False,False,False,1
2341.0,-1.3720823736516148,-0.6202092747743648,0.7364523196208071,-1.1326557720491381,False,False,False,False,False,False,True,False,False,False,False,False,False,False,False,False,False,False,False,False,False,False,False,False,False,False,False,False,False,False,False,False,False,True,False,False,False,0
2342.0,0.6335136713611853,0.0802228229229304,0.6482738264866009,0.045839691911239086,False,False,False,False,False,True,False,True,False,False,False,False,False,False,False,False,False,False,True,False,False,False,False,False,False,False,False,False,False,False,False,False,False,False,False,False,False,1
2343.0,0.6335136713611853,0.6405685010807668,-1.5289624136758238,-0.2604397681850251,False,True,False,False,False,False,False,False,False,True,False,False,False,False,False,False,False,False,False,False,True,False,False,False,False,False,False,False,False,False,False,False,False,False,False,False,False,1
2344.0,-0.0827706304291004,-0.7602956943138239,-1.2243251752059956,1.3621811645142852,False,True,False,False,False,False,False,True,False,True,False,False,False,False,False,False,False,False,False,False,False,False,False,False,False,False,False,False,False,False,True,False,False,False,False,False,False,2
2345.0,0.4902568110031282,0.8506981303899552,0.019532696489142454,-0.24595849761475572,True,False,False,False,False,False,False,False,True,True,False,False,False,False,False,False,False,False,False,False,False,False,False,False,False,False,False,False,False,False,False,False,False,False,False,False,True,2
2346.0,0.34699995064507105,-1.5307710017808487,-0.302472517406965,0.11757625478591069,False,False,True,False,False,False,False,False,False,False,False,False,False,True,False,False,False,False,False,False,False,False,False,False,False,False,False,False,False,False,False,False,False,False,False,False,False,2
2348.0,1.4930548335095282,-0.4100796454651764,0.1599285579363232,-0.6990255156585384,False,True,False,False,False,False,False,False,True,True,False,False,False,False,False,False,False,False,False,False,False,False,False,True,False,False,False,False,False,False,False,False,False,False,False,False,False,0
2349.0,-1.6585960943677291,-0.48012285523490594,1.2823013552748146,-0.7363552905756814,False,False,False,False,False,False,False,True,False,False,False,True,False,False,False,False,False,False,False,False,False,False,False,False,False,False,False,False,False,False,False,False,False,False,False,False,False,0
2350.0,0.6335136713611853,-0.6202092747743648,-0.8021960219811214,1.0448817498127416,False,False,False,False,False,False,True,False,False,True,False,True,False,False,False,False,False,False,False,False,False,False,False,False,False,False,False,False,False,False,False,False,False,False,False,False,False,2
2351.0,-1.3720823736516148,0.010179613153200814,0.14926500672750373,-0.7763054718927997,False,False,False,True,False,False,False,False,True,False,False,False,False,False,False,False,False,False,False,True,False,False,False,False,False,False,False,False,False,False,False,False,False,False,False,False,False,1
2352.0,0.34699995064507105,-0.6202092747743648,-1.149249237014541,1.1574582424220121,False,False,False,False,True,False,True,False,False,False,False,False,False,False,False,False,False,False,False,False,False,False,False,False,False,False,True,False,False,False,False,False,False,False,False,False,False,2
2353.0,-1.2288255132935577,-1.040468533392742,-0.777533723759873,-1.4112223046510406,False,False,False,False,True,False,False,False,True,True,False,False,False,False,False,False,False,False,False,False,False,False,False,False,False,False,True,False,False,False,False,False,False,False,False,False,False,0
2354.0,-1.2288255132935577,-0.6902524845440944,1.3807690409051903,-1.3563634210022217,False,False,False,False,False,True,False,False,False,False,False,False,False,False,False,False,False,False,True,False,False,False,False,False,False,False,False,False,False,False,False,False,False,False,False,False,False,2
2355.0,0.7767705317192425,1.6912166476267096,-0.624931499439618,1.399759907416179,False,False,False,False,True,False,False,False,True,False,False,False,False,False,False,False,False,False,False,False,False,False,False,False,False,False,False,False,True,False,False,False,False,False,False,False,False,1
2356.0,0.6335136713611853,-0.26999322592571723,1.5159579129855114,0.14212089943007766,True,False,False,False,False,False,False,False,False,True,True,False,False,False,False,False,False,False,False,False,False,False,False,False,False,False,False,False,False,False,False,False,False,False,False,False,False,0
2357.0,0.9200273920772997,-0.19995001615598762,0.7917099344486367,0.7630790006184928,False,False,False,False,False,True,False,False,True,False,False,False,False,False,False,False,True,False,False,False,False,False,False,False,False,False,False,False,False,False,False,False,False,False,False,False,False,1
2358.0,-0.22602749078715756,0.2903524522321188,-0.756206621342234,-0.9585794134839355,False,False,False,True,False,False,False,False,True,True,False,False,False,False,True,False,False,False,False,False,False,False,False,False,False,False,False,False,False,False,False,False,False,False,False,False,False,1
2359.0,1.0632842524353567,1.6912166476267096,-1.4711069762662712,-1.1644509666326999,False,False,False,False,False,False,False,True,False,False,False,False,True,False,False,False,False,False,False,False,False,False,False,False,False,False,False,False,False,False,False,False,False,False,False,False,False,0
2361.0,-0.655798071861329,0.6405685010807668,1.3715802361401437,-0.4934433235303991,False,False,True,False,False,False,True,False,False,True,False,False,False,False,False,False,False,False,False,False,False,False,True,False,False,False,False,False,False,False,False,False,False,False,False,False,False,2
2362.0,0.2037430902870139,0.7806549206202252,-1.2950109066763724,-0.15712062497925638,False,False,False,False,False,False,True,False,False,False,False,True,False,False,False,False,False,False,False,False,False,False,False,False,False,False,False,False,False,False,False,False,False,False,False,False,False,1
2363.0,-1.6585960943677291,0.3603956620018484,1.2317402406602311,-1.6469175050232954,True,False,False,False,False,False,False,False,True,False,False,False,False,False,False,False,False,False,False,False,False,False,False,False,False,False,False,False,False,False,False,False,False,False,False,False,True,1
2364.0,0.2037430902870139,-1.4607277920111192,0.43825858868992534,-0.39835628103576487,False,False,False,False,False,False,False,False,True,True,False,False,False,False,False,False,False,False,False,False,False,False,False,False,False,False,False,False,False,False,False,False,True,False,False,False,False,1
2365.0,-1.5153392340096719,0.6405685010807668,-0.038141233665791856,0.9431669445500073,True,False,False,False,False,False,False,False,True,False,True,False,False,False,False,False,False,False,False,False,False,False,False,False,False,False,False,False,False,False,False,False,False,False,False,False,False,2
2366.0,1.4930548335095282,-1.5307710017808487,-1.2232361316782865,1.12051256855509,True,False,False,False,False,False,False,False,False,False,False,False,False,False,False,False,False,False,False,False,False,False,False,False,False,False,False,False,False,False,False,False,False,False,False,False,False,1
2367.0,-1.2288255132935577,0.3603956620018484,-0.3397949466378332,0.6931013708514282,True,False,False,False,False,False,False,False,False,False,False,False,False,False,False,False,False,False,False,False,False,False,False,False,False,False,False,False,False,False,False,False,False,False,False,False,True,1
2368.0,1.6363116938675855,0.8506981303899552,-1.553000780709322,0.6701643690350492,False,False,False,True,False,False,False,True,False,True,False,False,False,False,False,False,False,False,False,False,False,False,False,False,False,True,False,False,False,False,False,False,False,False,False,False,False,2
2370.0,-0.9423117925774434,1.2009141792386029,-0.0030536125074103002,0.13345916370101008,True,False,False,False,False,False,True,False,False,True,False,False,False,False,False,False,False,False,False,False,False,False,False,False,False,False,False,False,False,False,False,False,False,False,False,True,False,0
2371.0,-1.6585960943677291,-1.6008142115505781,0.32609844953928896,0.8461660065737765,False,False,True,False,False,False,True,False,False,False,False,False,False,False,False,True,False,False,False,False,False,False,False,False,False,False,False,False,False,False,False,False,False,False,False,False,False,0
2372.0,0.6335136713611853,1.2009141792386029,-0.46362827110110283,-0.8817874785649163,False,False,False,False,False,True,False,True,False,False,False,False,False,False,False,False,True,False,False,False,False,False,False,False,False,False,False,False,False,False,False,False,False,False,False,False,False,1
2373.0,-0.655798071861329,-0.12990680638625834,-0.371524683585778,-0.9368523666966929,False,True,False,False,False,False,True,False,False,True,False,False,False,False,False,False,False,False,False,False,False,True,False,False,False,False,False,False,False,False,False,False,False,False,False,False,False,0
2374.0,0.9200273920772997,-0.9704253236230124,0.7257207031915058,1.5693056361939797,False,False,False,False,False,True,False,True,False,True,False,False,False,False,False,False,False,False,True,False,False,False,False,False,False,False,False,False,False,False,False,False,False,False,False,False,False,2
2375.0,1.206541112793414,-1.2505981627019307,1.200430239238591,-1.6479012590515374,True,False,False,False,False,False,False,False,True,False,False,False,False,False,False,False,False,False,False,False,False,False,False,False,False,False,False,False,False,False,False,False,False,False,False,False,False,1
2376.0,-1.6585960943677291,1.6211734378569798,-0.15672219194854722,-1.2579733298013398,False,False,True,False,False,False,True,False,False,False,False,False,False,False,False,False,False,False,False,False,False,False,True,False,False,False,False,False,False,False,False,False,False,False,False,False,False,1
2377.0,-1.0855686529355004,-1.4607277920111192,0.03742250527244918,0.24510147555333855,False,False,False,False,False,False,False,False,True,False,False,False,False,False,False,False,False,False,False,False,False,False,False,False,False,False,False,False,False,False,False,False,True,False,False,False,False,1
2378.0,0.4902568110031282,-1.040468533392742,-0.8542318830394777,0.8294319062299852,False,False,True,False,False,False,False,False,False,False,False,False,False,False,False,False,False,False,False,False,False,False,True,False,False,False,False,False,False,False,False,False,False,False,False,False,False,0
2379.0,-0.9423117925774434,-0.5501660650046353,0.4495460710864949,0.13193010368846822,True,False,False,False,False,False,True,False,False,True,False,False,False,False,False,False,False,False,False,False,False,False,False,False,False,False,False,False,False,False,False,False,False,False,False,True,False,0
2380.0,-0.655798071861329,0.4304388717715777,1.4247618617432776,-0.5058601427580867,False,False,True,False,False,False,False,False,False,False,False,False,False,False,False,False,False,True,False,False,False,False,False,False,False,False,False,False,False,False,False,False,False,False,False,False,False,0
2381.0,0.06048622992895674,0.15026603269265998,-0.9836352113788436,1.6671621721119065,False,False,False,False,True,False,True,False,False,False,False,False,False,False,False,False,False,False,False,False,False,False,False,False,False,False,False,True,False,False,False,False,False,False,False,False,False,1
2382.0,0.4902568110031282,-1.32064137247166,-0.5720334789218252,0.7108856901279449,False,False,True,False,False,False,False,False,True,True,False,False,False,False,False,False,False,False,False,False,False,False,True,False,False,False,False,False,False,False,False,False,False,False,False,False,False,2
2383.0,-1.3720823736516148,-0.7602956943138239,1.5280054570107946,1.1558010263229246,True,False,False,False,False,False,False,True,False,True,False,False,False,False,False,False,False,False,False,False,False,False,False,False,False,False,False,False,False,False,False,False,False,False,False,False,False,1
2384.0,0.9200273920772997,-0.9003821138532828,0.4340612334268794,-1.604096480483782,False,False,False,True,False,False,False,False,True,False,False,False,False,False,False,False,False,False,False,True,False,False,False,False,False,False,False,False,False,False,False,False,False,False,False,False,False,2
2385.0,-0.0827706304291004,-0.9704253236230124,1.2467826543867149,-0.9214923639914542,False,False,False,False,True,False,False,False,True,True,False,False,False,False,False,False,False,False,False,False,False,False,False,False,False,False,False,True,False,False,False,False,False,False,False,False,False,1
2386.0,0.4902568110031282,-0.26999322592571723,-0.5144503023942,-0.43920539100578976,False,False,True,False,False,False,False,False,True,False,False,False,False,True,False,False,False,False,False,False,False,False,False,False,False,False,False,False,False,False,False,False,False,False,False,False,False,2
2387.0,-0.22602749078715756,0.710611710850496,-1.011337756114947,-1.107494215584349,False,True,False,False,False,False,True,False,False,False,False,False,False,False,False,False,False,False,False,False,False,False,False,False,False,False,False,False,False,False,True,False,False,False,False,False,False,1
2388.0,-0.36928435114521474,-0.9704253236230124,1.1940661411235403,-1.4901888537377526,False,True,False,False,False,False,False,True,False,True,False,False,False,False,False,False,False,False,False,False,False,False,False,True,False,False,False,False,False,False,False,False,False,False,False,False,False,1
2389.0,1.0632842524353567,-0.48012285523490594,-0.9861309361298438,-0.9592671967220457,False,False,True,False,False,False,False,False,False,True,False,False,False,False,False,True,False,False,False,False,False,False,False,False,False,False,False,False,False,False,False,False,False,False,False,False,False,2
2390.0,-1.2288255132935577,-0.3400364356954468,1.448709475149467,0.11708492858591507,False,False,False,True,False,False,False,False,True,False,False,False,False,False,False,False,False,False,False,True,False,False,False,False,False,False,False,False,False,False,False,False,False,False,False,False,False,2
2391.0,-0.0827706304291004,1.6912166476267096,1.3296520603233386,0.6826028536183418,False,False,False,False,False,False,True,False,False,True,False,False,False,False,False,False,False,False,False,False,False,False,False,False,False,False,False,False,False,False,False,False,False,True,False,False,False,2
2392.0,1.4930548335095282,1.6211734378569798,-1.2725607281207834,0.9556667531059455,True,False,False,False,False,False,False,False,False,False,False,False,False,False,False,False,False,False,False,False,False,False,False,False,False,False,False,False,False,False,False,False,False,False,False,True,False,2
2393.0,-1.5153392340096719,1.0608277596991436,-0.20710179930851247,-1.5947150142973219,False,True,False,False,False,False,False,False,True,False,False,False,False,False,False,False,False,False,False,False,True,False,False,False,False,False,False,False,False,False,False,False,False,False,False,False,False,2
2394.0,1.6363116938675855,-0.9003821138532828,0.46610860807040605,-0.2514717798021485,False,False,False,False,False,False,False,False,False,False,False,False,False,False,False,False,False,False,False,False,False,False,False,False,False,False,False,False,False,False,False,False,False,True,False,False,False,2
2396.0,0.9200273920772997,-0.6202092747743648,1.4310352062310192,-0.24025904025292516,False,False,False,False,False,False,False,False,False,False,False,False,False,False,False,False,False,False,False,False,False,False,False,False,False,False,False,False,False,False,False,False,False,True,False,False,False,2
2397.0,-1.0855686529355004,-0.8303389040835536,-1.3944655380037345,-0.23057682955391184,False,False,False,False,True,False,False,False,False,False,False,False,False,False,False,False,False,False,False,False,False,False,False,False,False,False,False,False,False,True,False,False,False,False,False,False,False,1
2398.0,-0.655798071861329,0.010179613153200814,-1.2266847695160323,-0.006490954901280236,False,False,False,False,False,True,False,True,False,False,False,False,False,False,False,False,False,False,False,False,False,False,False,False,False,False,False,False,False,False,False,False,False,False,True,False,False,2
2399.0,-0.7990549322193862,0.9907845499294143,0.33174786283928054,1.3701330844402204,False,True,False,False,False,False,False,True,False,True,False,False,False,False,False,False,False,False,False,False,False,False,False,True,False,False,False,False,False,False,False,False,False,False,False,False,False,2
2401.0,1.6363116938675855,1.2009141792386029,-0.27235365734375677,0.4766967827843759,True,False,False,False,False,False,True,False,False,False,False,False,False,False,False,False,False,False,False,False,False,False,False,False,False,False,False,False,False,False,False,False,False,False,False,True,False,1
2402.0,1.4930548335095282,-0.48012285523490594,-0.6644433599293182,1.3442371091413572,False,False,False,True,False,False,False,True,False,False,False,False,False,False,True,False,False,False,False,False,False,False,False,False,False,False,False,False,False,False,False,False,False,False,False,False,False,0
2403.0,-1.3720823736516148,0.6405685010807668,1.3890049325834914,0.6223335064189005,False,False,False,False,True,False,False,False,False,True,False,False,False,False,False,False,False,False,False,False,False,False,False,False,False,False,False,False,True,False,False,False,False,False,False,False,False,0
2404.0,0.7767705317192425,-0.6202092747743648,1.4645006063012505,1.1120696896385764,False,False,True,False,False,False,False,True,False,False,False,False,False,False,False,True,False,False,False,False,False,False,False,False,False,False,False,False,False,False,False,False,False,False,False,False,False,2
2406.0,1.4930548335095282,0.710611710850496,1.3939169726615965,0.08772102755255516,False,False,False,True,False,False,False,False,True,True,False,False,False,False,True,False,False,False,False,False,False,False,False,False,False,False,False,False,False,False,False,False,False,False,False,False,False,0
2407.0,0.9200273920772997,-1.7409006310900372,0.712720246079477,0.7815085068407436,False,False,False,True,False,False,False,True,False,True,False,False,False,False,False,False,False,False,False,False,False,False,False,False,False,True,False,False,False,False,False,False,False,False,False,False,False,0
2408.0,0.9200273920772997,-0.3400364356954468,1.3677458953863342,-1.6758113780028485,False,False,True,False,False,False,False,True,False,False,False,False,False,False,False,False,False,False,False,False,False,False,True,False,False,False,False,False,False,False,False,False,False,False,False,False,False,2
2409.0,0.7767705317192425,-0.6202092747743648,-0.23059564457815623,0.6638777438153761,False,False,False,False,True,False,False,False,False,False,False,False,False,False,False,False,False,False,False,False,False,False,False,False,False,False,True,False,False,False,False,False,False,False,False,False,False,0
2410.0,1.0632842524353567,0.710611710850496,-0.10831647598255496,1.5155597642881997,False,False,False,False,False,False,False,True,False,False,False,False,True,False,False,False,False,False,False,False,False,False,False,False,False,False,False,False,False,False,False,False,False,False,False,False,False,2
2411.0,0.4902568110031282,0.9207413401596845,-0.8424225672858808,0.7460823455415202,False,False,False,False,False,False,False,False,False,True,False,False,True,False,False,False,False,False,False,False,False,False,False,False,False,False,False,False,False,False,False,False,False,False,False,False,False,1
2412.0,-0.655798071861329,-0.6902524845440944,0.9412492238472094,-1.6161427854096793,False,False,False,True,False,False,False,True,False,True,False,False,False,False,True,False,False,False,False,False,False,False,False,False,False,False,False,False,False,False,False,False,False,False,False,False,False,1
2413.0,-1.6585960943677291,1.130870969468873,0.335491449965781,-0.4262469378879727,False,False,False,False,False,False,False,True,False,False,False,True,False,False,False,False,False,False,False,False,False,False,False,False,False,False,False,False,False,False,False,False,False,False,False,False,False,0
2414.0,0.6335136713611853,-0.6902524845440944,1.4181935679667812,1.0797185399976208,False,False,False,False,False,True,True,False,False,True,False,False,False,False,False,False,False,False,True,False,False,False,False,False,False,False,False,False,False,False,False,False,False,False,False,False,False,1
2415.0,-0.0827706304291004,-0.19995001615598762,0.4791771304029167,1.5995985770524432,False,False,False,True,False,False,False,True,False,False,False,False,False,False,False,False,False,False,False,True,False,False,False,False,False,False,False,False,False,False,False,False,False,False,False,False,False,1
2416.0,1.206541112793414,0.7806549206202252,-0.6358899999371921,-0.45318615514063787,False,False,False,True,False,False,False,False,False,False,False,False,False,False,True,False,False,False,False,False,False,False,False,False,False,False,False,False,False,False,False,False,False,False,False,False,False,1
2417.0,-0.22602749078715756,0.710611710850496,1.054067326795837,1.1899996065409932,True,False,False,False,False,False,False,False,False,True,True,False,False,False,False,False,False,False,False,False,False,False,False,False,False,False,False,False,False,False,False,False,False,False,False,False,False,1
2418.0,-1.0855686529355004,1.6912166476267096,1.450490515085408,1.268894549791383,False,False,False,False,False,False,False,False,True,False,False,False,False,False,False,False,False,False,False,False,False,False,False,False,False,False,False,False,False,False,False,False,True,False,False,False,False,2
2419.0,-0.0827706304291004,-0.9704253236230124,1.4617099322614957,-1.3144137844093369,False,False,False,False,True,False,False,False,True,True,False,False,False,False,False,False,False,False,False,False,False,False,False,False,False,False,False,False,True,False,False,False,False,False,False,False,False,2
2420.0,0.6335136713611853,0.5705252913110368,-1.242317081820025,1.2060268287569877,False,False,False,True,False,False,True,False,False,True,False,False,False,False,True,False,False,False,False,False,False,False,False,False,False,False,False,False,False,False,False,False,False,False,False,False,False,0
2421.0,-0.9423117925774434,0.3603956620018484,-1.5896198693285448,-0.6133548242449829,False,False,False,False,True,False,False,False,False,False,False,False,False,False,False,False,False,False,False,False,False,False,False,False,False,False,False,False,True,False,False,False,False,False,False,False,False,1
2422.0,-1.6585960943677291,1.4810870183175204,1.456253370419536,0.32500624470058,False,False,False,False,False,True,False,False,False,True,False,False,False,False,False,False,False,False,True,False,False,False,False,False,False,False,False,False,False,False,False,False,False,False,False,False,False,1
2423.0,-1.0855686529355004,-1.180554952932201,0.3961035288048475,0.13566645950681921,True,False,False,False,False,False,False,False,False,False,False,False,False,False,False,False,False,False,False,False,False,False,False,False,False,False,False,False,False,False,False,False,False,False,False,False,True,1
2425.0,-1.0855686529355004,0.22030924246238925,0.36369313965208444,0.8386058990958195,False,False,False,False,True,False,False,False,False,False,False,False,False,False,False,False,False,False,False,False,False,False,False,False,False,False,True,False,False,False,False,False,False,False,False,False,False,2
2426.0,1.349797973151471,-0.7602956943138239,-0.41794516395438364,-0.2064882590057047,False,False,False,True,False,False,False,False,True,False,False,False,False,False,False,False,False,False,False,True,False,False,False,False,False,False,False,False,False,False,False,False,False,False,False,False,False,1
2427.0,1.6363116938675855,-0.05986359661652877,-0.014704109413216267,1.3543658464914876,False,False,False,False,False,True,True,False,False,False,False,False,False,False,False,False,False,False,False,False,False,False,False,False,False,False,False,False,False,False,False,False,False,False,True,False,False,2
2428.0,-1.6585960943677291,-0.5501660650046353,-1.4522188775825644,1.0794295461864127,False,True,False,False,False,False,False,False,True,True,False,False,False,False,False,False,False,False,False,False,True,False,False,False,False,False,False,False,False,False,False,False,False,False,False,False,False,0
2429.0,0.7767705317192425,0.2903524522321188,-0.7991103986526119,0.9954359001804646,False,False,False,False,False,True,False,False,True,False,False,False,False,False,False,False,False,False,True,False,False,False,False,False,False,False,False,False,False,False,False,False,False,False,False,False,False,2
2430.0,0.4902568110031282,1.341000598778062,-0.979142906827043,-0.145907885430033,False,False,False,False,False,True,True,False,False,True,False,False,False,False,False,False,False,False,True,False,False,False,False,False,False,False,False,False,False,False,False,False,False,False,False,False,False,1
2431.0,-0.5125412115032719,0.22030924246238925,-0.5715456781750388,-1.6134247013047718,True,False,False,False,False,False,False,True,False,True,False,False,False,False,False,False,False,False,False,False,False,False,False,False,False,False,False,False,False,False,False,False,False,False,False,False,False,2
2432.0,0.9200273920772997,0.5004820815413076,1.2456142014351101,-0.027265827670145976,False,False,True,False,False,False,False,True,False,True,False,False,False,False,False,False,False,True,False,False,False,False,False,False,False,False,False,False,False,False,False,False,False,False,False,False,False,2
2433.0,1.349797973151471,0.0802228229229304,1.061577189455665,1.3897207691638056,False,True,False,False,False,False,False,False,True,True,False,False,False,False,False,False,False,False,False,False,False,False,False,False,False,False,False,False,False,False,True,False,False,False,False,False,False,0
2434.0,-1.0855686529355004,-1.5307710017808487,0.9403303433707048,-1.0801139798218224,False,False,False,False,False,False,False,True,False,True,False,True,False,False,False,False,False,False,False,False,False,False,False,False,False,False,False,False,False,False,False,False,False,False,False,False,False,0
2435.0,-1.5153392340096719,-0.9003821138532828,-0.10143054451047685,1.6832661410960623,False,False,False,False,False,False,False,False,False,False,False,False,False,False,False,False,False,False,False,False,False,False,False,False,False,False,False,False,False,False,False,False,False,True,False,False,False,0
2436.0,0.34699995064507105,0.010179613153200814,0.3290025656131802,1.07312309165822,False,False,False,False,True,False,True,False,False,True,False,False,False,False,False,False,False,False,False,False,False,False,False,False,False,False,False,False,False,True,False,False,False,False,False,False,False,0
2438.0,-1.2288255132935577,-1.1105117431624716,1.4131340532442989,0.6177683589462968,True,False,False,False,False,False,False,False,False,False,False,False,False,False,False,False,False,False,False,False,False,False,False,False,False,False,False,False,False,False,False,False,False,False,False,False,False,2
2439.0,-1.6585960943677291,0.010179613153200814,-0.04053486058606942,0.3033364825823951,True,False,False,False,False,False,False,True,False,True,False,False,False,False,False,False,False,False,False,False,False,False,False,False,False,False,False,False,False,False,False,False,False,False,False,False,True,0
2440.0,0.06048622992895674,-0.6202092747743648,0.40919473954418545,0.769553637059688,False,False,False,False,False,False,False,False,False,False,False,True,False,False,False,False,False,False,False,False,False,False,False,False,False,False,False,False,False,False,False,False,False,False,False,False,False,0
2441.0,1.0632842524353567,-0.8303389040835536,1.3599183950309242,-0.2726839989867054,False,False,False,False,True,False,False,True,False,False,False,False,False,False,False,False,False,False,False,False,False,False,False,False,False,False,False,False,True,False,False,False,False,False,False,False,False,1
2442.0,1.349797973151471,-0.12990680638625834,-1.1606728498520742,1.2042814823978112,False,False,False,False,True,False,False,False,True,True,False,False,False,False,False,False,False,False,False,False,False,False,False,False,False,False,False,False,False,True,False,False,False,False,False,False,False,1
2444.0,0.34699995064507105,1.4810870183175204,-0.3325006238428641,0.9460113486943758,False,True,False,False,False,False,True,False,False,True,False,False,False,False,False,False,False,False,False,False,True,False,False,False,False,False,False,False,False,False,False,False,False,False,False,False,False,2
2445.0,1.4930548335095282,1.270957389008332,-1.4840507123612319,1.0200870355555725,False,False,True,False,False,False,False,False,True,True,False,False,False,False,False,False,False,True,False,False,False,False,False,False,False,False,False,False,False,False,False,False,False,False,False,False,False,0
2446.0,0.2037430902870139,0.710611710850496,-1.549211816769167,-1.4233119402881482,False,True,False,False,False,False,False,False,False,True,False,False,False,False,False,False,False,False,False,False,True,False,False,False,False,False,False,False,False,False,False,False,False,False,False,False,False,2
2447.0,1.4930548335095282,-1.3906845822413896,-0.2506068193998132,-1.5503950409174636,False,False,False,True,False,False,False,False,False,False,False,False,False,False,False,False,False,False,False,False,False,False,False,False,True,False,False,False,False,False,False,False,False,False,False,False,False,2
2448.0,0.9200273920772997,0.9907845499294143,0.31572984761922407,1.0497336878400512,False,False,False,True,False,False,False,True,False,False,False,False,False,False,True,False,False,False,False,False,False,False,False,False,False,False,False,False,False,False,False,False,False,False,False,False,False,1
2449.0,1.349797973151471,1.0608277596991436,-1.7035837368219495,-0.8396388144679976,False,False,True,False,False,False,False,False,True,False,False,False,False,True,False,False,False,False,False,False,False,False,False,False,False,False,False,False,False,False,False,False,False,False,False,False,False,0
2450.0,1.6363116938675855,0.9207413401596845,-0.923431523862668,0.285698312653859,False,False,False,False,False,False,False,False,True,False,False,True,False,False,False,False,False,False,False,False,False,False,False,False,False,False,False,False,False,False,False,False,False,False,False,False,False,0
2451.0,1.0632842524353567,-1.32064137247166,0.5810594212607973,-0.19661656824750015,False,False,True,False,False,False,False,False,True,True,False,False,False,False,False,True,False,False,False,False,False,False,False,False,False,False,False,False,False,False,False,False,False,False,False,False,False,2
2452.0,1.6363116938675855,0.5004820815413076,1.1067271190419432,-1.6676137949769152,True,False,False,False,False,False,False,False,True,True,False,False,False,False,False,False,False,False,False,False,False,False,False,False,False,False,False,False,False,False,False,False,False,False,False,True,False,0
2453.0,0.7767705317192425,1.2009141792386029,-0.37799087953155147,-1.6039764030044108,False,False,False,True,False,False,False,True,False,False,False,False,False,False,True,False,False,False,False,False,False,False,False,False,False,False,False,False,False,False,False,False,False,False,False,False,False,1
2454.0,-0.36928435114521474,0.2903524522321188,0.5117349942000571,1.1409205991163356,False,False,False,False,False,True,True,False,False,True,False,False,False,False,False,False,False,False,True,False,False,False,False,False,False,False,False,False,False,False,False,False,False,False,False,False,False,1
2455.0,-0.5125412115032719,0.5004820815413076,1.392771208116819,0.37537966532029254,False,False,False,False,False,True,False,False,True,False,False,False,False,False,False,False,False,False,False,False,False,False,False,False,False,False,False,False,False,False,False,True,False,False,False,False,False,0
2456.0,-0.655798071861329,-0.12990680638625834,-1.6601921587647852,0.08292380372838414,False,False,False,False,False,False,False,True,False,True,False,False,False,False,False,False,False,False,False,False,False,False,False,False,False,False,False,False,False,False,False,False,False,True,False,False,False,0
2457.0,-0.36928435114521474,0.0802228229229304,-0.36349298756892245,1.5498652024466262,True,False,False,False,False,False,True,False,False,True,True,False,False,False,False,False,False,False,False,False,False,False,False,False,False,False,False,False,False,False,False,False,False,False,False,False,False,1
2458.0,0.6335136713611853,-1.6008142115505781,-0.2895287813120043,-1.1405871282477194,False,True,False,False,False,False,True,False,False,True,False,False,False,False,False,False,False,False,False,False,True,False,False,False,False,False,False,False,False,False,False,False,False,False,False,False,False,0
2459.0,-1.5153392340096719,0.5004820815413076,-1.3488391518740837,-0.8445686008917187,True,False,False,False,False,False,False,True,False,True,True,False,False,False,False,False,False,False,False,False,False,False,False,False,False,False,False,False,False,False,False,False,False,False,False,False,False,2
2460.0,-0.9423117925774434,-1.4607277920111192,-1.1308943158912752,0.8953790454356524,False,False,False,False,False,True,False,False,True,True,False,False,False,False,False,False,False,False,True,False,False,False,False,False,False,False,False,False,False,False,False,False,False,False,False,False,False,0
2461.0,-1.0855686529355004,-0.19995001615598762,0.07938471369949521,0.9599028809408838,False,False,False,False,False,True,True,False,False,False,False,False,False,False,False,False,False,False,False,False,False,False,False,False,False,False,False,False,False,False,False,True,False,False,False,False,False,2
2462.0,-0.5125412115032719,-0.6902524845440944,0.7973253151383873,-0.33201769659153646,False,False,False,True,False,False,False,False,True,False,False,False,False,False,False,False,False,False,False,True,False,False,False,False,False,False,False,False,False,False,False,False,False,False,False,False,False,0
2463.0,-1.0855686529355004,0.15026603269265998,0.06265201366437953,1.5729810352491025,True,False,False,False,False,False,False,False,True,True,False,False,False,False,False,False,False,False,False,False,False,False,False,False,False,False,False,False,False,False,False,False,False,False,False,True,False,0
2464.0,0.7767705317192425,-1.2505981627019307,1.3942346103571783,1.5285938625459263,True,False,False,False,False,False,False,False,False,False,False,False,False,False,False,False,False,False,False,False,False,False,False,False,False,False,False,False,False,False,False,False,False,False,False,False,False,1
2465.0,1.0632842524353567,0.710611710850496,-1.6744631666591414,-1.701206112447456,False,False,False,False,False,True,False,False,True,True,False,False,False,False,False,False,False,False,False,False,False,False,False,False,False,False,False,False,False,False,False,True,False,False,False,False,False,2
2466.0,-0.5125412115032719,1.0608277596991436,-0.1497114742389191,-1.1433331202683217,False,True,False,False,False,False,False,False,False,True,False,False,False,False,False,False,False,False,False,False,True,False,False,False,False,False,False,False,False,False,False,False,False,False,False,False,False,1
2467.0,0.6335136713611853,-1.180554952932201,-0.9729376275597832,1.1168298253116267,False,False,False,False,False,False,True,False,False,True,False,False,False,False,False,False,False,False,False,False,False,False,False,False,False,False,False,False,False,False,False,False,False,True,False,False,False,0
2468.0,0.6335136713611853,-1.3906845822413896,1.69055654772481,-0.5750971111309877,False,False,False,False,True,False,False,True,False,True,False,False,False,False,False,False,False,False,False,False,False,False,False,False,False,False,False,False,False,True,False,False,False,False,False,False,False,1
2469.0,-0.0827706304291004,-1.2505981627019307,-0.19537189297881102,-1.4114767807770472,False,False,False,False,False,False,False,False,False,False,False,False,False,False,False,False,False,False,False,False,False,False,False,False,False,False,False,False,False,False,False,False,False,True,False,False,False,0
2470.0,-0.7990549322193862,1.341000598778062,-1.1635996543327929,0.9939641248369805,True,False,False,False,False,False,False,True,False,True,False,False,False,False,False,False,False,False,False,False,False,False,False,False,False,False,False,False,False,False,False,False,False,False,False,True,False,0
2471.0,-1.3720823736516148,0.0802228229229304,0.1010181096093024,-0.158687507561753,False,False,False,False,False,False,True,False,False,False,False,False,False,False,False,False,False,False,False,False,False,False,False,False,False,False,False,False,False,False,False,False,False,True,False,False,False,0
2472.0,-0.36928435114521474,-0.12990680638625834,-0.7134843512864742,-0.02672749866476994,False,False,False,False,False,True,False,False,True,True,False,False,False,False,False,False,False,False,True,False,False,False,False,False,False,False,False,False,False,False,False,False,False,False,False,False,False,2
2474.0,-1.3720823736516148,0.5004820815413076,-0.41191004773832834,0.5610282614539976,True,False,False,False,False,False,False,True,False,False,False,False,False,False,False,False,False,False,False,False,False,False,False,False,False,False,False,False,False,False,False,False,False,False,False,True,False,2
2475.0,0.4902568110031282,1.270957389008332,0.7126068040453406,0.17850253963243112,True,False,False,False,False,False,True,False,False,True,False,False,False,False,False,False,False,False,False,False,False,False,False,False,False,False,False,False,False,False,False,False,False,False,False,True,False,1
2476.0,-1.5153392340096719,1.130870969468873,-1.5014980972114067,-1.0235207660963381,False,False,False,False,True,False,False,False,True,True,False,False,False,False,False,False,False,False,False,False,False,False,False,False,False,False,False,False,True,False,False,False,False,False,False,False,False,0
2477.0,1.6363116938675855,0.4304388717715777,-0.7616064621671256,-0.557254405557162,False,False,False,False,True,False,True,False,False,False,False,False,False,False,False,False,False,False,False,False,False,False,False,False,False,False,False,False,True,False,False,False,False,False,False,False,False,1
2478.0,-0.36928435114521474,-1.4607277920111192,0.8261169034021999,0.33770985448297336,False,False,False,True,False,False,False,False,True,False,False,False,False,False,False,False,False,False,False,False,False,False,False,False,False,True,False,False,False,False,False,False,False,False,False,False,False,1
2479.0,-0.9423117925774434,-1.32064137247166,-1.214603192880508,1.4819097949391844,True,False,False,False,False,False,False,False,False,False,False,False,False,False,False,False,False,False,False,False,False,False,False,False,False,False,False,False,False,False,False,False,False,False,False,True,False,0
2480.0,1.349797973151471,-1.6008142115505781,1.136233392120815,1.466225913528119,False,True,False,False,False,False,False,True,False,True,False,False,False,False,False,False,False,False,False,False,False,False,False,True,False,False,False,False,False,False,False,False,False,False,False,False,False,1
2482.0,1.4930548335095282,-1.2505981627019307,-1.386626693444911,0.8217087577708643,True,False,False,False,False,False,False,False,True,False,False,False,False,False,False,False,False,False,False,False,False,False,False,False,False,False,False,False,False,False,False,False,False,False,False,False,False,0
2483.0,-0.7990549322193862,-0.8303389040835536,1.5017322819048096,0.9608928775292152,False,False,True,False,False,False,True,False,False,False,False,False,False,False,False,False,False,True,False,False,False,False,False,False,False,False,False,False,False,False,False,False,False,False,False,False,False,0
2484.0,0.34699995064507105,-0.4100796454651764,-0.6626850084002044,1.0770735305667036,False,False,False,True,False,False,False,False,False,True,False,False,False,False,False,False,False,False,False,False,False,False,False,False,True,False,False,False,False,False,False,False,False,False,False,False,False,0
2485.0,-0.9423117925774434,1.5511302280872503,0.4651443507802468,0.24660115881251735,False,False,True,False,False,False,False,False,True,True,False,False,False,False,False,False,False,True,False,False,False,False,False,False,False,False,False,False,False,False,False,False,False,False,False,False,False,1
2486.0,1.0632842524353567,0.4304388717715777,-0.5446031950676491,-1.7078401177756455,False,False,False,False,False,True,False,False,False,False,False,False,False,False,False,False,False,False,False,False,False,False,False,False,False,False,False,False,False,False,False,True,False,False,False,False,False,1
2487.0,-0.5125412115032719,1.2009141792386029,-1.5390474105105476,0.9126026359323535,False,False,False,False,True,False,False,False,False,False,False,False,False,False,False,False,False,False,False,False,False,False,False,False,False,False,True,False,False,False,False,False,False,False,False,False,False,1
2489.0,1.0632842524353567,-1.32064137247166,0.8155667942275169,-1.33679262791182,True,False,False,False,False,False,False,False,True,False,False,False,False,False,False,False,False,False,False,False,False,False,False,False,False,False,False,False,False,False,False,False,False,False,False,True,False,1
2490.0,-0.0827706304291004,0.8506981303899552,-1.0540146493570521,0.3682187144786548,False,False,True,False,False,False,True,False,False,True,False,False,False,False,False,False,False,False,False,False,False,False,True,False,False,False,False,False,False,False,False,False,False,False,False,False,False,1
2491.0,0.9200273920772997,-0.7602956943138239,-0.0419415418093605,1.6865038265260772,False,False,False,False,False,False,False,True,False,True,False,False,False,False,False,False,False,False,False,False,False,False,False,False,False,False,False,False,False,False,False,False,True,False,False,False,False,2
2492.0,1.0632842524353567,0.5004820815413076,-0.8426607955575672,-0.8984007670105022,False,False,False,False,False,True,False,True,False,True,False,False,False,False,False,False,False,False,False,False,False,False,False,False,False,False,False,False,False,False,False,True,False,False,False,False,False,0
2493.0,-1.3720823736516148,-0.5501660650046353,-0.028226399882272463,0.508407151992602,False,False,False,False,True,False,False,False,True,True,False,False,False,False,False,False,False,False,False,False,False,False,False,False,False,False,False,False,True,False,False,False,False,False,False,False,False,0
2494.0,0.34699995064507105,1.7612598573964389,-0.6289813800582866,-0.6852044876201017,False,True,False,False,False,False,False,False,False,False,False,False,False,False,False,False,False,False,False,False,False,False,False,True,False,False,False,False,False,False,False,False,False,False,False,False,False,0
2495.0,-1.5153392340096719,-0.8303389040835536,0.14009889036928444,1.390699382260209,False,False,False,True,False,False,False,False,True,True,False,False,False,False,False,False,False,False,False,True,False,False,False,False,False,False,False,False,False,False,False,False,False,False,False,False,False,2
2496.0,1.206541112793414,-0.7602956943138239,-1.4473635585215274,0.3259800840745619,False,False,False,False,False,False,False,False,True,False,False,False,False,False,False,False,False,False,False,False,False,False,False,False,False,False,False,False,False,False,False,False,True,False,False,False,False,1
2497.0,-1.5153392340096719,1.5511302280872503,-0.8228538163973558,-1.0207145517313416,False,False,False,False,False,False,False,True,False,True,False,True,False,False,False,False,False,False,False,False,False,False,False,False,False,False,False,False,False,False,False,False,False,False,False,False,False,1
2499.0,-1.3720823736516148,0.710611710850496,0.8953732652424584,-0.23579267211350477,False,False,False,False,False,False,False,False,False,True,False,False,False,False,False,False,False,False,False,False,False,False,False,False,False,False,False,False,False,False,False,False,True,False,False,False,False,1
2500.0,-0.9423117925774434,0.7806549206202252,-0.7856788618108649,-1.3187494259962922,False,False,False,False,False,True,False,False,False,False,False,False,False,False,False,False,False,False,False,False,False,False,False,False,False,False,False,False,False,False,False,False,False,False,True,False,False,2
